Datetime,Open,High,Low,Close,Volume,Return
2021-04-01 07:00:00,1.1724,1.1741,1.1712,1.174,718.0,0.14501407489551088
2021-04-01 11:00:00,1.1741,1.1749,1.1723,1.1739,893.0,-0.008517887563885829
2021-04-01 15:00:00,1.174,1.1773,1.1737,1.1771,1240.0,0.2725956214328473
2021-04-01 19:00:00,1.177,1.1779,1.1765,1.1775,487.0,0.033981819726447426
2021-04-01 23:00:00,1.1774,1.1781,1.177,1.1776,172.0,0.008492569002127581
2021-04-02 03:00:00,1.1777,1.1782,1.1768,1.1778,367.0,0.016983695652172948
2021-04-02 07:00:00,1.1777,1.178,1.1768,1.1776,294.0,-0.016980811682798524
2021-04-02 11:00:00,1.1775,1.1785,1.1771,1.1772,363.0,-0.033967391304345895
2021-04-02 15:00:00,1.1773,1.1783,1.1748,1.1759,675.0,-0.1104315324498839
2021-04-02 19:00:00,1.176,1.1763,1.1756,1.176,172.0,0.008504124500374743
2021-04-02 23:00:00,1.1759,1.1763,1.1759,1.176,38.0,0.0
2021-04-04 03:00:00,1.176,1.176,1.176,1.176,3.0,0.0
2021-04-04 19:00:00,1.176,1.176,1.176,1.176,5.0,0.0
2021-04-04 23:00:00,1.1755,1.1766,1.1754,1.1766,231.0,0.05102040816327147
2021-04-05 03:00:00,1.1765,1.177,1.176,1.1769,317.0,0.025497195308510356
2021-04-05 07:00:00,1.1768,1.1769,1.174,1.1741,342.0,-0.23791316169599064
2021-04-05 11:00:00,1.1742,1.1758,1.1737,1.1757,450.0,0.13627459330551872
2021-04-05 15:00:00,1.1758,1.1813,1.1755,1.1809,831.0,0.442289699753351
2021-04-05 19:00:00,1.1808,1.1818,1.1806,1.1812,291.0,0.025404352612401482
2021-04-05 23:00:00,1.1811,1.1816,1.1808,1.1816,177.0,0.033863867253636215
2021-04-06 03:00:00,1.1817,1.182,1.1798,1.1801,457.0,-0.12694651320244166
2021-04-06 07:00:00,1.1802,1.1819,1.1795,1.1819,655.0,0.15252944665706814
2021-04-06 11:00:00,1.1818,1.182,1.1794,1.1804,917.0,-0.1269142905491183
2021-04-06 15:00:00,1.1803,1.1852,1.1803,1.1849,957.0,0.3812267028126204
2021-04-06 19:00:00,1.185,1.1873,1.1845,1.1872,472.0,0.19410920752804817
2021-04-06 23:00:00,1.1871,1.1876,1.1868,1.1872,287.0,0.0
2021-04-07 03:00:00,1.1873,1.1877,1.1864,1.1866,420.0,-0.05053908355794334
2021-04-07 07:00:00,1.1865,1.1881,1.1863,1.1878,815.0,0.10112927692564888
2021-04-07 11:00:00,1.1877,1.1897,1.1864,1.1888,863.0,0.08418925745075079
2021-04-07 15:00:00,1.1887,1.1913,1.1876,1.1888,1200.0,0.0
2021-04-07 19:00:00,1.1887,1.1889,1.1859,1.1871,575.0,-0.1430013458950219
2021-04-07 23:00:00,1.187,1.1873,1.1866,1.1871,207.0,0.0
2021-04-08 03:00:00,1.1872,1.1873,1.1859,1.1869,344.0,-0.016847780304940496
2021-04-08 07:00:00,1.187,1.1891,1.1866,1.1883,547.0,0.11795433482180151
2021-04-08 11:00:00,1.1881,1.1883,1.186,1.1878,792.0,-0.04207691660355062
2021-04-08 15:00:00,1.1877,1.1909,1.187,1.1903,1236.0,0.21047314362687697
2021-04-08 19:00:00,1.1902,1.1926,1.1902,1.1912,440.0,0.07561119045620401
2021-04-08 23:00:00,1.1911,1.1918,1.1909,1.1914,265.0,0.016789791806570697
2021-04-09 03:00:00,1.1913,1.1919,1.1902,1.1906,375.0,-0.06714789323484238
2021-04-09 07:00:00,1.1905,1.1905,1.1883,1.1897,683.0,-0.07559213841761281
2021-04-09 11:00:00,1.1896,1.1899,1.188,1.1894,787.0,-0.025216441119602084
2021-04-09 15:00:00,1.1893,1.1897,1.1866,1.1895,1191.0,0.00840760047082778
2021-04-09 19:00:00,1.1894,1.1909,1.1891,1.1902,356.0,0.058848255569565744
2021-04-09 23:00:00,1.1901,1.1904,1.1899,1.1899,44.0,-0.025205847756681887
2021-04-11 19:00:00,1.1899,1.1899,1.1899,1.1899,9.0,0.0
2021-04-11 23:00:00,1.1894,1.1902,1.1891,1.1895,222.0,-0.033616270274805515
2021-04-12 03:00:00,1.1896,1.1902,1.1884,1.1891,573.0,-0.033627574611172495
2021-04-12 07:00:00,1.189,1.1893,1.1871,1.1872,636.0,-0.1597847111260653
2021-04-12 11:00:00,1.1871,1.1917,1.187,1.1905,747.0,0.2779649595687106
2021-04-12 15:00:00,1.1906,1.1917,1.1901,1.1906,927.0,0.00839983200338068
2021-04-12 19:00:00,1.1905,1.1918,1.1898,1.1907,435.0,0.0083991264908434
2021-04-12 23:00:00,1.1908,1.1915,1.1906,1.191,211.0,0.02519526329050059
2021-04-13 03:00:00,1.1911,1.1911,1.1889,1.1889,433.0,-0.17632241813602123
2021-04-13 07:00:00,1.189,1.1907,1.1882,1.1902,591.0,0.10934477247874774
2021-04-13 11:00:00,1.1901,1.1903,1.1884,1.1895,844.0,-0.05881364476557627
2021-04-13 15:00:00,1.1893,1.1942,1.1877,1.1937,1434.0,0.35308953341739446
2021-04-13 19:00:00,1.1938,1.1954,1.1935,1.1954,482.0,0.14241434196196057
2021-04-13 23:00:00,1.1953,1.1954,1.1947,1.1952,190.0,-0.016730801405384632
2021-04-14 03:00:00,1.1953,1.1962,1.1951,1.1957,418.0,0.04183400267736559
2021-04-14 07:00:00,1.1956,1.1972,1.1954,1.1956,669.0,-0.008363301831559866
2021-04-14 11:00:00,1.1955,1.197,1.195,1.1957,790.0,0.008364001338234672
2021-04-14 15:00:00,1.1958,1.1975,1.1951,1.1973,955.0,0.13381282930502447
2021-04-14 19:00:00,1.1972,1.1986,1.1968,1.1978,561.0,0.04176062807983438
2021-04-14 23:00:00,1.1977,1.1983,1.1974,1.1982,160.0,0.033394556687249555
2021-04-15 03:00:00,1.1981,1.1988,1.1971,1.1973,407.0,-0.07511266900349645
2021-04-15 07:00:00,1.1974,1.1989,1.1968,1.1978,527.0,0.04176062807983438
2021-04-15 11:00:00,1.1977,1.1992,1.196,1.1966,639.0,-0.10018367006177087
2021-04-15 15:00:00,1.1967,1.1982,1.1955,1.1962,1291.0,-0.03342804613072348
2021-04-15 19:00:00,1.1961,1.1976,1.1956,1.1973,579.0,0.09195786657749672
2021-04-15 23:00:00,1.1972,1.1974,1.1964,1.1968,205.0,-0.041760628079845485
2021-04-16 03:00:00,1.1967,1.1973,1.1949,1.1956,444.0,-0.10026737967915311
2021-04-16 07:00:00,1.1955,1.1987,1.1955,1.1985,1201.0,0.24255603880896093
2021-04-16 11:00:00,1.1986,1.1993,1.1968,1.1981,1188.0,-0.03337505214850989
2021-04-16 15:00:00,1.198,1.1992,1.1973,1.1977,1077.0,-0.03338619480843796
2021-04-16 19:00:00,1.1978,1.1982,1.1971,1.198,351.0,0.025048008683303813
2021-04-18 19:00:00,1.1981,1.1981,1.1981,1.1981,3.0,0.008347245409012771
2021-04-18 23:00:00,1.1973,1.1977,1.1967,1.1968,211.0,-0.10850513312743448
2021-04-19 03:00:00,1.1967,1.1974,1.1941,1.1955,576.0,-0.10862299465240755
2021-04-19 07:00:00,1.1956,1.2019,1.1954,1.2017,928.0,0.5186114596403169
2021-04-19 11:00:00,1.2016,1.2046,1.2012,1.2036,1416.0,0.15810934509445929
2021-04-19 15:00:00,1.2035,1.2039,1.2014,1.2026,1341.0,-0.08308408109006793
2021-04-19 19:00:00,1.2027,1.204,1.2026,1.2036,514.0,0.08315316813571894
2021-04-19 23:00:00,1.2035,1.2042,1.2031,1.2042,214.0,0.04985044865404298
2021-04-20 03:00:00,1.2041,1.207,1.2036,1.2065,609.0,0.19099817306094113
2021-04-20 07:00:00,1.2066,1.2078,1.2047,1.2068,994.0,0.024865312888544544
2021-04-20 11:00:00,1.2067,1.2071,1.2043,1.2053,1085.0,-0.12429565793835584
2021-04-20 15:00:00,1.2052,1.2055,1.2025,1.2042,1474.0,-0.09126358582925986
2021-04-20 19:00:00,1.2043,1.2043,1.2021,1.2032,584.0,-0.08304268393953818
2021-04-20 23:00:00,1.2031,1.2035,1.2028,1.2031,198.0,-0.008311170212760288
2021-04-21 03:00:00,1.203,1.2042,1.2027,1.2029,507.0,-0.01662372205136764
2021-04-21 07:00:00,1.2028,1.2034,1.2002,1.201,799.0,-0.15795161692576665
2021-04-21 11:00:00,1.2009,1.2015,1.1997,1.2005,926.0,-0.041631973355549245
2021-04-21 15:00:00,1.2006,1.2038,1.1998,1.2032,1304.0,0.2249062890462339
2021-04-21 19:00:00,1.2031,1.2034,1.2025,1.2033,413.0,0.008311170212760288
2021-04-21 23:00:00,1.2032,1.2036,1.2031,1.2036,151.0,0.024931438544006923
2021-04-22 03:00:00,1.2037,1.2045,1.2031,1.2035,536.0,-0.008308408109003462
2021-04-22 07:00:00,1.2036,1.2048,1.2028,1.2043,728.0,0.06647278770253173
2021-04-22 11:00:00,1.2042,1.2057,1.2021,1.2043,953.0,0.0
2021-04-22 15:00:00,1.2044,1.2068,1.2001,1.201,2022.0,-0.27401810180186503
2021-04-22 19:00:00,1.2009,1.2016,1.1992,1.2012,1037.0,0.016652789342219698
2021-04-22 23:00:00,1.2013,1.2017,1.2012,1.2013,180.0,0.00832500832501637
2021-04-23 03:00:00,1.2014,1.2025,1.2011,1.202,527.0,0.05827020727544596
2021-04-23 07:00:00,1.2021,1.2055,1.202,1.2053,788.0,0.27454242928453
2021-04-23 11:00:00,1.2054,1.2061,1.2048,1.2057,814.0,0.03318675848336117
2021-04-23 15:00:00,1.2056,1.2074,1.2045,1.2067,1381.0,0.08293937131957918
2021-04-23 19:00:00,1.2068,1.2099,1.2067,1.2098,513.0,0.2568989806911226
2021-04-23 23:00:00,1.2097,1.2099,1.2093,1.2096,89.0,-0.016531658125307214
2021-04-24 19:00:00,1.2096,1.2096,1.2096,1.2096,6.0,0.0
2021-04-25 07:00:00,1.2096,1.2096,1.2096,1.2096,1.0,0.0
2021-04-25 23:00:00,1.2092,1.2097,1.2087,1.2088,193.0,-0.0661375661375585
2021-04-26 03:00:00,1.2089,1.2116,1.2087,1.2109,599.0,0.17372600926539583
2021-04-26 07:00:00,1.211,1.2114,1.2087,1.2096,807.0,-0.10735816334958015
2021-04-26 11:00:00,1.2095,1.2108,1.2079,1.2081,881.0,-0.12400793650794162
2021-04-26 15:00:00,1.208,1.2086,1.206,1.2081,1299.0,0.0
2021-04-26 19:00:00,1.2082,1.2092,1.2079,1.2088,481.0,0.05794222332589083
2021-04-26 23:00:00,1.2087,1.2091,1.2078,1.2078,276.0,-0.08272667107876996
2021-04-27 03:00:00,1.2077,1.2083,1.2064,1.2068,532.0,-0.08279516476237259
2021-04-27 07:00:00,1.2067,1.2079,1.2064,1.2069,664.0,0.008286377195898531
2021-04-27 11:00:00,1.207,1.209,1.2055,1.2087,921.0,0.1491424310216205
2021-04-27 15:00:00,1.2086,1.2089,1.2072,1.2077,1202.0,-0.08273351534707762
2021-04-27 19:00:00,1.2076,1.2088,1.2068,1.2087,694.0,0.08280202036929918
2021-04-27 23:00:00,1.2088,1.2092,1.2084,1.2088,269.0,0.008273351534704432
2021-04-28 03:00:00,1.2087,1.2088,1.2074,1.2075,511.0,-0.10754467240239318
2021-04-28 07:00:00,1.2074,1.2077,1.2055,1.2072,661.0,-0.02484472049689712
2021-04-28 11:00:00,1.2071,1.2078,1.2063,1.2071,1117.0,-0.008283631544070413
2021-04-28 15:00:00,1.2072,1.2101,1.2056,1.2096,1474.0,0.2071079446607449
2021-04-28 19:00:00,1.2097,1.2133,1.2064,1.2128,1836.0,0.2645502645502784
2021-04-28 23:00:00,1.2127,1.2134,1.2119,1.2134,311.0,0.049472295514507714
2021-04-29 03:00:00,1.2133,1.2148,1.2122,1.2124,406.0,-0.08241305422780343
2021-04-29 07:00:00,1.2125,1.2135,1.2111,1.2114,872.0,-0.08248102936323498
2021-04-29 11:00:00,1.2115,1.2132,1.211,1.2127,1165.0,0.10731385174176378
2021-04-29 15:00:00,1.2128,1.2134,1.2101,1.2109,1856.0,-0.14842912509275275
2021-04-29 19:00:00,1.211,1.2128,1.2106,1.2127,625.0,0.14864976463786483
2021-04-29 23:00:00,1.2126,1.2127,1.2118,1.2123,231.0,-0.03298425002060679
2021-04-30 03:00:00,1.2122,1.2125,1.2114,1.2116,451.0,-0.05774148313123506
2021-04-30 07:00:00,1.2115,1.2119,1.2098,1.21,728.0,-0.1320567844173004
2021-04-30 11:00:00,1.2101,1.2103,1.2076,1.2079,937.0,-0.1735537190082681
2021-04-30 15:00:00,1.208,1.2091,1.2023,1.2029,2115.0,-0.4139415514529232
2021-04-30 19:00:00,1.2028,1.2035,1.2015,1.2022,794.0,-0.05819270097265905
2021-04-30 23:00:00,1.2021,1.2024,1.2018,1.202,74.0,-0.016636167027117565
2021-05-02 19:00:00,1.202,1.202,1.202,1.202,5.0,0.0
2021-05-02 23:00:00,1.2026,1.2029,1.2022,1.2026,149.0,0.04991680532444587
2021-05-03 03:00:00,1.2025,1.2034,1.2017,1.2021,433.0,-0.041576584067848366
2021-05-03 07:00:00,1.202,1.2041,1.2012,1.2034,772.0,0.10814408119126373
2021-05-03 11:00:00,1.2035,1.2056,1.203,1.2044,839.0,0.08309788931359918
2021-05-03 15:00:00,1.2045,1.2074,1.204,1.2057,1304.0,0.10793756227167606
2021-05-03 19:00:00,1.2056,1.2066,1.205,1.2062,548.0,0.041469685659767386
2021-05-03 23:00:00,1.2063,1.2063,1.2055,1.2058,181.0,-0.03316199635217121
2021-05-04 03:00:00,1.2059,1.2059,1.2038,1.2038,324.0,-0.16586498590147603
2021-05-04 07:00:00,1.2039,1.2041,1.2006,1.2014,784.0,-0.19936866589134183
2021-05-04 11:00:00,1.2015,1.202,1.1998,1.2019,1121.0,0.04161811220242395
2021-05-04 15:00:00,1.2018,1.2034,1.2,1.2013,1913.0,-0.04992095848239675
2021-05-04 19:00:00,1.2012,1.2023,1.2008,1.2014,918.0,0.008324315325070053
2021-05-04 23:00:00,1.2013,1.2019,1.2009,1.2013,260.0,-0.00832362244048701
2021-05-05 03:00:00,1.2014,1.2025,1.2013,1.2023,360.0,0.08324315325063392
2021-05-05 07:00:00,1.2022,1.2024,1.1985,1.1993,852.0,-0.24952174997919796
2021-05-05 11:00:00,1.1992,1.2018,1.1986,1.2008,960.0,0.12507295922621342
2021-05-05 15:00:00,1.2009,1.2011,1.199,1.2,1519.0,-0.06662225183212689
2021-05-05 19:00:00,1.2001,1.2004,1.199,1.2001,533.0,0.008333333333343518
2021-05-05 23:00:00,1.2003,1.2007,1.2001,1.2006,194.0,0.04166319473377644
2021-05-06 03:00:00,1.2007,1.201,1.1992,1.1997,461.0,-0.07496251874061777
2021-05-06 07:00:00,1.1998,1.2027,1.1997,1.2024,719.0,0.22505626406601476
2021-05-06 11:00:00,1.2023,1.2053,1.2021,1.205,1101.0,0.21623419827014878
2021-05-06 15:00:00,1.2051,1.207,1.2046,1.2048,1434.0,-0.016597510373439484
2021-05-06 19:00:00,1.2047,1.2063,1.2043,1.2062,506.0,0.11620185922973647
2021-05-06 23:00:00,1.2061,1.2065,1.2058,1.2064,229.0,0.016580998176096706
2021-05-07 03:00:00,1.2063,1.2068,1.2058,1.2067,405.0,0.024867374005310694
2021-05-07 07:00:00,1.2066,1.2088,1.2051,1.2076,798.0,0.07458357503935531
2021-05-07 11:00:00,1.2075,1.2089,1.2064,1.2065,848.0,-0.09108976482279374
2021-05-07 15:00:00,1.2064,1.2164,1.2057,1.2163,2839.0,0.8122668876916705
2021-05-07 19:00:00,1.2164,1.217,1.214,1.2166,1001.0,0.024664967524445913
2021-05-07 23:00:00,1.2165,1.2166,1.2161,1.2161,85.0,-0.04109814236396003
2021-05-09 23:00:00,1.2162,1.2176,1.216,1.2169,240.0,0.0657840638105478
2021-05-10 03:00:00,1.2168,1.2169,1.215,1.2153,579.0,-0.13148163365930277
2021-05-10 07:00:00,1.2154,1.2162,1.2135,1.2146,953.0,-0.0575989467621274
2021-05-10 11:00:00,1.2147,1.2174,1.2138,1.2162,1085.0,0.13173061090070437
2021-05-10 15:00:00,1.2161,1.2177,1.2151,1.2168,1599.0,0.04933399111990422
2021-05-10 19:00:00,1.2169,1.2171,1.2139,1.214,744.0,-0.2301117685733156
2021-05-10 23:00:00,1.2139,1.2142,1.2126,1.2139,263.0,-0.008237232289953766
2021-05-11 03:00:00,1.214,1.2148,1.2125,1.2138,793.0,-0.008237910865804832
2021-05-11 07:00:00,1.2139,1.2146,1.2122,1.214,843.0,0.016477179106932915
2021-05-11 11:00:00,1.2141,1.217,1.214,1.2167,1089.0,0.22240527182866288
2021-05-11 15:00:00,1.2166,1.218,1.2147,1.2168,1776.0,0.008218952905414412
2021-05-11 19:00:00,1.2167,1.2169,1.2145,1.2148,784.0,-0.16436554898093814
2021-05-11 23:00:00,1.2147,1.2149,1.2143,1.2143,233.0,-0.0411590385248739
2021-05-12 03:00:00,1.2144,1.2148,1.2114,1.2115,623.0,-0.23058552252325226
2021-05-12 07:00:00,1.2116,1.2143,1.2115,1.2132,838.0,0.14032191498143387
2021-05-12 11:00:00,1.2131,1.2135,1.2116,1.2116,1018.0,-0.13188262446423016
2021-05-12 15:00:00,1.2117,1.2151,1.2064,1.2072,3506.0,-0.36315615714757055
2021-05-12 19:00:00,1.2071,1.2081,1.2064,1.2074,1972.0,0.016567263088140827
2021-05-12 23:00:00,1.2075,1.2078,1.2068,1.2076,507.0,0.016564518800721295
2021-05-13 03:00:00,1.2077,1.2087,1.2069,1.2075,1129.0,-0.008280887711165086
2021-05-13 07:00:00,1.2076,1.2105,1.207,1.2085,1639.0,0.08281573498964967
2021-05-13 11:00:00,1.2084,1.2093,1.205,1.2078,1569.0,-0.05792304509721902
2021-05-13 15:00:00,1.2079,1.2098,1.2063,1.2068,2184.0,-0.08279516476237259
2021-05-13 19:00:00,1.2067,1.209,1.2061,1.2085,1663.0,0.1408684123301196
2021-05-13 23:00:00,1.2084,1.2085,1.2074,1.2075,303.0,-0.08274720728174145
2021-05-14 03:00:00,1.2076,1.2084,1.207,1.2084,826.0,0.07453416149068026
2021-05-14 07:00:00,1.2085,1.2116,1.2083,1.2114,1231.0,0.24826216484608032
2021-05-14 11:00:00,1.2113,1.2128,1.2102,1.2119,1578.0,0.04127455836222538
2021-05-14 15:00:00,1.212,1.2146,1.2116,1.2138,2010.0,0.15677861209670851
2021-05-14 19:00:00,1.2139,1.2144,1.2133,1.2142,918.0,0.03295435821386583
2021-05-14 23:00:00,1.2141,1.2143,1.214,1.2143,138.0,0.008235875473561194
2021-05-16 23:00:00,1.2139,1.215,1.2133,1.2148,213.0,0.04117598616488749
2021-05-17 03:00:00,1.2147,1.2148,1.2128,1.213,712.0,-0.14817253868949498
2021-05-17 07:00:00,1.2131,1.2145,1.2125,1.2134,1044.0,0.03297609233305909
2021-05-17 11:00:00,1.2133,1.2167,1.2132,1.2146,1220.0,0.09889566507332859
2021-05-17 15:00:00,1.2145,1.2155,1.2133,1.2153,1589.0,0.057632142269081754
2021-05-17 19:00:00,1.2154,1.216,1.215,1.2156,775.0,0.024685262898049842
2021-05-17 23:00:00,1.2157,1.2157,1.2149,1.2155,356.0,-0.00822639025995775
2021-05-18 03:00:00,1.2154,1.2168,1.2152,1.2166,1000.0,0.09049773755656076
2021-05-18 07:00:00,1.2165,1.2204,1.2162,1.2201,1293.0,0.28768699654775354
2021-05-18 11:00:00,1.2202,1.2222,1.2198,1.2216,1414.0,0.12294074256209431
2021-05-18 15:00:00,1.2217,1.2232,1.2198,1.2201,1747.0,-0.12278978388998718
2021-05-18 19:00:00,1.22,1.2229,1.2199,1.2225,1128.0,0.19670518809933313
2021-05-18 23:00:00,1.2224,1.2226,1.2219,1.2221,319.0,-0.03271983640081855
2021-05-19 03:00:00,1.2222,1.2231,1.2216,1.2228,950.0,0.05727845511824814
2021-05-19 07:00:00,1.2229,1.2243,1.2215,1.222,1419.0,-0.06542361792608586
2021-05-19 11:00:00,1.2219,1.2225,1.2188,1.2205,1430.0,-0.12274959083470316
2021-05-19 15:00:00,1.2206,1.2237,1.2201,1.2215,2255.0,0.08193363375665896
2021-05-19 19:00:00,1.2214,1.2219,1.2158,1.2171,2363.0,-0.3602128530495241
2021-05-19 23:00:00,1.217,1.2178,1.2168,1.2169,513.0,-0.016432503491903283
2021-05-20 03:00:00,1.2168,1.2184,1.2168,1.2181,1119.0,0.09861122524446042
2021-05-20 07:00:00,1.218,1.2203,1.2176,1.2201,985.0,0.16419013217305878
2021-05-20 11:00:00,1.22,1.2203,1.218,1.22,1369.0,-0.00819604950413888
2021-05-20 15:00:00,1.2201,1.2225,1.2195,1.2223,1806.0,0.18852459016394096
2021-05-20 19:00:00,1.2222,1.2227,1.2211,1.2227,1040.0,0.032725190215154853
2021-05-20 23:00:00,1.2226,1.2229,1.2223,1.2223,464.0,-0.03271448433793678
2021-05-21 03:00:00,1.2224,1.2238,1.2222,1.2231,836.0,0.06545038043035412
2021-05-21 07:00:00,1.223,1.2238,1.2209,1.2215,1216.0,-0.1308151418526693
2021-05-21 11:00:00,1.2216,1.2236,1.2183,1.2185,1311.0,-0.24559967253378057
2021-05-21 15:00:00,1.2184,1.2208,1.2169,1.2176,1830.0,-0.07386130488304943
2021-05-21 19:00:00,1.2175,1.2186,1.216,1.2184,761.0,0.06570302233901426
2021-05-21 23:00:00,1.2185,1.2186,1.2177,1.2179,110.0,-0.04103742613262851
2021-05-23 23:00:00,1.2179,1.2183,1.217,1.2179,390.0,0.0
2021-05-24 03:00:00,1.218,1.2186,1.2174,1.218,1145.0,0.00821085474997929
2021-05-24 07:00:00,1.2179,1.2198,1.2177,1.2196,1254.0,0.13136288998358836
2021-05-24 11:00:00,1.2195,1.2218,1.2174,1.2208,1390.0,0.09839291571007713
2021-05-24 15:00:00,1.2209,1.2229,1.2202,1.2208,1339.0,0.0
2021-05-24 19:00:00,1.2209,1.2216,1.2203,1.2215,639.0,0.05733944954127157
2021-05-24 23:00:00,1.2214,1.2217,1.2211,1.2213,305.0,-0.016373311502249077
2021-05-25 03:00:00,1.2212,1.2229,1.221,1.2225,821.0,0.09825595676737908
2021-05-25 07:00:00,1.2224,1.2261,1.2219,1.2254,1162.0,0.23721881390594834
2021-05-25 11:00:00,1.2255,1.226,1.2243,1.2254,1356.0,0.0
2021-05-25 15:00:00,1.2255,1.2265,1.2229,1.2231,1634.0,-0.1876938142647222
2021-05-25 19:00:00,1.223,1.2256,1.2225,1.2246,1074.0,0.1226391954868733
2021-05-25 23:00:00,1.2245,1.2254,1.2244,1.2246,404.0,0.0
2021-05-26 03:00:00,1.2245,1.2259,1.2241,1.2257,859.0,0.08982524906091527
2021-05-26 07:00:00,1.2256,1.2261,1.2231,1.2243,1073.0,-0.11422044545974508
2021-05-26 11:00:00,1.2242,1.2247,1.2224,1.2225,1402.0,-0.14702278853222506
2021-05-26 15:00:00,1.2224,1.2238,1.2196,1.2202,1770.0,-0.18813905930470387
2021-05-26 19:00:00,1.2203,1.2204,1.218,1.2191,1152.0,-0.09014915587607364
2021-05-26 23:00:00,1.219,1.2196,1.2187,1.219,359.0,-0.008202772537113656
2021-05-27 03:00:00,1.2189,1.2193,1.2174,1.2192,866.0,0.01640689089417169
2021-05-27 07:00:00,1.2193,1.2207,1.2185,1.2205,1216.0,0.10662729658792447
2021-05-27 11:00:00,1.2204,1.2214,1.2179,1.2195,1542.0,-0.08193363375664786
2021-05-27 15:00:00,1.2196,1.221,1.2178,1.2192,1923.0,-0.02460024600245969
2021-05-27 19:00:00,1.2193,1.2203,1.2184,1.2198,679.0,0.04921259842518566
2021-05-27 23:00:00,1.2197,1.2197,1.2188,1.2191,198.0,-0.057386456796193475
2021-05-28 03:00:00,1.219,1.2191,1.218,1.2186,597.0,-0.04101386268560159
2021-05-28 07:00:00,1.2185,1.2189,1.217,1.2187,995.0,0.00820613819136895
2021-05-28 11:00:00,1.2186,1.2199,1.215,1.2155,1476.0,-0.2625748748666501
2021-05-28 15:00:00,1.2156,1.2197,1.2131,1.2193,2001.0,0.3126285479226665
2021-05-28 19:00:00,1.2192,1.2203,1.2191,1.2191,702.0,-0.0164028540966088
2021-05-28 23:00:00,1.2192,1.2194,1.2188,1.2188,133.0,-0.02460831761135207
2021-05-30 23:00:00,1.2193,1.2199,1.2188,1.2188,186.0,0.0
2021-05-31 03:00:00,1.2189,1.2203,1.2183,1.2198,622.0,0.08204791598291905
2021-05-31 07:00:00,1.2197,1.2201,1.2182,1.219,714.0,-0.0655845220527862
2021-05-31 11:00:00,1.2189,1.2202,1.2184,1.2198,1041.0,0.06562756357668675
2021-05-31 15:00:00,1.2197,1.223,1.2192,1.2228,1019.0,0.24594195769798155
2021-05-31 19:00:00,1.2229,1.2229,1.2224,1.2225,234.0,-0.024533856722297465
2021-05-31 23:00:00,1.2226,1.2233,1.2224,1.2231,202.0,0.049079754601244474
2021-06-01 03:00:00,1.2232,1.2235,1.2222,1.2229,508.0,-0.016351892731580886
2021-06-01 07:00:00,1.2228,1.224,1.2217,1.224,844.0,0.08995011857060309
2021-06-01 11:00:00,1.2239,1.2239,1.2212,1.222,1181.0,-0.16339869281045694
2021-06-01 15:00:00,1.2221,1.2253,1.2214,1.2239,1512.0,0.155482815057284
2021-06-01 19:00:00,1.2238,1.2242,1.2217,1.2219,581.0,-0.1634120434676034
2021-06-01 23:00:00,1.2218,1.2219,1.221,1.2216,420.0,-0.024551927326288414
2021-06-02 03:00:00,1.2215,1.2225,1.2214,1.2222,658.0,0.04911591355598599
2021-06-02 07:00:00,1.2221,1.2222,1.2195,1.2199,963.0,-0.18818523973163082
2021-06-02 11:00:00,1.22,1.22,1.2163,1.2179,1206.0,-0.16394786457906152
2021-06-02 15:00:00,1.2178,1.2217,1.2178,1.2211,1365.0,0.2627473519993595
2021-06-02 19:00:00,1.2212,1.2214,1.2204,1.2209,674.0,-0.01637867496518952
2021-06-02 23:00:00,1.2208,1.2212,1.2206,1.2208,192.0,-0.008190679007291646
2021-06-03 03:00:00,1.2209,1.2213,1.2201,1.2205,451.0,-0.024574049803427478
2021-06-03 07:00:00,1.2206,1.2207,1.2178,1.218,723.0,-0.2048340843916363
2021-06-03 11:00:00,1.2179,1.2207,1.2177,1.2186,1165.0,0.04926108374383453
2021-06-03 15:00:00,1.2185,1.2187,1.2119,1.212,2310.0,-0.5416051206302286
2021-06-03 19:00:00,1.2121,1.2132,1.2117,1.2129,755.0,0.07425742574258543
2021-06-03 23:00:00,1.2128,1.2131,1.2125,1.2129,198.0,0.0
2021-06-04 03:00:00,1.2128,1.2129,1.2113,1.2114,904.0,-0.123670541676979
2021-06-04 07:00:00,1.2113,1.2116,1.2103,1.2112,909.0,-0.01650982334489015
2021-06-04 11:00:00,1.2111,1.2117,1.2103,1.2112,959.0,0.0
2021-06-04 15:00:00,1.2113,1.2184,1.2111,1.2171,2305.0,0.48712021136063655
2021-06-04 19:00:00,1.217,1.2173,1.2159,1.2167,548.0,-0.03286500698382877
2021-06-04 23:00:00,1.2166,1.2169,1.2164,1.2165,64.0,-0.016437905810795517
2021-06-06 11:00:00,1.2165,1.2165,1.2165,1.2165,1.0,0.0
2021-06-06 23:00:00,1.2162,1.2166,1.2161,1.2165,165.0,0.0
2021-06-07 03:00:00,1.2164,1.2171,1.2159,1.2166,471.0,0.008220304151262958
2021-06-07 07:00:00,1.2165,1.2169,1.2144,1.2166,728.0,0.0
2021-06-07 11:00:00,1.2165,1.2175,1.2149,1.2164,976.0,-0.016439256945588454
2021-06-07 15:00:00,1.2163,1.2199,1.2159,1.2197,1269.0,0.2712923380467025
2021-06-07 19:00:00,1.2198,1.22,1.219,1.2193,344.0,-0.03279494957776352
2021-06-07 23:00:00,1.2192,1.2193,1.2188,1.2189,212.0,-0.0328057081932176
2021-06-08 03:00:00,1.2188,1.2193,1.2177,1.2178,705.0,-0.09024530314218904
2021-06-08 07:00:00,1.2177,1.2184,1.2163,1.2171,852.0,-0.05748070290687579
2021-06-08 11:00:00,1.217,1.2182,1.2165,1.2177,1206.0,0.04929751047570985
2021-06-08 15:00:00,1.2176,1.2191,1.2169,1.2178,1473.0,0.008212203334156953
2021-06-08 19:00:00,1.2177,1.218,1.217,1.2172,414.0,-0.04926917392017449
2021-06-08 23:00:00,1.2173,1.2174,1.217,1.2171,185.0,-0.008215576733483498
2021-06-09 03:00:00,1.217,1.2184,1.217,1.2179,604.0,0.06573001396761313
2021-06-09 07:00:00,1.2178,1.2185,1.2174,1.2181,519.0,0.01642170949995858
2021-06-09 11:00:00,1.2182,1.2196,1.218,1.2193,954.0,0.09851407930383527
2021-06-09 15:00:00,1.2194,1.2216,1.218,1.2182,1321.0,-0.0902156975313817
2021-06-09 19:00:00,1.2183,1.2183,1.2173,1.2175,611.0,-0.05746182892791829
2021-06-09 23:00:00,1.2176,1.2179,1.2174,1.2177,125.0,0.016427104722782637
2021-06-10 03:00:00,1.2176,1.2179,1.2165,1.2168,544.0,-0.07390983000737927
2021-06-10 07:00:00,1.2167,1.2172,1.2152,1.2158,740.0,-0.08218277449048017
2021-06-10 11:00:00,1.2159,1.2186,1.2157,1.2175,1253.0,0.13982562921532882
2021-06-10 15:00:00,1.2174,1.2193,1.2142,1.2172,2754.0,-0.024640657084185058
2021-06-10 19:00:00,1.2173,1.2177,1.2163,1.2169,760.0,-0.024646730200461597
2021-06-10 23:00:00,1.217,1.2176,1.2169,1.2171,304.0,0.016435204207421172
2021-06-11 03:00:00,1.2172,1.219,1.2171,1.2186,548.0,0.12324377618928573
2021-06-11 07:00:00,1.2185,1.2192,1.2173,1.2182,852.0,-0.0328245527654647
2021-06-11 11:00:00,1.2181,1.2182,1.2128,1.2131,1207.0,-0.4186504679034586
2021-06-11 15:00:00,1.213,1.2136,1.2092,1.2099,1521.0,-0.26378699200396705
2021-06-11 19:00:00,1.2098,1.2108,1.2091,1.2108,555.0,0.07438631291842857
2021-06-11 23:00:00,1.2107,1.2109,1.2103,1.2105,63.0,-0.02477700693758189
2021-06-13 19:00:00,1.2105,1.2105,1.2105,1.2105,8.0,0.0
2021-06-13 23:00:00,1.2104,1.2111,1.2103,1.2108,367.0,0.02478314745975041
2021-06-14 03:00:00,1.2109,1.2109,1.2093,1.2098,582.0,-0.08259002312521746
2021-06-14 07:00:00,1.2097,1.2119,1.2093,1.2117,988.0,0.15705075219043518
2021-06-14 11:00:00,1.2116,1.2123,1.2105,1.2114,957.0,-0.024758603614749575
2021-06-14 15:00:00,1.2115,1.2129,1.211,1.2123,1178.0,0.07429420505200568
2021-06-14 19:00:00,1.2124,1.2126,1.2115,1.212,412.0,-0.02474634991338487
2021-06-14 23:00:00,1.2119,1.2122,1.2116,1.212,432.0,0.0
2021-06-15 03:00:00,1.2121,1.2125,1.2113,1.2122,657.0,0.016501650165023918
2021-06-15 07:00:00,1.2123,1.2146,1.2122,1.2143,786.0,0.17323873948194013
2021-06-15 11:00:00,1.2142,1.2144,1.2105,1.2106,988.0,-0.30470229762002976
2021-06-15 15:00:00,1.2105,1.213,1.21,1.2118,1625.0,0.09912440112340715
2021-06-15 19:00:00,1.2119,1.2128,1.2116,1.2127,679.0,0.07426968146557744
2021-06-15 23:00:00,1.2126,1.2128,1.2122,1.2123,214.0,-0.03298425002060679
2021-06-16 03:00:00,1.2124,1.2126,1.2115,1.2121,446.0,-0.016497566608919545
2021-06-16 07:00:00,1.2122,1.2133,1.2117,1.2132,871.0,0.09075158815279316
2021-06-16 11:00:00,1.2131,1.2132,1.2113,1.2116,891.0,-0.13188262446423016
2021-06-16 15:00:00,1.2115,1.2126,1.2109,1.2116,1155.0,0.0
2021-06-16 19:00:00,1.2117,1.212,1.2003,1.2003,2986.0,-0.9326510399471855
2021-06-16 23:00:00,1.2004,1.201,1.1985,1.1994,747.0,-0.07498125468632377
2021-06-17 03:00:00,1.1993,1.2003,1.1983,1.1992,997.0,-0.01667500416875356
2021-06-17 07:00:00,1.1993,1.2005,1.1941,1.1953,1422.0,-0.3252168112074738
2021-06-17 11:00:00,1.1952,1.1963,1.1925,1.1935,1798.0,-0.15058981008951866
2021-06-17 15:00:00,1.1934,1.1949,1.1905,1.1909,2183.0,-0.21784666945956488
2021-06-17 19:00:00,1.191,1.1921,1.1891,1.1901,1178.0,-0.06717608531363606
2021-06-17 23:00:00,1.1902,1.1914,1.1899,1.1911,753.0,0.08402655239057033
2021-06-18 03:00:00,1.1912,1.1924,1.1903,1.192,950.0,0.07556040634706385
2021-06-18 07:00:00,1.1921,1.1921,1.1884,1.1914,1581.0,-0.05033557046979498
2021-06-18 11:00:00,1.1913,1.1923,1.1904,1.191,1487.0,-0.03357394661741564
2021-06-18 15:00:00,1.1909,1.191,1.1846,1.1871,2904.0,-0.3274559193954696
2021-06-18 19:00:00,1.187,1.1881,1.1865,1.1866,1274.0,-0.04211945076235679
2021-06-18 23:00:00,1.1867,1.1869,1.1856,1.1858,194.0,-0.0674195179504622
2021-06-20 19:00:00,1.1858,1.1858,1.1858,1.1858,2.0,0.0
2021-06-20 23:00:00,1.1858,1.1874,1.1858,1.1869,319.0,0.09276437847867136
2021-06-21 03:00:00,1.1868,1.1875,1.1846,1.1855,1482.0,-0.11795433482181261
2021-06-21 07:00:00,1.1856,1.1883,1.185,1.188,1724.0,0.2108814846056406
2021-06-21 11:00:00,1.1881,1.1898,1.1878,1.1893,1417.0,0.10942760942762586
2021-06-21 15:00:00,1.1894,1.1919,1.1884,1.1907,1692.0,0.11771630370807085
2021-06-21 15:00:00,1.1894,1.1919,1.1884,1.1909,1507.0,0.01679684219366706
2021-06-21 19:00:00,1.1908,1.192,1.1906,1.1917,875.0,0.06717608531361385
2021-06-21 23:00:00,1.1916,1.1919,1.1909,1.1911,689.0,-0.05034824200721433
2021-06-22 03:00:00,1.191,1.1914,1.1899,1.191,798.0,-0.008395600705224382
2021-06-22 07:00:00,1.1911,1.1911,1.189,1.19,1120.0,-0.08396305625525402
2021-06-22 11:00:00,1.1899,1.1901,1.1879,1.1892,1273.0,-0.06722689075630006
2021-06-22 15:00:00,1.1893,1.1911,1.1881,1.1909,1703.0,0.14295324587958458
2021-06-22 19:00:00,1.1908,1.1951,1.1906,1.194,1224.0,0.26030733059030364
2021-06-22 23:00:00,1.1939,1.1942,1.1935,1.1935,332.0,-0.041876046901168085
2021-06-23 03:00:00,1.1936,1.1939,1.1919,1.1921,814.0,-0.11730205278592809
2021-06-23 07:00:00,1.192,1.1938,1.1911,1.1937,1119.0,0.1342169281100647
2021-06-23 11:00:00,1.1936,1.195,1.1931,1.194,1319.0,0.025131942699174736
2021-06-23 15:00:00,1.1941,1.1969,1.1939,1.1949,1570.0,0.0753768844221181
2021-06-23 19:00:00,1.1948,1.1949,1.1918,1.1922,757.0,-0.22596033140850347
2021-06-23 23:00:00,1.1923,1.1932,1.1919,1.1928,372.0,0.050327126321092486
2021-06-24 03:00:00,1.1929,1.1932,1.1918,1.192,897.0,-0.06706908115360344
2021-06-24 07:00:00,1.1921,1.1942,1.1916,1.1931,966.0,0.09228187919463338
2021-06-24 11:00:00,1.193,1.1948,1.1924,1.1935,1213.0,0.033526108456949366
2021-06-24 15:00:00,1.1934,1.1955,1.1919,1.1925,1533.0,-0.0837871805613788
2021-06-24 19:00:00,1.1924,1.1934,1.1923,1.1931,745.0,0.05031446540881834
2021-06-24 23:00:00,1.1932,1.1934,1.1926,1.1927,331.0,-0.03352610845696047
2021-06-25 03:00:00,1.1926,1.1943,1.1925,1.1939,634.0,0.10061205667810658
2021-06-25 07:00:00,1.1938,1.1949,1.1934,1.1947,848.0,0.06700728704247538
2021-06-25 11:00:00,1.1946,1.1946,1.1936,1.194,1066.0,-0.058592115175370996
2021-06-25 15:00:00,1.1941,1.1974,1.1935,1.1938,1638.0,-0.016750418760469454
2021-06-25 19:00:00,1.1937,1.194,1.1925,1.1939,683.0,0.008376612497906777
2021-06-25 23:00:00,1.194,1.1941,1.1934,1.1936,136.0,-0.025127732640917166
2021-06-27 15:00:00,1.1936,1.1936,1.1936,1.1936,10.0,0.0
2021-06-27 23:00:00,1.1931,1.1941,1.193,1.194,204.0,0.03351206434316634
2021-06-28 03:00:00,1.1939,1.1939,1.1919,1.1923,546.0,-0.1423785594639848
2021-06-28 07:00:00,1.1924,1.1943,1.192,1.194,884.0,0.14258156504236563
2021-06-28 11:00:00,1.1939,1.1942,1.1904,1.1906,1139.0,-0.2847571189279585
2021-06-28 15:00:00,1.1905,1.1938,1.1901,1.1935,1622.0,0.24357466823450302
2021-06-28 19:00:00,1.1936,1.1937,1.1919,1.1923,652.0,-0.10054461667365899
2021-06-28 23:00:00,1.1924,1.193,1.192,1.1927,228.0,0.0335486035393906
2021-06-29 03:00:00,1.1928,1.1928,1.1906,1.191,553.0,-0.14253374696068244
2021-06-29 07:00:00,1.1911,1.1921,1.1904,1.191,804.0,0.0
2021-06-29 11:00:00,1.1909,1.1912,1.1889,1.1889,1235.0,-0.17632241813602123
2021-06-29 15:00:00,1.189,1.191,1.1876,1.1905,1693.0,0.1345781815123015
2021-06-29 19:00:00,1.1904,1.1906,1.1892,1.1898,506.0,-0.05879882402350933
2021-06-29 23:00:00,1.1899,1.1904,1.1894,1.1899,461.0,0.008404773911574459
2021-06-30 03:00:00,1.1898,1.1907,1.1895,1.1901,810.0,0.016808135137402758
2021-06-30 07:00:00,1.19,1.1907,1.1892,1.19,973.0,-0.008402655239059253
2021-06-30 11:00:00,1.1899,1.19,1.1881,1.1892,1367.0,-0.06722689075630006
2021-06-30 15:00:00,1.1893,1.1893,1.1844,1.1847,1956.0,-0.37840565085771605
2021-06-30 19:00:00,1.1846,1.186,1.1845,1.1857,889.0,0.08440955516162418
2021-06-30 23:00:00,1.1858,1.1859,1.1853,1.1855,439.0,-0.016867673104492553
2021-07-01 03:00:00,1.1854,1.1855,1.1845,1.1849,542.0,-0.05061155630534664
2021-07-01 07:00:00,1.185,1.1859,1.1836,1.1847,1121.0,-0.01687906152417762
2021-07-01 11:00:00,1.1846,1.1877,1.1837,1.1875,1576.0,0.23634675445258768
2021-07-01 15:00:00,1.1876,1.1883,1.1847,1.1854,1922.0,-0.17684210526315303
2021-07-01 19:00:00,1.1855,1.1858,1.1839,1.1846,620.0,-0.06748776784206711
2021-07-01 23:00:00,1.1845,1.185,1.1841,1.1844,336.0,-0.016883336147244243
2021-07-02 03:00:00,1.1845,1.1846,1.1839,1.1841,549.0,-0.02532928064842288
2021-07-02 07:00:00,1.1842,1.1846,1.1821,1.1823,692.0,-0.15201418799087874
2021-07-02 11:00:00,1.1824,1.1833,1.1819,1.182,1067.0,-0.02537427048971974
2021-07-02 15:00:00,1.1821,1.1857,1.1806,1.1846,2832.0,0.21996615905246486
2021-07-02 19:00:00,1.1845,1.1873,1.1838,1.1863,844.0,0.14350835725138733
2021-07-02 23:00:00,1.1864,1.1866,1.1862,1.1863,85.0,0.0
2021-07-03 11:00:00,1.1863,1.1863,1.1863,1.1863,1.0,0.0
2021-07-04 11:00:00,1.1863,1.1863,1.1863,1.1863,2.0,0.0
2021-07-04 19:00:00,1.1863,1.1863,1.1863,1.1863,13.0,0.0
2021-07-04 23:00:00,1.186,1.1867,1.1854,1.1854,307.0,-0.0758661384135495
2021-07-05 03:00:00,1.1855,1.1861,1.1851,1.1852,594.0,-0.01687194196051678
2021-07-05 07:00:00,1.1851,1.1872,1.185,1.187,889.0,0.1518731015862418
2021-07-05 11:00:00,1.1871,1.1879,1.1863,1.1871,883.0,0.008424599831502455
2021-07-05 15:00:00,1.187,1.187,1.1854,1.1865,854.0,-0.05054334091483259
2021-07-05 19:00:00,1.1864,1.1868,1.1863,1.1863,516.0,-0.016856300042156214
2021-07-05 23:00:00,1.1864,1.1868,1.1859,1.1861,413.0,-0.016859141869673966
2021-07-06 03:00:00,1.186,1.1874,1.1857,1.1872,763.0,0.09274091560578235
2021-07-06 07:00:00,1.1873,1.1894,1.1869,1.1871,1132.0,-0.008423180592986856
2021-07-06 11:00:00,1.187,1.1873,1.183,1.1839,1327.0,-0.26956448487912565
2021-07-06 15:00:00,1.184,1.1845,1.1812,1.1815,2218.0,-0.202719824309483
2021-07-06 19:00:00,1.1816,1.1827,1.1805,1.1821,890.0,0.0507829030892859
2021-07-06 23:00:00,1.1822,1.1824,1.1817,1.1821,503.0,0.0
2021-07-07 03:00:00,1.182,1.1824,1.1814,1.1824,965.0,0.025378563573297264
2021-07-07 07:00:00,1.1823,1.1833,1.1811,1.1824,1198.0,0.0
2021-07-07 11:00:00,1.1823,1.1831,1.1813,1.1821,1312.0,-0.025372124492550885
2021-07-07 15:00:00,1.1822,1.1834,1.178,1.1802,1887.0,-0.16073090263091228
2021-07-07 19:00:00,1.1801,1.1818,1.1791,1.1794,1360.0,-0.06778512116589752
2021-07-07 23:00:00,1.1795,1.1798,1.1788,1.1792,380.0,-0.016957775139903042
2021-07-08 03:00:00,1.1791,1.1794,1.1782,1.1791,780.0,-0.008480325644499853
2021-07-08 07:00:00,1.179,1.1819,1.179,1.1819,1508.0,0.2374692562123526
2021-07-08 11:00:00,1.1818,1.1844,1.1809,1.1833,2003.0,0.11845333784583634
2021-07-08 15:00:00,1.1832,1.1866,1.1832,1.1839,2440.0,0.05070565368037183
2021-07-08 19:00:00,1.1838,1.1847,1.1834,1.1846,837.0,0.05912661542362141
2021-07-08 23:00:00,1.1847,1.1848,1.184,1.1845,436.0,-0.00844166807361102
2021-07-09 03:00:00,1.1846,1.1848,1.1833,1.1838,880.0,-0.05909666525961699
2021-07-09 07:00:00,1.1839,1.1841,1.1824,1.1839,1259.0,0.00844737286702646
2021-07-09 11:00:00,1.1838,1.1863,1.1828,1.1854,1370.0,0.12669989019342687
2021-07-09 15:00:00,1.1855,1.1874,1.1854,1.1859,1366.0,0.04217985490129195
2021-07-09 19:00:00,1.186,1.1879,1.1859,1.1878,425.0,0.1602158698035261
2021-07-09 23:00:00,1.1879,1.188,1.1876,1.1876,108.0,-0.016837851490147937
2021-07-10 03:00:00,1.1876,1.1876,1.1876,1.1876,2.0,0.0
2021-07-10 07:00:00,1.1876,1.1876,1.1876,1.1876,1.0,0.0
2021-07-10 11:00:00,1.1876,1.1876,1.1876,1.1876,1.0,0.0
2021-07-11 03:00:00,1.1876,1.1876,1.1876,1.1876,1.0,0.0
2021-07-11 19:00:00,1.1876,1.1876,1.1876,1.1876,9.0,0.0
2021-07-11 23:00:00,1.1875,1.1875,1.1864,1.1871,411.0,-0.042101717750075984
2021-07-12 03:00:00,1.1872,1.1878,1.1866,1.1868,631.0,-0.025271670457416295
2021-07-12 07:00:00,1.1867,1.1878,1.1855,1.1876,869.0,0.06740815638690556
2021-07-12 11:00:00,1.1875,1.1878,1.1835,1.1836,1177.0,-0.3368137420006745
2021-07-12 15:00:00,1.1837,1.1873,1.1836,1.1856,1443.0,0.16897600540723978
2021-07-12 19:00:00,1.1855,1.186,1.185,1.1858,612.0,0.01686909581646301
2021-07-12 23:00:00,1.1859,1.1864,1.1857,1.1861,374.0,0.025299375948728553
2021-07-13 03:00:00,1.1862,1.1874,1.1861,1.1868,487.0,0.05901694629459886
2021-07-13 07:00:00,1.1869,1.1869,1.1846,1.185,774.0,-0.15166835187058192
2021-07-13 11:00:00,1.1849,1.185,1.1834,1.1838,950.0,-0.10126582278481289
2021-07-13 15:00:00,1.1837,1.1849,1.1791,1.1811,2489.0,-0.22807906741002526
2021-07-13 19:00:00,1.1812,1.1815,1.1771,1.1772,997.0,-0.33020066040132523
2021-07-13 23:00:00,1.1773,1.178,1.1772,1.1774,578.0,0.016989466530747954
2021-07-14 03:00:00,1.1773,1.1784,1.177,1.1782,662.0,0.06794632240529896
2021-07-14 07:00:00,1.1781,1.1796,1.178,1.1782,812.0,0.0
2021-07-14 11:00:00,1.1783,1.1803,1.1775,1.1801,1050.0,0.161262943473095
2021-07-14 15:00:00,1.1802,1.1827,1.1801,1.1824,1941.0,0.19489873739513275
2021-07-14 19:00:00,1.1825,1.1837,1.1824,1.1834,749.0,0.08457374830852515
2021-07-14 23:00:00,1.1833,1.1838,1.1831,1.1832,685.0,-0.016900456312318735
2021-07-15 03:00:00,1.1833,1.1834,1.182,1.1831,914.0,-0.008451656524677276
2021-07-15 07:00:00,1.183,1.1845,1.1824,1.1835,930.0,0.033809483560132136
2021-07-15 11:00:00,1.1834,1.1849,1.1807,1.1808,1183.0,-0.22813688212927064
2021-07-15 15:00:00,1.1809,1.1822,1.1802,1.1804,1572.0,-0.03387533875339743
2021-07-15 19:00:00,1.1805,1.1812,1.1795,1.1811,801.0,0.05930193154863872
2021-07-15 23:00:00,1.181,1.1814,1.1807,1.181,446.0,-0.008466683600028002
2021-07-16 03:00:00,1.1811,1.1815,1.1801,1.181,520.0,0.0
2021-07-16 07:00:00,1.1809,1.1813,1.1796,1.1801,773.0,-0.07620660457240414
2021-07-16 11:00:00,1.18,1.1821,1.1791,1.1793,1001.0,-0.0677908651809056
2021-07-16 15:00:00,1.1794,1.1812,1.1792,1.1808,1589.0,0.1271940981938391
2021-07-16 19:00:00,1.1809,1.1817,1.1802,1.1802,686.0,-0.0508130081300906
2021-07-16 23:00:00,1.1801,1.1806,1.1801,1.1804,142.0,0.01694628029147438
2021-07-17 07:00:00,1.1804,1.1804,1.1804,1.1804,4.0,0.0
2021-07-17 11:00:00,1.1804,1.1804,1.1804,1.1804,1.0,0.0
2021-07-18 03:00:00,1.1804,1.1804,1.1804,1.1804,2.0,0.0
2021-07-18 07:00:00,1.1804,1.1804,1.1804,1.1804,1.0,0.0
2021-07-18 23:00:00,1.1806,1.1812,1.1802,1.1811,210.0,0.05930193154863872
2021-07-19 03:00:00,1.181,1.1812,1.1797,1.1803,603.0,-0.06773346880027953
2021-07-19 07:00:00,1.1804,1.1807,1.1777,1.178,908.0,-0.19486571210708403
2021-07-19 11:00:00,1.1779,1.1782,1.1764,1.177,1463.0,-0.0848896434634927
2021-07-19 15:00:00,1.1769,1.1823,1.1763,1.1804,2049.0,0.28887000849615596
2021-07-19 19:00:00,1.1803,1.1805,1.179,1.1796,1027.0,-0.06777363605556808
2021-07-19 23:00:00,1.1797,1.1801,1.179,1.1791,432.0,-0.04238724991522114
2021-07-20 03:00:00,1.179,1.1801,1.1789,1.1792,513.0,0.008481044864727671
2021-07-20 07:00:00,1.1791,1.1791,1.1771,1.1782,992.0,-0.08480325644505404
2021-07-20 11:00:00,1.1783,1.1801,1.1775,1.1786,1501.0,0.03395009336277788
2021-07-20 15:00:00,1.1785,1.1787,1.1754,1.1773,1842.0,-0.11030035635500868
2021-07-20 19:00:00,1.1774,1.1785,1.177,1.1781,960.0,0.067952093773882
2021-07-20 23:00:00,1.178,1.1782,1.1777,1.178,533.0,-0.008488243782356353
2021-07-21 03:00:00,1.1781,1.1782,1.1769,1.1774,452.0,-0.05093378607808896
2021-07-21 07:00:00,1.1773,1.1775,1.1751,1.176,875.0,-0.11890606420927874
2021-07-21 11:00:00,1.1759,1.1781,1.1753,1.1769,1176.0,0.0765306122449072
2021-07-21 15:00:00,1.1768,1.1802,1.1758,1.1797,1648.0,0.23791316169596843
2021-07-21 19:00:00,1.1796,1.1803,1.1788,1.1799,746.0,0.016953462744773162
2021-07-21 23:00:00,1.1798,1.18,1.1789,1.1791,559.0,-0.06780235613186303
2021-07-22 03:00:00,1.1792,1.1797,1.1785,1.1795,652.0,0.033924179458910686
2021-07-22 07:00:00,1.1794,1.18,1.1789,1.1792,850.0,-0.025434506146670977
2021-07-22 11:00:00,1.1791,1.1812,1.1778,1.1792,1313.0,0.0
2021-07-22 15:00:00,1.1791,1.1829,1.1763,1.1766,2527.0,-0.2204884667571183
2021-07-22 19:00:00,1.1765,1.1775,1.1756,1.1769,753.0,0.025497195308510356
2021-07-22 23:00:00,1.1768,1.1775,1.1759,1.1771,466.0,0.016993797263986643
2021-07-23 03:00:00,1.1772,1.1779,1.1768,1.1768,453.0,-0.02548636479483557
2021-07-23 07:00:00,1.1769,1.1778,1.1761,1.1776,1108.0,0.06798096532969478
2021-07-23 11:00:00,1.1777,1.1785,1.1753,1.176,1261.0,-0.13586956521739468
2021-07-23 15:00:00,1.1761,1.1779,1.1753,1.1759,1356.0,-0.008503401360537843
2021-07-23 19:00:00,1.176,1.1774,1.1759,1.177,567.0,0.093545369504211
2021-07-23 23:00:00,1.1771,1.1775,1.1768,1.1768,83.0,-0.01699235344094774
2021-07-24 03:00:00,1.1768,1.1768,1.1768,1.1768,2.0,0.0
2021-07-24 11:00:00,1.1768,1.1768,1.1768,1.1768,1.0,0.0
2021-07-25 19:00:00,1.1768,1.1768,1.1768,1.1768,15.0,0.0
2021-07-25 19:00:00,1.1768,1.1768,1.1768,1.1768,11.0,0.0
2021-07-25 23:00:00,1.1772,1.1773,1.1766,1.1772,213.0,0.03399048266485849
2021-07-26 03:00:00,1.1771,1.1777,1.1762,1.1777,535.0,0.04247366632688099
2021-07-26 07:00:00,1.1778,1.1798,1.177,1.1782,880.0,0.04245563386260365
2021-07-26 11:00:00,1.1781,1.1798,1.1766,1.1791,1259.0,0.07638771006621692
2021-07-26 15:00:00,1.1792,1.1816,1.1778,1.1809,1450.0,0.1526588075650981
2021-07-26 19:00:00,1.1808,1.1812,1.1798,1.1804,498.0,-0.04234058768737281
2021-07-26 23:00:00,1.1803,1.1806,1.1798,1.1803,398.0,-0.008471704506940458
2021-07-27 03:00:00,1.1804,1.1811,1.1799,1.1804,777.0,0.008472422265515256
2021-07-27 07:00:00,1.1805,1.1805,1.1774,1.1782,1056.0,-0.1863774991528233
2021-07-27 11:00:00,1.1781,1.1798,1.1769,1.1797,988.0,0.12731285011033933
2021-07-27 15:00:00,1.1798,1.1836,1.1798,1.1829,1639.0,0.2712554039162596
2021-07-27 19:00:00,1.183,1.184,1.1818,1.182,651.0,-0.07608419984783676
2021-07-27 23:00:00,1.1819,1.1821,1.1812,1.1819,352.0,-0.008460236886631556
2021-07-28 03:00:00,1.182,1.1826,1.1811,1.182,651.0,0.008460952703281954
2021-07-28 07:00:00,1.1821,1.1822,1.1802,1.1806,667.0,-0.11844331641284178
2021-07-28 11:00:00,1.1805,1.1829,1.1798,1.1809,1011.0,0.02541080806368612
2021-07-28 15:00:00,1.181,1.181,1.1782,1.1808,1500.0,-0.008468117537474562
2021-07-28 19:00:00,1.1807,1.1848,1.1771,1.1846,2411.0,0.32181571815719234
2021-07-28 23:00:00,1.1845,1.1848,1.1838,1.1844,415.0,-0.016883336147244243
2021-07-29 03:00:00,1.1845,1.1856,1.1839,1.1853,930.0,0.07598784194529085
2021-07-29 07:00:00,1.1852,1.1869,1.1849,1.1867,1099.0,0.11811355774908883
2021-07-29 11:00:00,1.1868,1.1879,1.1863,1.187,1025.0,0.025280188758736166
2021-07-29 15:00:00,1.1871,1.189,1.187,1.1884,1423.0,0.11794439764110098
2021-07-29 19:00:00,1.1885,1.1891,1.1877,1.1886,692.0,0.0168293503870931
2021-07-29 23:00:00,1.1887,1.1893,1.1883,1.1889,369.0,0.025239777889951576
2021-07-30 03:00:00,1.189,1.189,1.1876,1.1877,924.0,-0.10093363613424833
2021-07-30 07:00:00,1.1878,1.1894,1.1874,1.1894,841.0,0.143133787993599
2021-07-30 11:00:00,1.1893,1.1907,1.1881,1.1882,1106.0,-0.10089120564991116
2021-07-30 15:00:00,1.1883,1.1896,1.185,1.1863,1663.0,-0.15990573977444633
2021-07-30 19:00:00,1.1862,1.1863,1.1853,1.1861,586.0,-0.016859141869673966
2021-08-01 23:00:00,1.1864,1.1868,1.1861,1.1865,119.0,0.03372396931120569
2021-08-02 03:00:00,1.1864,1.1871,1.1857,1.187,737.0,0.04214075010535723
2021-08-02 07:00:00,1.1871,1.1886,1.1863,1.188,800.0,0.08424599831506896
2021-08-02 11:00:00,1.1881,1.1896,1.1877,1.1889,918.0,0.07575757575759567
2021-08-02 15:00:00,1.1888,1.1889,1.187,1.1871,1453.0,-0.15140045420136694
2021-08-02 19:00:00,1.187,1.1874,1.1864,1.187,639.0,-0.0084238901524758
2021-08-02 23:00:00,1.1869,1.1875,1.1867,1.1873,262.0,0.02527379949452957
2021-08-03 03:00:00,1.1874,1.1877,1.1867,1.1873,608.0,0.0
2021-08-03 07:00:00,1.1874,1.1882,1.187,1.1877,981.0,0.03368988461214251
2021-08-03 11:00:00,1.1876,1.1892,1.1872,1.1891,931.0,0.11787488423002923
2021-08-03 15:00:00,1.189,1.189,1.1852,1.1857,1482.0,-0.28593053569927473
2021-08-03 19:00:00,1.1856,1.1868,1.1856,1.1864,515.0,0.059036855865723936
2021-08-03 23:00:00,1.1865,1.1869,1.186,1.1868,243.0,0.03371544167229956
2021-08-04 03:00:00,1.1867,1.1874,1.1859,1.1872,713.0,0.03370407819345278
2021-08-04 07:00:00,1.1873,1.1878,1.1868,1.1875,590.0,0.02526954177897167
2021-08-04 11:00:00,1.1876,1.1876,1.1841,1.1862,803.0,-0.10947368421053705
2021-08-04 15:00:00,1.1863,1.1898,1.1831,1.1841,1935.0,-0.17703591299949029
2021-08-04 19:00:00,1.184,1.1841,1.1834,1.1836,715.0,-0.0422261633307941
2021-08-04 23:00:00,1.1837,1.1838,1.1832,1.1836,226.0,0.0
2021-08-05 03:00:00,1.1837,1.1838,1.183,1.1833,433.0,-0.025346400811077086
2021-08-05 07:00:00,1.1832,1.1848,1.1829,1.1848,571.0,0.12676413420096289
2021-08-05 11:00:00,1.1847,1.1855,1.1827,1.1854,974.0,0.050641458473998924
2021-08-05 15:00:00,1.1855,1.1856,1.1831,1.1836,1587.0,-0.15184747764468431
2021-08-05 19:00:00,1.1837,1.184,1.183,1.1834,627.0,-0.016897600540721758
2021-08-05 23:00:00,1.1835,1.1835,1.1829,1.1832,192.0,-0.016900456312318735
2021-08-06 03:00:00,1.1831,1.1832,1.1817,1.1822,329.0,-0.08451656524679496
2021-08-06 07:00:00,1.1821,1.1828,1.1818,1.1823,762.0,0.008458805616640142
2021-08-06 11:00:00,1.1822,1.1823,1.1799,1.1805,777.0,-0.15224562293831845
2021-08-06 15:00:00,1.1806,1.1807,1.1754,1.1759,2236.0,-0.3896653960186458
2021-08-06 19:00:00,1.176,1.1762,1.1753,1.1758,579.0,-0.008504124500385846
2021-08-06 23:00:00,1.1759,1.1763,1.1755,1.176,141.0,0.01700969552644871
2021-08-08 19:00:00,1.176,1.176,1.176,1.176,7.0,0.0
2021-08-08 23:00:00,1.1761,1.1762,1.1741,1.1746,406.0,-0.11904761904760752
2021-08-09 03:00:00,1.1747,1.176,1.1741,1.1758,495.0,0.10216243827685378
2021-08-09 07:00:00,1.1757,1.1765,1.1754,1.1756,712.0,-0.01700969552644871
2021-08-09 11:00:00,1.1757,1.1765,1.1748,1.1762,1028.0,0.051037767948280965
2021-08-09 15:00:00,1.1761,1.1768,1.1739,1.1747,1609.0,-0.12752933174629
2021-08-09 19:00:00,1.1748,1.1748,1.1734,1.1734,777.0,-0.1106665531625195
2021-08-09 23:00:00,1.1735,1.1738,1.1734,1.1735,171.0,0.00852224305436522
2021-08-10 03:00:00,1.1736,1.1739,1.1731,1.1738,521.0,0.02556455048998707
2021-08-10 07:00:00,1.1739,1.1742,1.1725,1.173,722.0,-0.06815471119440142
2021-08-10 11:00:00,1.1731,1.1738,1.1715,1.1721,1215.0,-0.07672634271100875
2021-08-10 15:00:00,1.1722,1.1724,1.1709,1.1719,1714.0,-0.01706339049568628
2021-08-10 19:00:00,1.172,1.1723,1.1713,1.1718,577.0,-0.00853315129276666
2021-08-10 23:00:00,1.1717,1.1721,1.1716,1.1719,209.0,0.008533879501615438
2021-08-11 03:00:00,1.1718,1.1725,1.1711,1.1718,273.0,-0.00853315129276666
2021-08-11 07:00:00,1.1717,1.172,1.1705,1.1712,644.0,-0.051203277009725934
2021-08-11 11:00:00,1.1711,1.1717,1.1708,1.1715,711.0,0.025614754098368664
2021-08-11 15:00:00,1.1714,1.1748,1.1712,1.1736,3015.0,0.17925736235595569
2021-08-11 19:00:00,1.1735,1.1753,1.1733,1.1741,930.0,0.042603953646902504
2021-08-11 23:00:00,1.174,1.1742,1.1737,1.1741,198.0,0.0
2021-08-12 03:00:00,1.174,1.1744,1.1734,1.1744,265.0,0.02555148624479031
2021-08-12 07:00:00,1.1743,1.1745,1.1732,1.1741,623.0,-0.025544959128076528
2021-08-12 11:00:00,1.1742,1.1747,1.1731,1.1738,655.0,-0.02555148624477921
2021-08-12 15:00:00,1.1737,1.174,1.1723,1.1734,1533.0,-0.03407735559720626
2021-08-12 19:00:00,1.1735,1.1742,1.1729,1.1734,542.0,0.0
2021-08-12 23:00:00,1.1733,1.1738,1.1728,1.1735,383.0,0.00852224305436522
2021-08-13 03:00:00,1.1734,1.1742,1.1732,1.1739,284.0,0.03408606731998276
2021-08-13 07:00:00,1.174,1.174,1.1729,1.1734,503.0,-0.04259306584887268
2021-08-13 11:00:00,1.1733,1.1762,1.1733,1.1759,801.0,0.21305607635928592
2021-08-13 15:00:00,1.176,1.18,1.1759,1.1795,1735.0,0.3061484820137794
2021-08-13 19:00:00,1.1796,1.1804,1.1791,1.1797,525.0,0.016956337431106583
2021-08-13 23:00:00,1.1796,1.1797,1.1794,1.1795,138.0,-0.01695346274476206
2021-08-15 23:00:00,1.1796,1.18,1.1791,1.1793,239.0,-0.016956337431117685
2021-08-16 03:00:00,1.1794,1.18,1.1789,1.1789,360.0,-0.033918426185020056
2021-08-16 07:00:00,1.179,1.1793,1.1778,1.178,530.0,-0.07634235304098125
2021-08-16 11:00:00,1.1779,1.179,1.1766,1.1767,777.0,-0.11035653650253163
2021-08-16 15:00:00,1.1768,1.179,1.1767,1.1774,1585.0,0.05948839976204212
2021-08-16 19:00:00,1.1775,1.178,1.1773,1.1777,421.0,0.025479870901978785
2021-08-16 23:00:00,1.1778,1.1779,1.1774,1.1777,192.0,0.0
2021-08-17 03:00:00,1.1776,1.1776,1.1766,1.1767,438.0,-0.0849112677252184
2021-08-17 07:00:00,1.1768,1.1774,1.1759,1.1771,848.0,0.0339933712925955
2021-08-17 11:00:00,1.1772,1.1784,1.1761,1.1762,941.0,-0.07645909438451781
2021-08-17 15:00:00,1.1761,1.177,1.1709,1.1712,2542.0,-0.42509777248765923
2021-08-17 19:00:00,1.1713,1.1719,1.1707,1.1712,830.0,0.0
2021-08-17 23:00:00,1.1711,1.1712,1.1701,1.1708,430.0,-0.03415300546447675
2021-08-18 03:00:00,1.1707,1.1722,1.1707,1.1716,482.0,0.06832934745473196
2021-08-18 07:00:00,1.1717,1.1729,1.1712,1.1723,547.0,0.05974735404574716
2021-08-18 11:00:00,1.1724,1.1725,1.1705,1.1721,846.0,-0.017060479399466644
2021-08-18 15:00:00,1.172,1.1725,1.1693,1.17,1687.0,-0.17916560020475591
2021-08-18 19:00:00,1.1701,1.1742,1.1693,1.1712,2078.0,0.10256410256410664
2021-08-18 23:00:00,1.1711,1.1716,1.1702,1.1702,301.0,-0.08538251366121408
2021-08-19 03:00:00,1.1703,1.1703,1.1665,1.1674,824.0,-0.23927533754912744
2021-08-19 07:00:00,1.1675,1.1683,1.1668,1.1682,1300.0,0.06852835360628973
2021-08-19 11:00:00,1.1683,1.1703,1.1679,1.1698,1338.0,0.13696284882724896
2021-08-19 15:00:00,1.1699,1.1703,1.1678,1.1692,1965.0,-0.051290818943405814
2021-08-19 19:00:00,1.1691,1.1692,1.1671,1.1676,736.0,-0.13684570646596006
2021-08-19 23:00:00,1.1675,1.1678,1.1674,1.1675,153.0,-0.008564576909897426
2021-08-20 03:00:00,1.1676,1.1686,1.1675,1.1684,455.0,0.07708779443256208
2021-08-20 07:00:00,1.1685,1.1688,1.1677,1.1679,933.0,-0.04279356384800925
2021-08-20 11:00:00,1.168,1.1684,1.1666,1.1667,1038.0,-0.1027485229899705
2021-08-20 15:00:00,1.1668,1.169,1.1663,1.169,1957.0,0.19713722465071193
2021-08-20 19:00:00,1.1689,1.1704,1.1688,1.1701,653.0,0.09409751924720489
2021-08-20 23:00:00,1.17,1.1704,1.1698,1.1699,142.0,-0.017092556191777852
2021-08-22 19:00:00,1.1699,1.1699,1.1699,1.1699,10.0,0.0
2021-08-22 23:00:00,1.1696,1.1701,1.1692,1.1696,267.0,-0.025643217368997995
2021-08-23 03:00:00,1.1697,1.1723,1.1694,1.1719,495.0,0.19664842681257344
2021-08-23 07:00:00,1.1718,1.1725,1.1706,1.1722,947.0,0.025599453878322187
2021-08-23 11:00:00,1.1721,1.1732,1.1714,1.1717,984.0,-0.04265483705852002
2021-08-23 15:00:00,1.1718,1.1743,1.1715,1.1731,1658.0,0.1194845096867958
2021-08-23 19:00:00,1.173,1.1749,1.173,1.1746,521.0,0.12786633705565986
2021-08-23 23:00:00,1.1747,1.1748,1.1741,1.1743,223.0,-0.0255406095692301
2021-08-24 03:00:00,1.1744,1.1746,1.1733,1.1737,240.0,-0.0510942689261662
2021-08-24 07:00:00,1.1736,1.1746,1.1732,1.1737,617.0,0.0
2021-08-24 11:00:00,1.1736,1.1741,1.1726,1.1735,772.0,-0.017040129504986012
2021-08-24 15:00:00,1.1736,1.1764,1.1734,1.1746,1905.0,0.09373668512995259
2021-08-24 19:00:00,1.1745,1.1757,1.1742,1.1757,509.0,0.09364890175378449
2021-08-24 23:00:00,1.1756,1.1758,1.1751,1.1752,181.0,-0.0425278557455111
2021-08-25 03:00:00,1.1753,1.1757,1.1732,1.1737,311.0,-0.12763784887679375
2021-08-25 07:00:00,1.1738,1.1744,1.1731,1.1737,508.0,0.0
2021-08-25 11:00:00,1.1736,1.1759,1.1732,1.174,1041.0,0.02556019425747902
2021-08-25 15:00:00,1.1739,1.1759,1.1725,1.1756,1902.0,0.13628620102215105
2021-08-25 19:00:00,1.1755,1.1773,1.1752,1.177,754.0,0.11908812521266299
2021-08-25 23:00:00,1.1769,1.1774,1.1767,1.1771,152.0,0.00849617672047387
2021-08-26 03:00:00,1.177,1.1773,1.176,1.1762,353.0,-0.07645909438451781
2021-08-26 07:00:00,1.1763,1.1774,1.1756,1.1769,793.0,0.05951368814829383
2021-08-26 11:00:00,1.1768,1.1778,1.1757,1.1769,858.0,0.0
2021-08-26 15:00:00,1.1768,1.1775,1.1745,1.1761,2323.0,-0.06797518905600208
2021-08-26 19:00:00,1.176,1.1762,1.1748,1.1754,827.0,-0.05951874840574023
2021-08-26 23:00:00,1.1753,1.1757,1.175,1.1753,299.0,-0.008507742045260613
2021-08-27 03:00:00,1.1752,1.1759,1.1741,1.1759,394.0,0.051050795541551786
2021-08-27 07:00:00,1.1758,1.177,1.1756,1.176,583.0,0.008504124500374743
2021-08-27 11:00:00,1.1761,1.1765,1.1749,1.1763,743.0,0.025510204081635734
2021-08-27 15:00:00,1.1762,1.1801,1.1734,1.1792,4391.0,0.24653574768342956
2021-08-27 19:00:00,1.1793,1.1801,1.1788,1.1796,712.0,0.03392130257802162
2021-08-27 23:00:00,1.1795,1.1797,1.1793,1.1795,79.0,-0.008477449983046448
2021-08-29 23:00:00,1.1791,1.18,1.1791,1.1797,140.0,0.016956337431106583
2021-08-30 03:00:00,1.1798,1.1809,1.1794,1.1803,456.0,0.05086038823429728
2021-08-30 07:00:00,1.1802,1.1806,1.1793,1.1801,474.0,-0.016944844531052716
2021-08-30 11:00:00,1.18,1.1804,1.179,1.1799,702.0,-0.016947716295223625
2021-08-30 15:00:00,1.1798,1.1803,1.1782,1.1794,1248.0,-0.04237647258241717
2021-08-30 19:00:00,1.1793,1.1803,1.1792,1.1799,321.0,0.0423944378497465
2021-08-30 23:00:00,1.1798,1.1799,1.1794,1.1796,164.0,-0.02542588354944586
2021-08-31 03:00:00,1.1795,1.1819,1.1794,1.1819,499.0,0.1949813496100239
2021-08-31 07:00:00,1.1818,1.1831,1.1816,1.1827,650.0,0.06768762162621123
2021-08-31 11:00:00,1.1826,1.1844,1.1819,1.1839,1359.0,0.10146275471378807
2021-08-31 15:00:00,1.1838,1.1839,1.1796,1.1799,2724.0,-0.3378663738491383
2021-08-31 19:00:00,1.1798,1.1812,1.1797,1.1806,911.0,0.05932706161539958
2021-08-31 23:00:00,1.1805,1.1811,1.1805,1.1809,219.0,0.02541080806368612
2021-09-01 03:00:00,1.1808,1.181,1.1799,1.1803,412.0,-0.05080870522483627
2021-09-01 07:00:00,1.1804,1.1813,1.1793,1.1805,1046.0,0.01694484453107492
2021-09-01 11:00:00,1.1804,1.1822,1.1802,1.1813,1272.0,0.06776789495974711
2021-09-01 15:00:00,1.1814,1.1856,1.1813,1.1849,3395.0,0.3047490053331048
2021-09-01 19:00:00,1.185,1.1855,1.1837,1.1837,750.0,-0.10127436914508792
2021-09-01 23:00:00,1.1838,1.1841,1.1837,1.184,419.0,0.025344259525206247
2021-09-02 03:00:00,1.1841,1.1845,1.1836,1.1837,691.0,-0.025337837837835497
2021-09-02 07:00:00,1.1836,1.1851,1.1833,1.1847,1296.0,0.08448086508405783
2021-09-02 11:00:00,1.1846,1.1855,1.1842,1.1846,1447.0,-0.008440955516164639
2021-09-02 15:00:00,1.1847,1.187,1.1836,1.1856,2026.0,0.0844166807361102
2021-09-02 19:00:00,1.1857,1.1875,1.1857,1.1873,709.0,0.14338731443994668
2021-09-02 23:00:00,1.1872,1.1876,1.187,1.1873,255.0,0.0
2021-09-03 03:00:00,1.1872,1.1883,1.1872,1.1878,807.0,0.04211235576516703
2021-09-03 07:00:00,1.1877,1.1881,1.187,1.1874,1050.0,-0.033675702980295874
2021-09-03 11:00:00,1.1873,1.1882,1.1865,1.1872,1420.0,-0.0168435236651443
2021-09-03 15:00:00,1.1873,1.1908,1.1864,1.1882,4576.0,0.08423180592991297
2021-09-03 19:00:00,1.1883,1.1897,1.1879,1.1879,705.0,-0.025248274701228368
2021-09-03 23:00:00,1.1878,1.188,1.1874,1.1876,103.0,-0.02525465106489877
2021-09-05 19:00:00,1.1876,1.1876,1.1876,1.1876,4.0,0.0
2021-09-05 23:00:00,1.188,1.1885,1.1878,1.1885,186.0,0.07578309195013233
2021-09-06 03:00:00,1.1884,1.1885,1.1864,1.1867,412.0,-0.15145140933948698
2021-09-06 07:00:00,1.1866,1.1874,1.1859,1.1862,621.0,-0.04213364793125285
2021-09-06 11:00:00,1.1863,1.1868,1.1855,1.1861,1063.0,-0.008430281571403242
2021-09-06 15:00:00,1.1862,1.187,1.1857,1.1865,954.0,0.03372396931120569
2021-09-06 19:00:00,1.1864,1.1871,1.1864,1.1868,442.0,0.025284450063201014
2021-09-06 19:00:00,1.1864,1.1871,1.1864,1.1868,223.0,0.0
2021-09-06 23:00:00,1.1867,1.1873,1.1867,1.1872,998.0,0.03370407819345278
2021-09-07 03:00:00,1.1873,1.1884,1.1872,1.1878,864.0,0.05053908355794334
2021-09-07 07:00:00,1.1877,1.1882,1.1862,1.1875,1871.0,-0.025256777235227457
2021-09-07 11:00:00,1.1874,1.1879,1.1857,1.186,2728.0,-0.1263157894736855
2021-09-07 15:00:00,1.1861,1.1864,1.1837,1.1848,3483.0,-0.10118043844855595
2021-09-07 19:00:00,1.1847,1.1852,1.1837,1.1839,1013.0,-0.07596218771102059
2021-09-07 23:00:00,1.1838,1.1845,1.1838,1.1842,462.0,0.025339978038685373
2021-09-08 03:00:00,1.1843,1.185,1.1839,1.1841,407.0,-0.008444519506833892
2021-09-08 07:00:00,1.1842,1.1844,1.1828,1.183,1577.0,-0.09289755932775368
2021-09-08 11:00:00,1.1829,1.1829,1.1811,1.1822,1935.0,-0.06762468300931523
2021-09-08 15:00:00,1.1821,1.1829,1.1801,1.1817,3231.0,-0.042294028083234014
2021-09-08 19:00:00,1.1816,1.1829,1.1815,1.1817,1114.0,0.0
2021-09-08 23:00:00,1.1818,1.1819,1.1813,1.1818,255.0,0.008462384700003156
2021-09-09 03:00:00,1.1817,1.1824,1.1811,1.1817,855.0,-0.008461668641057685
2021-09-09 07:00:00,1.1818,1.1827,1.181,1.1821,1481.0,0.03384953880003483
2021-09-09 11:00:00,1.1822,1.184,1.1821,1.1839,2946.0,0.1522713814398058
2021-09-09 15:00:00,1.184,1.184,1.1804,1.1826,5863.0,-0.10980657150095885
2021-09-09 19:00:00,1.1827,1.1839,1.1824,1.1825,975.0,-0.008455944529006665
2021-09-09 23:00:00,1.1824,1.1827,1.1821,1.1822,283.0,-0.025369978858369446
2021-09-10 03:00:00,1.1823,1.1832,1.1818,1.1829,711.0,0.059211639316547604
2021-09-10 07:00:00,1.183,1.1843,1.1824,1.1841,2118.0,0.10144559979710088
2021-09-10 11:00:00,1.1842,1.185,1.1826,1.1833,2248.0,-0.06756186132926834
2021-09-10 15:00:00,1.1832,1.1841,1.1817,1.1821,3523.0,-0.10141130736077697
2021-09-10 19:00:00,1.182,1.1822,1.1811,1.1812,909.0,-0.07613569071989179
2021-09-10 23:00:00,1.1811,1.1813,1.1809,1.181,120.0,-0.016931933626818108
2021-09-12 19:00:00,1.181,1.181,1.181,1.181,6.0,0.0
2021-09-12 23:00:00,1.181,1.1816,1.1808,1.1811,253.0,0.008467400508038736
2021-09-13 03:00:00,1.1812,1.1812,1.1801,1.1804,773.0,-0.059266785200251526
2021-09-13 07:00:00,1.1805,1.1805,1.1774,1.1786,1974.0,-0.15249068112502817
2021-09-13 11:00:00,1.1785,1.1792,1.1769,1.1773,1997.0,-0.11030035635500868
2021-09-13 15:00:00,1.1774,1.1816,1.177,1.1808,3002.0,0.2972904102607643
2021-09-13 19:00:00,1.1807,1.1809,1.18,1.1807,855.0,-0.008468834688346583
2021-09-13 23:00:00,1.1806,1.1811,1.1806,1.1809,204.0,0.016939103921398413
2021-09-14 03:00:00,1.181,1.1818,1.1805,1.1815,562.0,0.05080870522482517
2021-09-14 07:00:00,1.1814,1.1829,1.1806,1.1824,1559.0,0.07617435463393996
2021-09-14 11:00:00,1.1825,1.1826,1.1799,1.1809,1451.0,-0.12686062246277663
2021-09-14 15:00:00,1.181,1.1845,1.1806,1.1822,4864.0,0.1100855279871249
2021-09-14 19:00:00,1.1821,1.1827,1.1799,1.1804,952.0,-0.15225850109964467
2021-09-14 23:00:00,1.1805,1.1808,1.18,1.1802,903.0,-0.01694340901389202
2021-09-15 03:00:00,1.1803,1.1811,1.18,1.1805,781.0,0.025419420437233775
2021-09-15 07:00:00,1.1804,1.1818,1.1798,1.1816,1659.0,0.09318085556966338
2021-09-15 11:00:00,1.1815,1.1831,1.1813,1.1821,1799.0,0.042315504400813886
2021-09-15 15:00:00,1.182,1.1831,1.1806,1.1811,5382.0,-0.08459521191099828
2021-09-15 19:00:00,1.181,1.1817,1.1802,1.1816,1179.0,0.04233341800017332
2021-09-15 23:00:00,1.1815,1.182,1.1813,1.1818,275.0,0.016926201760325554
2021-09-16 03:00:00,1.1817,1.182,1.1811,1.1811,365.0,-0.05923168048738159
2021-09-16 07:00:00,1.1812,1.1812,1.1777,1.178,1551.0,-0.2624671916010568
2021-09-16 11:00:00,1.1781,1.1784,1.1761,1.1768,2470.0,-0.10186757215618902
2021-09-16 15:00:00,1.1767,1.1769,1.1749,1.1762,4715.0,-0.05098572399729884
2021-09-16 19:00:00,1.1763,1.177,1.1752,1.1768,1177.0,0.05101173269852488
2021-09-16 23:00:00,1.1767,1.177,1.1761,1.1764,711.0,-0.03399048266486959
2021-09-17 03:00:00,1.1763,1.1769,1.1758,1.1768,902.0,0.034002040122427246
2021-09-17 07:00:00,1.1769,1.1784,1.1767,1.1772,1632.0,0.03399048266485849
2021-09-17 11:00:00,1.1773,1.1788,1.1768,1.1788,2219.0,0.13591573224600584
2021-09-17 15:00:00,1.1787,1.1788,1.1728,1.1733,3575.0,-0.46657617916525673
2021-09-17 19:00:00,1.1732,1.1736,1.1724,1.173,775.0,-0.025568908207618257
2021-09-17 23:00:00,1.1729,1.173,1.1724,1.1725,157.0,-0.04262574595055302
2021-09-19 23:00:00,1.1726,1.173,1.1722,1.1728,184.0,0.025586353944562212
2021-09-20 03:00:00,1.1729,1.1729,1.1709,1.171,432.0,-0.15347885402455796
2021-09-20 07:00:00,1.1711,1.1717,1.1705,1.171,1588.0,0.0
2021-09-20 11:00:00,1.1709,1.1716,1.1699,1.1704,2167.0,-0.051238257899222095
2021-09-20 15:00:00,1.1705,1.1736,1.1704,1.1728,3444.0,0.20505809979494138
2021-09-20 19:00:00,1.1727,1.1733,1.1721,1.1729,883.0,0.008526603001368649
2021-09-20 23:00:00,1.1728,1.173,1.1723,1.1726,517.0,-0.025577628101280947
2021-09-21 03:00:00,1.1725,1.1739,1.1722,1.1731,593.0,0.04264028654272778
2021-09-21 07:00:00,1.1732,1.1737,1.1717,1.1726,2213.0,-0.04262211235188662
2021-09-21 11:00:00,1.1725,1.1745,1.1722,1.1744,1864.0,0.15350503155382444
2021-09-21 15:00:00,1.1743,1.1748,1.1714,1.1723,3559.0,-0.17881471389648018
2021-09-21 19:00:00,1.1724,1.1731,1.1718,1.1728,855.0,0.042651198498688814
2021-09-21 23:00:00,1.1729,1.1729,1.1721,1.1722,291.0,-0.05115961800820079
2021-09-22 03:00:00,1.1723,1.173,1.1716,1.1719,866.0,-0.025592902235105353
2021-09-22 07:00:00,1.1718,1.1737,1.1716,1.1728,1544.0,0.07679836163496656
2021-09-22 11:00:00,1.1729,1.1736,1.1723,1.1725,1252.0,-0.025579809004094844
2021-09-22 15:00:00,1.1726,1.1744,1.1723,1.1737,2934.0,0.10234541577824885
2021-09-22 19:00:00,1.1738,1.1755,1.1683,1.1694,4362.0,-0.36636278435715486
2021-09-22 23:00:00,1.1695,1.1696,1.1686,1.1686,338.0,-0.06841115101761108
2021-09-23 03:00:00,1.1687,1.1708,1.1683,1.1706,612.0,0.17114495978094446
2021-09-23 07:00:00,1.1707,1.1724,1.1704,1.1714,1841.0,0.0683410216982594
2021-09-23 11:00:00,1.1715,1.1732,1.1709,1.1714,3906.0,0.0
2021-09-23 15:00:00,1.1715,1.1749,1.1713,1.1733,4877.0,0.16219907802630384
2021-09-23 19:00:00,1.1732,1.1748,1.173,1.1741,854.0,0.06818375522030795
2021-09-23 23:00:00,1.174,1.1745,1.1735,1.1739,272.0,-0.01703432416318984
2021-09-24 03:00:00,1.174,1.1747,1.1737,1.174,979.0,0.008518613169772316
2021-09-24 07:00:00,1.1741,1.1741,1.173,1.1737,1871.0,-0.025553662691646384
2021-09-24 11:00:00,1.1738,1.174,1.1712,1.1713,2020.0,-0.20448155405980994
2021-09-24 15:00:00,1.1714,1.1719,1.17,1.1713,2268.0,0.0
2021-09-24 19:00:00,1.1714,1.1724,1.1712,1.1715,608.0,0.017075044822001395
2021-09-24 23:00:00,1.1716,1.1721,1.1715,1.172,55.0,0.04268032437046987
2021-09-26 19:00:00,1.172,1.172,1.172,1.172,2.0,0.0
2021-09-26 23:00:00,1.1724,1.1724,1.1713,1.1722,309.0,0.017064846416370294
2021-09-27 03:00:00,1.1721,1.1724,1.1716,1.1722,530.0,0.0
2021-09-27 07:00:00,1.1721,1.1724,1.1693,1.1694,1534.0,-0.23886708752771657
2021-09-27 11:00:00,1.1693,1.171,1.1684,1.1691,1716.0,-0.02565418163160693
2021-09-27 15:00:00,1.1692,1.1709,1.169,1.17,2639.0,0.07698229407235857
2021-09-27 19:00:00,1.1701,1.1708,1.1696,1.1697,481.0,-0.02564102564102111
2021-09-27 23:00:00,1.1696,1.1699,1.1693,1.1695,256.0,-0.017098401299475707
2021-09-28 03:00:00,1.1694,1.1696,1.1684,1.1691,412.0,-0.03420265070542827
2021-09-28 07:00:00,1.169,1.1702,1.1671,1.1686,1493.0,-0.04276794115131155
2021-09-28 11:00:00,1.1685,1.1692,1.1672,1.1686,1896.0,0.0
2021-09-28 15:00:00,1.1687,1.17,1.1667,1.168,4401.0,-0.05134348793429666
2021-09-28 19:00:00,1.1679,1.1689,1.1674,1.1684,1404.0,0.0342465753424781
2021-09-28 23:00:00,1.1685,1.1688,1.168,1.1685,342.0,0.008558712769590748
2021-09-29 03:00:00,1.1686,1.1689,1.1677,1.1684,671.0,-0.008557980316648006
2021-09-29 07:00:00,1.1683,1.1687,1.1655,1.1661,1905.0,-0.19685039370080926
2021-09-29 11:00:00,1.1662,1.1671,1.1639,1.1649,2207.0,-0.10290712631848553
2021-09-29 15:00:00,1.1648,1.1658,1.1609,1.1611,2052.0,-0.32620825821959576
2021-09-29 19:00:00,1.161,1.1615,1.1588,1.1593,690.0,-0.15502540694170008
2021-09-29 23:00:00,1.1592,1.1601,1.159,1.1601,208.0,0.06900715949278435
2021-09-30 03:00:00,1.16,1.1608,1.1597,1.1603,442.0,0.017239893112686033
2021-09-30 07:00:00,1.1604,1.1608,1.1591,1.1604,927.0,0.008618460742915168
2021-09-30 11:00:00,1.1603,1.1609,1.1567,1.1575,1121.0,-0.24991382281972507
2021-09-30 15:00:00,1.1576,1.1597,1.157,1.1577,2604.0,0.017278617710592137
2021-09-30 19:00:00,1.1576,1.1588,1.1562,1.1582,1008.0,0.043189081800121265
2021-09-30 23:00:00,1.1583,1.1585,1.1572,1.1573,243.0,-0.07770678639267281
2021-10-01 03:00:00,1.1574,1.1578,1.1562,1.1575,468.0,0.017281603732821615
2021-10-01 07:00:00,1.1576,1.159,1.1574,1.1578,887.0,0.025917926565877103
2021-10-01 11:00:00,1.1577,1.1602,1.1571,1.1597,1187.0,0.16410433580928974
2021-10-01 15:00:00,1.1596,1.1606,1.1583,1.1596,2173.0,-0.008622919720613353
2021-10-01 19:00:00,1.1597,1.1602,1.1592,1.1597,571.0,0.008623663332185671
2021-10-01 23:00:00,1.1598,1.1598,1.1591,1.1592,59.0,-0.04311459860307787
2021-10-03 15:00:00,1.1592,1.1592,1.1592,1.1592,11.0,0.0
2021-10-03 23:00:00,1.1599,1.161,1.1593,1.1606,144.0,0.12077294685990392
2021-10-04 03:00:00,1.1607,1.1613,1.1587,1.1588,346.0,-0.15509219369291838
2021-10-04 07:00:00,1.1589,1.1608,1.1589,1.1608,609.0,0.17259233690023468
2021-10-04 11:00:00,1.1609,1.1633,1.1605,1.1632,726.0,0.2067539627842896
2021-10-04 15:00:00,1.1633,1.1639,1.1614,1.162,1506.0,-0.10316368638240148
2021-10-04 19:00:00,1.1619,1.1627,1.1615,1.162,498.0,0.0
2021-10-04 23:00:00,1.1621,1.1622,1.1614,1.1615,219.0,-0.043029259896720795
2021-10-05 03:00:00,1.1616,1.1619,1.1597,1.1598,447.0,-0.14636246233319383
2021-10-05 07:00:00,1.1599,1.1604,1.1589,1.1597,655.0,-0.008622176237282897
2021-10-05 11:00:00,1.1596,1.1604,1.1589,1.1597,840.0,0.0
2021-10-05 15:00:00,1.1598,1.1612,1.158,1.1608,1520.0,0.0948521169267913
2021-10-05 19:00:00,1.1607,1.1611,1.1593,1.1595,424.0,-0.11199172984149852
2021-10-05 23:00:00,1.1596,1.16,1.1593,1.1595,202.0,0.0
2021-10-06 03:00:00,1.1594,1.1597,1.1587,1.1593,392.0,-0.017248814144021907
2021-10-06 07:00:00,1.1592,1.1593,1.1555,1.1555,666.0,-0.3277840075907923
2021-10-06 11:00:00,1.1556,1.156,1.1528,1.1537,1086.0,-0.15577672003461718
2021-10-06 15:00:00,1.1545,1.1555,1.1531,1.1543,968.0,0.05200658750110776
2021-10-06 15:00:00,1.1538,1.1551,1.1536,1.1549,742.0,0.051979554708481146
2021-10-06 19:00:00,1.1544,1.1558,1.1541,1.1558,755.0,0.07792882500647913
2021-10-06 23:00:00,1.1557,1.1559,1.1552,1.1554,244.0,-0.03460806367883151
2021-10-07 03:00:00,1.1555,1.156,1.155,1.1555,363.0,0.00865501125151269
2021-10-07 07:00:00,1.1554,1.157,1.1548,1.1568,609.0,0.11250540891389882
2021-10-07 11:00:00,1.1567,1.1571,1.1554,1.1564,763.0,-0.03457814661134151
2021-10-07 15:00:00,1.1563,1.1568,1.1547,1.1559,1263.0,-0.04323763403667469
2021-10-07 19:00:00,1.1558,1.1564,1.1548,1.1553,477.0,-0.05190760446405207
2021-10-07 23:00:00,1.1554,1.1559,1.155,1.1558,253.0,0.04327880204275658
2021-10-08 03:00:00,1.1559,1.1559,1.1549,1.1551,445.0,-0.06056411143795515
2021-10-08 07:00:00,1.1552,1.1553,1.154,1.1547,630.0,-0.03462903644705362
2021-10-08 11:00:00,1.1546,1.1568,1.1543,1.1561,806.0,0.1212436130596517
2021-10-08 15:00:00,1.1562,1.1585,1.1555,1.1571,2434.0,0.08649770781075095
2021-10-08 19:00:00,1.157,1.1577,1.1559,1.157,442.0,-0.008642295393657129
2021-10-08 23:00:00,1.1569,1.1574,1.1569,1.1574,74.0,0.034572169403634945
2021-10-10 23:00:00,1.1569,1.1575,1.1563,1.1565,133.0,-0.07776049766717863
2021-10-11 03:00:00,1.1564,1.1578,1.1564,1.1571,438.0,0.05188067444876765
2021-10-11 07:00:00,1.157,1.1586,1.1569,1.1573,844.0,0.017284590787314258
2021-10-11 11:00:00,1.1574,1.1575,1.1551,1.1568,906.0,-0.04320400933206514
2021-10-11 15:00:00,1.1569,1.1583,1.1559,1.1572,1076.0,0.03457814661134151
2021-10-11 19:00:00,1.1571,1.1572,1.1549,1.1549,357.0,-0.19875561700656297
2021-10-11 23:00:00,1.155,1.1555,1.1547,1.1552,236.0,0.02597627500215971
2021-10-12 03:00:00,1.1553,1.156,1.1546,1.1559,439.0,0.0605955678670389
2021-10-12 07:00:00,1.1558,1.1569,1.1555,1.1555,566.0,-0.03460506964270138
2021-10-12 11:00:00,1.1556,1.1566,1.1549,1.1555,760.0,0.0
2021-10-12 15:00:00,1.1556,1.1558,1.1532,1.1539,1489.0,-0.1384681955863276
2021-10-12 19:00:00,1.154,1.1541,1.1523,1.1531,569.0,-0.06933009792875477
2021-10-12 23:00:00,1.153,1.1532,1.1526,1.153,182.0,-0.00867227473766441
2021-10-13 03:00:00,1.1529,1.1555,1.1529,1.1551,405.0,0.18213356461405095
2021-10-13 07:00:00,1.1552,1.1555,1.1545,1.155,879.0,-0.00865725911176618
2021-10-13 11:00:00,1.1549,1.1566,1.1547,1.1564,894.0,0.12121212121212199
2021-10-13 15:00:00,1.1563,1.1578,1.1535,1.1567,2072.0,0.02594258042198927
2021-10-13 19:00:00,1.1566,1.1596,1.1566,1.1593,788.0,0.22477738393704705
2021-10-13 23:00:00,1.1592,1.1599,1.1589,1.1596,200.0,0.025877684809794133
2021-10-14 03:00:00,1.1597,1.16,1.1588,1.1593,381.0,-0.025870989996545912
2021-10-14 07:00:00,1.1594,1.1611,1.1587,1.1607,716.0,0.12076252911239482
2021-10-14 11:00:00,1.1606,1.1624,1.1602,1.1602,874.0,-0.04307745326097567
2021-10-14 15:00:00,1.1603,1.1608,1.1583,1.159,1596.0,-0.10343044302705273
2021-10-14 19:00:00,1.1589,1.1601,1.1584,1.1597,503.0,0.06039689387402625
2021-10-14 23:00:00,1.1596,1.1598,1.1589,1.1589,226.0,-0.06898335776492903
2021-10-15 03:00:00,1.159,1.1611,1.1587,1.1607,354.0,0.15531969971525061
2021-10-15 07:00:00,1.1608,1.1614,1.1603,1.1611,598.0,0.034461962608767216
2021-10-15 11:00:00,1.161,1.1618,1.1598,1.1602,845.0,-0.07751270347086114
2021-10-15 15:00:00,1.1601,1.1609,1.1588,1.1592,1543.0,-0.08619203585588098
2021-10-15 19:00:00,1.1593,1.1605,1.159,1.1602,588.0,0.08626639061419805
2021-10-15 23:00:00,1.1603,1.1605,1.1597,1.1598,70.0,-0.03447681434235461
2021-10-17 23:00:00,1.1596,1.1604,1.1596,1.1596,208.0,-0.017244352474565794
2021-10-18 03:00:00,1.1595,1.1597,1.158,1.1581,682.0,-0.12935494998276287
2021-10-18 07:00:00,1.1582,1.1592,1.1571,1.1592,882.0,0.09498316207581237
2021-10-18 11:00:00,1.1591,1.1597,1.1576,1.1596,808.0,0.03450655624568366
2021-10-18 15:00:00,1.1597,1.1612,1.1592,1.1608,1485.0,0.10348395998620585
2021-10-18 19:00:00,1.1609,1.1621,1.1608,1.161,419.0,0.017229496898685248
2021-10-18 23:00:00,1.1609,1.1613,1.1608,1.1612,247.0,0.017226528854430434
2021-10-19 03:00:00,1.1613,1.1646,1.1612,1.1646,398.0,0.2928005511539933
2021-10-19 07:00:00,1.1645,1.1657,1.1644,1.1653,893.0,0.0601064743259494
2021-10-19 11:00:00,1.1652,1.1668,1.1649,1.1656,913.0,0.025744443490949287
2021-10-19 15:00:00,1.1655,1.1658,1.1629,1.1631,1237.0,-0.2144818119423464
2021-10-19 19:00:00,1.163,1.1644,1.1629,1.1635,390.0,0.03439085203336134
2021-10-19 23:00:00,1.1634,1.1635,1.163,1.163,154.0,-0.042973785990541025
2021-10-20 03:00:00,1.1631,1.1647,1.1627,1.1643,487.0,0.11177987962165403
2021-10-20 07:00:00,1.1642,1.1651,1.1616,1.1624,749.0,-0.16318818174008154
2021-10-20 11:00:00,1.1623,1.1635,1.162,1.1622,706.0,-0.017205781142481946
2021-10-20 15:00:00,1.1623,1.1651,1.1621,1.1642,1332.0,0.17208742040957237
2021-10-20 19:00:00,1.1641,1.1658,1.1641,1.1652,562.0,0.08589589417626886
2021-10-20 23:00:00,1.1651,1.1656,1.1647,1.1652,192.0,0.0
2021-10-21 03:00:00,1.1651,1.1666,1.165,1.1664,406.0,0.1029866117404854
2021-10-21 07:00:00,1.1663,1.1664,1.1635,1.164,716.0,-0.2057613168724437
2021-10-21 11:00:00,1.1641,1.1644,1.1633,1.1641,699.0,0.00859106529209619
2021-10-21 15:00:00,1.164,1.1651,1.163,1.1641,1573.0,0.0
2021-10-21 19:00:00,1.1642,1.1643,1.162,1.1621,496.0,-0.17180654582940047
2021-10-21 23:00:00,1.1622,1.1625,1.1619,1.1624,168.0,0.025815334308587623
2021-10-22 03:00:00,1.1623,1.1631,1.162,1.1626,520.0,0.017205781142459742
2021-10-22 07:00:00,1.1627,1.1646,1.1622,1.1641,777.0,0.12902115947013293
2021-10-22 11:00:00,1.1642,1.1646,1.163,1.163,733.0,-0.09449360020615805
2021-10-22 15:00:00,1.1629,1.1655,1.1624,1.1631,2051.0,0.008598452278585356
2021-10-22 19:00:00,1.163,1.1643,1.1621,1.1643,784.0,0.10317255610006182
2021-10-22 23:00:00,1.1642,1.1644,1.1639,1.1643,62.0,0.0
2021-10-24 23:00:00,1.1637,1.1644,1.1635,1.1638,130.0,-0.0429442583526507
2021-10-25 03:00:00,1.1639,1.1664,1.1638,1.1663,507.0,0.21481354184567092
2021-10-25 07:00:00,1.1664,1.1664,1.164,1.1657,766.0,-0.05144473977535258
2021-10-25 11:00:00,1.1658,1.1659,1.1603,1.1607,1112.0,-0.4289268250836309
2021-10-25 15:00:00,1.1606,1.1614,1.159,1.1609,1325.0,0.017230981304372506
2021-10-25 19:00:00,1.1608,1.1616,1.1604,1.1612,551.0,0.025842019123101245
2021-10-25 23:00:00,1.1611,1.1612,1.1605,1.1608,164.0,-0.03444712366517111
2021-10-26 03:00:00,1.1609,1.1609,1.1596,1.16,328.0,-0.0689179875947743
2021-10-26 07:00:00,1.1601,1.1606,1.1593,1.1597,658.0,-0.0258620689655098
2021-10-26 11:00:00,1.1598,1.1625,1.1596,1.1615,1035.0,0.15521255497110698
2021-10-26 15:00:00,1.1616,1.1622,1.1584,1.1589,1571.0,-0.22384847180370038
2021-10-26 19:00:00,1.159,1.1599,1.1585,1.1598,409.0,0.0776598498576142
2021-10-26 23:00:00,1.1597,1.16,1.1588,1.1595,299.0,-0.02586652871184869
2021-10-27 03:00:00,1.1596,1.1603,1.1595,1.1601,516.0,0.051746442432087925
2021-10-27 07:00:00,1.16,1.1612,1.1594,1.1604,716.0,0.025859839669006845
2021-10-27 11:00:00,1.1603,1.1607,1.1584,1.1604,1241.0,0.0
2021-10-27 15:00:00,1.1603,1.1625,1.1587,1.1599,2124.0,-0.04308859014134914
2021-10-27 19:00:00,1.1598,1.1615,1.1598,1.1599,751.0,0.0
2021-10-27 23:00:00,1.1598,1.1604,1.1598,1.1598,181.0,-0.008621432882138791
2021-10-28 03:00:00,1.1597,1.1609,1.1588,1.1605,503.0,0.06035523366099138
2021-10-28 07:00:00,1.1604,1.1613,1.1594,1.1608,883.0,0.025850926324855195
2021-10-28 11:00:00,1.1609,1.1617,1.1581,1.1596,1519.0,-0.1033769813921559
2021-10-28 15:00:00,1.1597,1.1691,1.1581,1.1683,3742.0,0.7502587098999536
2021-10-28 19:00:00,1.1684,1.1688,1.167,1.168,750.0,-0.025678336043821748
2021-10-28 23:00:00,1.1679,1.1685,1.1677,1.168,299.0,0.0
2021-10-29 03:00:00,1.1681,1.1688,1.1672,1.1675,671.0,-0.042808219178080975
2021-10-29 07:00:00,1.1676,1.1676,1.1657,1.167,981.0,-0.04282655246252709
2021-10-29 11:00:00,1.1669,1.1669,1.1644,1.1646,1244.0,-0.20565552699228773
2021-10-29 15:00:00,1.1647,1.1647,1.1545,1.1549,2564.0,-0.8329040013738687
2021-10-29 19:00:00,1.155,1.1562,1.1534,1.1559,760.0,0.08658758334054717
2021-10-29 23:00:00,1.1558,1.1562,1.1556,1.1562,107.0,0.025953802232026035
2021-10-31 22:00:00,1.1559,1.1562,1.1555,1.1555,112.0,-0.060543158623072024
2021-11-01 02:00:00,1.1556,1.156,1.1549,1.155,465.0,-0.04327131112071836
2021-11-01 06:00:00,1.1549,1.1564,1.1545,1.1563,868.0,0.11255411255410852
2021-11-01 10:00:00,1.1562,1.1576,1.1559,1.1571,1306.0,0.06918619735361009
2021-11-01 14:00:00,1.157,1.1593,1.1565,1.159,1371.0,0.16420361247948545
2021-11-01 18:00:00,1.1591,1.1608,1.1585,1.1605,640.0,0.129421915444361
2021-11-01 22:00:00,1.1606,1.1608,1.1597,1.1599,342.0,-0.051701852649732594
2021-11-02 02:00:00,1.16,1.1601,1.1594,1.1598,441.0,-0.008621432882138791
2021-11-02 06:00:00,1.1599,1.1612,1.1598,1.1608,716.0,0.08622176237282897
2021-11-02 10:00:00,1.1609,1.161,1.1585,1.1602,1203.0,-0.05168849069608905
2021-11-02 14:00:00,1.1601,1.1607,1.1577,1.158,1690.0,-0.1896224788829448
2021-11-02 18:00:00,1.1579,1.1584,1.1574,1.1582,702.0,0.017271157167519924
2021-11-02 22:00:00,1.1581,1.1582,1.1575,1.1578,191.0,-0.034536349507852115
2021-11-03 02:00:00,1.1577,1.1587,1.1574,1.1582,286.0,0.034548281223001354
2021-11-03 06:00:00,1.1581,1.1587,1.1578,1.158,458.0,-0.017268174753926058
2021-11-03 10:00:00,1.1581,1.1597,1.1578,1.1586,1130.0,0.05181347150260418
2021-11-03 14:00:00,1.1587,1.1589,1.1561,1.1584,1946.0,-0.017262213015711847
2021-11-03 18:00:00,1.1583,1.1616,1.1571,1.1607,3584.0,0.19854972375690227
2021-11-03 22:00:00,1.1606,1.1615,1.1603,1.1615,336.0,0.06892392521753443
2021-11-04 02:00:00,1.1614,1.1615,1.1592,1.1592,445.0,-0.1980198019801982
2021-11-04 06:00:00,1.1593,1.1595,1.1569,1.157,647.0,-0.18978605935127124
2021-11-04 10:00:00,1.1571,1.1571,1.1542,1.1554,1673.0,-0.13828867761452868
2021-11-04 14:00:00,1.1553,1.1572,1.1527,1.1544,2456.0,-0.086550112515138
2021-11-04 18:00:00,1.1545,1.1557,1.1539,1.1556,1013.0,0.10395010395010118
2021-11-04 22:00:00,1.1557,1.1557,1.1548,1.1554,261.0,-0.01730702665282413
2021-11-05 02:00:00,1.1555,1.1555,1.154,1.1546,776.0,-0.06924009001211262
2021-11-05 06:00:00,1.1545,1.1562,1.1545,1.1559,779.0,0.1125931058375107
2021-11-05 10:00:00,1.156,1.156,1.1529,1.1533,1773.0,-0.22493295267755897
2021-11-05 14:00:00,1.1532,1.1555,1.1512,1.1552,2986.0,0.16474464579900872
2021-11-05 18:00:00,1.1551,1.1568,1.1547,1.1567,1137.0,0.12984764542935956
2021-11-05 22:00:00,1.1566,1.1572,1.1565,1.1566,99.0,-0.008645283997577025
2021-11-07 22:00:00,1.1561,1.1569,1.1557,1.1567,406.0,0.008646031471548632
2021-11-08 02:00:00,1.1566,1.1567,1.1552,1.1557,262.0,-0.08645283997580355
2021-11-08 06:00:00,1.1556,1.1568,1.155,1.1559,360.0,0.017305529116540264
2021-11-08 10:00:00,1.156,1.1575,1.155,1.1571,1106.0,0.10381520892812635
2021-11-08 14:00:00,1.157,1.1594,1.1563,1.1588,1383.0,0.1469190216921712
2021-11-08 18:00:00,1.1589,1.1594,1.1583,1.1588,581.0,0.0
2021-11-08 22:00:00,1.1589,1.1591,1.1582,1.1587,354.0,-0.008629616845012844
2021-11-09 02:00:00,1.1586,1.159,1.1576,1.1584,475.0,-0.025891084836449085
2021-11-09 06:00:00,1.1585,1.1606,1.1585,1.1595,616.0,0.09495856353589627
2021-11-09 10:00:00,1.1596,1.1598,1.1577,1.1579,956.0,-0.13799051315221966
2021-11-09 14:00:00,1.158,1.1608,1.1569,1.1584,1937.0,0.04318162190173336
2021-11-09 18:00:00,1.1585,1.1594,1.1571,1.1593,891.0,0.0776933701657434
2021-11-09 22:00:00,1.1594,1.1598,1.159,1.1593,278.0,0.0
2021-11-10 02:00:00,1.1594,1.1594,1.1582,1.1583,356.0,-0.08625894936599154
2021-11-10 06:00:00,1.1584,1.1584,1.1557,1.1568,516.0,-0.12950012950013745
2021-11-10 10:00:00,1.1567,1.1581,1.1545,1.1548,1189.0,-0.17289073305670755
2021-11-10 14:00:00,1.1549,1.1573,1.151,1.1518,2802.0,-0.25978524419814075
2021-11-10 18:00:00,1.1517,1.1534,1.1481,1.1483,2043.0,-0.30387220003471604
2021-11-10 22:00:00,1.1482,1.1486,1.1475,1.1485,515.0,0.017417051293211472
2021-11-11 02:00:00,1.1484,1.1487,1.1464,1.1475,538.0,-0.08707009142360222
2021-11-11 06:00:00,1.1476,1.1484,1.1459,1.1459,545.0,-0.13943355119826473
2021-11-11 10:00:00,1.146,1.1476,1.1453,1.1469,1479.0,0.08726764988220559
2021-11-11 14:00:00,1.1468,1.1476,1.1455,1.147,1445.0,0.008719155985703608
2021-11-11 18:00:00,1.1469,1.147,1.1444,1.1444,531.0,-0.2266782911944154
2021-11-11 22:00:00,1.1445,1.1451,1.1442,1.1447,294.0,0.02621461027612071
2021-11-12 02:00:00,1.1446,1.1447,1.1435,1.1438,395.0,-0.07862322005767197
2021-11-12 06:00:00,1.1437,1.1455,1.1437,1.145,516.0,0.10491344640672917
2021-11-12 10:00:00,1.1449,1.1454,1.1437,1.1449,1094.0,-0.008733624454149158
2021-11-12 14:00:00,1.1448,1.1461,1.1432,1.1443,1613.0,-0.05240632369638565
2021-11-12 18:00:00,1.1442,1.1451,1.144,1.1443,785.0,0.0
2021-11-14 22:00:00,1.1446,1.1447,1.144,1.144,118.0,-0.026216901162301465
2021-11-15 02:00:00,1.1441,1.1463,1.1441,1.1457,417.0,0.1486013986014001
2021-11-15 06:00:00,1.1458,1.1462,1.1448,1.1449,404.0,-0.06982630706118265
2021-11-15 10:00:00,1.1448,1.1456,1.1436,1.1449,1278.0,0.0
2021-11-15 14:00:00,1.145,1.1453,1.1417,1.1419,1501.0,-0.26203161848197265
2021-11-15 18:00:00,1.142,1.1423,1.1377,1.1385,1165.0,-0.29774936509324723
2021-11-15 22:00:00,1.1384,1.1386,1.1355,1.1366,619.0,-0.16688625384277955
2021-11-16 02:00:00,1.1367,1.1385,1.1365,1.1382,394.0,0.14077071969029742
2021-11-16 06:00:00,1.1381,1.1384,1.1367,1.1379,448.0,-0.026357406431221087
2021-11-16 10:00:00,1.1378,1.1378,1.1351,1.1366,1104.0,-0.11424554002986698
2021-11-16 14:00:00,1.1367,1.1374,1.1329,1.1349,1870.0,-0.14956888967094795
2021-11-16 18:00:00,1.135,1.1355,1.1315,1.1316,902.0,-0.29077451757865136
2021-11-16 22:00:00,1.1315,1.1322,1.1309,1.1317,415.0,0.008837044892184842
2021-11-17 02:00:00,1.1316,1.1326,1.1263,1.1288,850.0,-0.2562516567994999
2021-11-17 06:00:00,1.1289,1.1316,1.1289,1.1302,912.0,0.12402551381998084
2021-11-17 10:00:00,1.1301,1.1324,1.1298,1.1324,1201.0,0.19465581313040659
2021-11-17 14:00:00,1.1323,1.1331,1.1293,1.1307,1538.0,-0.15012363122571815
2021-11-17 18:00:00,1.1308,1.1325,1.1299,1.1314,987.0,0.061908552224276825
2021-11-17 22:00:00,1.1313,1.1323,1.131,1.1317,386.0,0.02651582110659856
2021-11-18 02:00:00,1.1318,1.1337,1.1316,1.1327,484.0,0.08836264027569651
2021-11-18 06:00:00,1.1328,1.1338,1.1313,1.1334,497.0,0.06179924075218057
2021-11-18 10:00:00,1.1335,1.1347,1.1323,1.1343,1033.0,0.0794070937003788
2021-11-18 14:00:00,1.1344,1.1358,1.1326,1.1347,1629.0,0.035264039495719324
2021-11-18 18:00:00,1.1348,1.1373,1.1346,1.137,719.0,0.20269674803912174
2021-11-18 22:00:00,1.1369,1.1373,1.1367,1.1367,266.0,-0.026385224274405594
2021-11-19 02:00:00,1.1366,1.1368,1.1351,1.1354,473.0,-0.11436614762031505
2021-11-19 06:00:00,1.1355,1.136,1.1343,1.1343,345.0,-0.09688215606833417
2021-11-19 10:00:00,1.1344,1.1344,1.1282,1.1289,2277.0,-0.4760645331922886
2021-11-19 14:00:00,1.129,1.1321,1.1249,1.1317,2588.0,0.2480290548321218
2021-11-19 18:00:00,1.1316,1.1321,1.1285,1.1289,1124.0,-0.24741539277193247
2021-11-19 22:00:00,1.1288,1.1291,1.1282,1.1282,218.0,-0.06200726370803045
2021-11-21 22:00:00,1.129,1.129,1.1271,1.1274,225.0,-0.07090941322461797
2021-11-22 02:00:00,1.1275,1.1289,1.1264,1.127,741.0,-0.03547986517651314
2021-11-22 06:00:00,1.1271,1.1278,1.1259,1.1259,757.0,-0.09760425909495218
2021-11-22 10:00:00,1.126,1.129,1.126,1.1276,1495.0,0.15099031885603686
2021-11-22 14:00:00,1.1275,1.1282,1.1235,1.1245,2591.0,-0.27492018446256816
2021-11-22 18:00:00,1.1246,1.1265,1.123,1.1231,1290.0,-0.12449977767897691
2021-11-22 22:00:00,1.123,1.1241,1.123,1.1241,424.0,0.08903926631644854
2021-11-23 02:00:00,1.124,1.1243,1.1225,1.1236,441.0,-0.04448002846723087
2021-11-23 06:00:00,1.1235,1.1263,1.1231,1.1252,921.0,0.14239943040228464
2021-11-23 10:00:00,1.1251,1.1274,1.1238,1.1243,2136.0,-0.07998578030571357
2021-11-23 14:00:00,1.1242,1.1264,1.1233,1.1263,2005.0,0.17788846393311797
2021-11-23 18:00:00,1.1262,1.127,1.1245,1.1249,1069.0,-0.12430080795525766
2021-11-23 22:00:00,1.125,1.1253,1.1241,1.1244,349.0,-0.04444839541292156
2021-11-24 02:00:00,1.1243,1.1246,1.1232,1.1235,578.0,-0.08004268943437864
2021-11-24 06:00:00,1.1234,1.1246,1.1232,1.1244,913.0,0.08010680907877266
2021-11-24 10:00:00,1.1245,1.1254,1.1203,1.1216,2055.0,-0.24902170046248173
2021-11-24 14:00:00,1.1217,1.1219,1.1185,1.1195,3112.0,-0.1872325249643314
2021-11-24 18:00:00,1.1196,1.1203,1.1187,1.1198,1396.0,0.026797677534617925
2021-11-24 22:00:00,1.1199,1.1205,1.1197,1.1202,293.0,0.03572066440438171
2021-11-25 02:00:00,1.1203,1.1217,1.1202,1.1213,371.0,0.09819675058024835
2021-11-25 06:00:00,1.1214,1.1219,1.1209,1.1215,370.0,0.017836439846607988
2021-11-25 10:00:00,1.1214,1.1228,1.1214,1.1218,917.0,0.026749888542121347
2021-11-25 14:00:00,1.1217,1.1229,1.1207,1.1209,940.0,-0.08022820467105118
2021-11-25 18:00:00,1.1208,1.1214,1.1205,1.1208,654.0,-0.008921402444461712
2021-11-25 22:00:00,1.1209,1.1212,1.1205,1.1208,386.0,0.0
2021-11-26 02:00:00,1.1209,1.1226,1.1206,1.1219,866.0,0.09814418272662273
2021-11-26 06:00:00,1.1218,1.1243,1.1217,1.1233,1221.0,0.12478830555309184
2021-11-26 10:00:00,1.1232,1.1294,1.1229,1.1277,2935.0,0.39170301789370754
2021-11-26 14:00:00,1.1278,1.132,1.1273,1.1316,2726.0,0.34583665868581637
2021-11-26 18:00:00,1.1319,1.1319,1.1312,1.1313,64.0,-0.02651113467656563
2021-11-26 22:00:00,1.1314,1.1328,1.1312,1.1324,262.0,0.09723327145763072
2021-11-28 22:00:00,1.1303,1.1313,1.128,1.1291,674.0,-0.2914164606146352
2021-11-29 02:00:00,1.129,1.1296,1.1276,1.128,864.0,-0.09742272606502178
2021-11-29 06:00:00,1.1279,1.1284,1.1261,1.1263,955.0,-0.15070921985813612
2021-11-29 10:00:00,1.1262,1.1294,1.1259,1.1291,1284.0,0.24860161591049312
2021-11-29 14:00:00,1.1292,1.1293,1.1258,1.1265,1849.0,-0.23027189797183434
2021-11-29 18:00:00,1.1266,1.1275,1.1258,1.1272,811.0,0.062139369729252714
2021-11-29 22:00:00,1.1273,1.13,1.1273,1.1292,495.0,0.17743080198722172
2021-11-30 02:00:00,1.1293,1.1304,1.1284,1.1298,396.0,0.05313496280552332
2021-11-30 06:00:00,1.1297,1.1331,1.1294,1.1328,1247.0,0.26553372278279586
2021-11-30 10:00:00,1.1329,1.1372,1.1328,1.1347,1644.0,0.1677259887005622
2021-11-30 14:00:00,1.1346,1.1382,1.1249,1.1258,2912.0,-0.784348285890557
2021-11-30 18:00:00,1.1259,1.1324,1.1234,1.1324,3102.0,0.5862497779357101
2021-11-30 22:00:00,1.1323,1.1345,1.1318,1.1329,619.0,0.044154009184027565
2021-12-01 02:00:00,1.1328,1.1335,1.1316,1.1327,619.0,-0.01765380880924816
2021-12-01 06:00:00,1.1326,1.1343,1.1316,1.134,763.0,0.1147700185397671
2021-12-01 10:00:00,1.1339,1.1359,1.1302,1.132,1802.0,-0.17636684303351524
2021-12-01 14:00:00,1.1321,1.1357,1.131,1.1334,2045.0,0.12367491166078715
2021-12-01 18:00:00,1.1333,1.1334,1.1314,1.1317,1434.0,-0.14999117698959452
2021-12-01 22:00:00,1.1316,1.132,1.1308,1.1318,529.0,0.008836264027567431
2021-12-02 02:00:00,1.1319,1.1338,1.1314,1.133,429.0,0.10602579961125347
2021-12-02 06:00:00,1.1331,1.1333,1.1306,1.1309,603.0,-0.18534863195057705
2021-12-02 10:00:00,1.131,1.1343,1.131,1.1339,1237.0,0.26527544433636585
2021-12-02 14:00:00,1.1338,1.1347,1.1312,1.1317,1987.0,-0.1940206367404551
2021-12-02 18:00:00,1.1318,1.132,1.1294,1.1296,1224.0,-0.18556154457894936
2021-12-02 22:00:00,1.1297,1.1306,1.1297,1.1305,395.0,0.07967422096317733
2021-12-03 02:00:00,1.1306,1.1307,1.129,1.1293,338.0,-0.10614772224679658
2021-12-03 06:00:00,1.1292,1.1301,1.1281,1.1292,510.0,-0.008855042946953606
2021-12-03 10:00:00,1.1291,1.1315,1.1284,1.1308,1115.0,0.141693234148077
2021-12-03 14:00:00,1.1307,1.1333,1.1266,1.1278,3584.0,-0.2652989034312103
2021-12-03 18:00:00,1.1279,1.1326,1.1276,1.1311,1590.0,0.2926050718212503
2021-12-03 22:00:00,1.1312,1.1314,1.13,1.1308,336.0,-0.02652285385906783
2021-12-05 22:00:00,1.1304,1.131,1.13,1.1303,185.0,-0.04421648390519062
2021-12-06 02:00:00,1.1302,1.1303,1.1287,1.1292,552.0,-0.09731929576219933
2021-12-06 06:00:00,1.1291,1.1293,1.1274,1.1274,525.0,-0.15940488841658107
2021-12-06 10:00:00,1.1275,1.1309,1.1274,1.1292,1030.0,0.159659393294298
2021-12-06 14:00:00,1.1291,1.1307,1.1266,1.1271,1444.0,-0.18597236981934273
2021-12-06 18:00:00,1.1272,1.1287,1.1269,1.1278,791.0,0.06210629047997962
2021-12-06 22:00:00,1.1277,1.1286,1.1277,1.1283,409.0,0.044334101791121405
2021-12-07 02:00:00,1.1282,1.1292,1.1275,1.129,481.0,0.06204023752547361
2021-12-07 06:00:00,1.1291,1.1297,1.1286,1.1288,574.0,-0.01771479185119773
2021-12-07 10:00:00,1.1289,1.1294,1.1253,1.1257,1406.0,-0.27462792345854803
2021-12-07 14:00:00,1.1256,1.1259,1.1227,1.1245,1811.0,-0.10660033756771936
2021-12-07 18:00:00,1.1244,1.126,1.1236,1.126,910.0,0.13339261894174115
2021-12-07 22:00:00,1.1259,1.1273,1.1258,1.1272,447.0,0.106571936056854
2021-12-08 02:00:00,1.1273,1.1293,1.1272,1.1291,339.0,0.1685592618878573
2021-12-08 06:00:00,1.129,1.1295,1.1283,1.1285,457.0,-0.05313966876272502
2021-12-08 10:00:00,1.1286,1.1299,1.1267,1.1276,1355.0,-0.07975188303058767
2021-12-08 14:00:00,1.1275,1.1334,1.1266,1.1332,2149.0,0.4966300106420851
2021-12-08 18:00:00,1.1331,1.135,1.1324,1.1348,846.0,0.141193081539015
2021-12-08 22:00:00,1.1349,1.1354,1.1339,1.1343,506.0,-0.04406062742332573
2021-12-09 02:00:00,1.1342,1.1343,1.1328,1.1334,393.0,-0.07934408886538513
2021-12-09 06:00:00,1.1335,1.1336,1.1316,1.132,549.0,-0.12352214575613862
2021-12-09 10:00:00,1.1321,1.1326,1.131,1.1316,1082.0,-0.035335689045934426
2021-12-09 14:00:00,1.1315,1.132,1.1278,1.1283,1588.0,-0.2916224814421886
2021-12-09 18:00:00,1.1284,1.1293,1.1278,1.1286,843.0,0.026588673225202974
2021-12-09 22:00:00,1.1287,1.1297,1.1287,1.1293,322.0,0.06202374623427431
2021-12-10 02:00:00,1.1292,1.1301,1.1286,1.1297,488.0,0.03542017178783663
2021-12-10 06:00:00,1.1296,1.1302,1.1286,1.1293,403.0,-0.0354076303443307
2021-12-10 10:00:00,1.1292,1.1296,1.1264,1.1267,970.0,-0.23023111662090479
2021-12-10 14:00:00,1.1268,1.1309,1.1266,1.1301,2211.0,0.3017662199343185
2021-12-10 18:00:00,1.13,1.1323,1.13,1.131,726.0,0.07963897000264897
2021-12-10 22:00:00,1.1311,1.1318,1.131,1.1315,130.0,0.04420866489831532
2021-12-12 22:00:00,1.1314,1.1318,1.1309,1.131,215.0,-0.0441891294741481
2021-12-13 02:00:00,1.1309,1.1313,1.1293,1.1297,511.0,-0.11494252873563982
2021-12-13 06:00:00,1.1296,1.1299,1.1283,1.1289,403.0,-0.0708152606886725
2021-12-13 10:00:00,1.129,1.1292,1.1259,1.1273,992.0,-0.14173088847551085
2021-12-13 14:00:00,1.1274,1.1297,1.1272,1.1275,1393.0,0.017741506253887707
2021-12-13 18:00:00,1.1274,1.1306,1.1273,1.1286,639.0,0.09756097560975618
2021-12-13 22:00:00,1.1287,1.129,1.128,1.1283,375.0,-0.026581605528974706
2021-12-13 22:00:00,1.1287,1.129,1.128,1.1282,297.0,-0.008862891075067658
2021-12-14 02:00:00,1.1282,1.1284,1.1271,1.1272,488.0,-0.08863676653076968
2021-12-14 06:00:00,1.1273,1.1282,1.127,1.127,552.0,-0.01774308019871773
2021-12-14 10:00:00,1.1269,1.1323,1.1266,1.1318,1308.0,0.42590949423246816
2021-12-14 14:00:00,1.1317,1.1319,1.127,1.1272,1489.0,-0.4064322318430791
2021-12-14 18:00:00,1.1273,1.1276,1.1255,1.1255,623.0,-0.15081618168913957
2021-12-14 22:00:00,1.1256,1.1259,1.1253,1.1257,276.0,0.017769880053308817
2021-12-15 02:00:00,1.1256,1.1269,1.1256,1.1259,398.0,0.017766722927947676
2021-12-15 06:00:00,1.126,1.1276,1.126,1.1263,384.0,0.03552713384848971
2021-12-15 10:00:00,1.1264,1.1276,1.1262,1.1269,887.0,0.05327177483795964
2021-12-15 14:00:00,1.127,1.1275,1.1247,1.1251,1640.0,-0.1597302333836259
2021-12-15 18:00:00,1.125,1.1274,1.1221,1.1271,2780.0,0.1777619767131755
2021-12-15 22:00:00,1.1272,1.1298,1.1263,1.129,1127.0,0.1685742170171256
2021-12-16 02:00:00,1.1291,1.1291,1.128,1.1285,536.0,-0.044286979627983225
2021-12-16 06:00:00,1.1286,1.1311,1.1283,1.1304,565.0,0.1683650863978814
2021-12-16 10:00:00,1.1305,1.1318,1.129,1.1295,1306.0,-0.07961783439491832
2021-12-16 14:00:00,1.1296,1.1359,1.1291,1.1306,3290.0,0.09738822487828092
2021-12-16 18:00:00,1.1305,1.1325,1.13,1.1324,638.0,0.15920750044224885
2021-12-16 22:00:00,1.1323,1.1336,1.1318,1.1333,505.0,0.07947721653125406
2021-12-17 02:00:00,1.1334,1.1334,1.1319,1.1326,556.0,-0.06176652254477055
2021-12-17 06:00:00,1.1327,1.1348,1.1316,1.1317,679.0,-0.07946318205899194
2021-12-17 10:00:00,1.1318,1.1339,1.1311,1.1317,1319.0,0.0
2021-12-17 14:00:00,1.1316,1.1332,1.1273,1.1273,1646.0,-0.3887956172130336
2021-12-17 18:00:00,1.1274,1.1278,1.125,1.1251,811.0,-0.19515656879268706
2021-12-17 22:00:00,1.125,1.1252,1.1234,1.1237,296.0,-0.12443338369922952
2021-12-19 22:00:00,1.1238,1.1243,1.1234,1.1242,143.0,0.04449586188486343
2021-12-20 02:00:00,1.1241,1.1249,1.1236,1.1247,489.0,0.04447607187332281
2021-12-20 06:00:00,1.1246,1.126,1.1244,1.1254,808.0,0.062238819240678644
2021-12-20 10:00:00,1.1255,1.1276,1.1249,1.127,1407.0,0.14217167229428895
2021-12-20 14:00:00,1.1269,1.1303,1.1267,1.1288,1617.0,0.15971606033717833
2021-12-20 18:00:00,1.1287,1.1303,1.1273,1.1273,752.0,-0.13288447909284296
2021-12-20 22:00:00,1.1274,1.1286,1.1271,1.1276,368.0,0.026612259380809355
2021-12-21 02:00:00,1.1277,1.1286,1.1272,1.1282,500.0,0.053210358283095616
2021-12-21 06:00:00,1.1281,1.1295,1.1275,1.1287,659.0,0.04431838326537374
2021-12-21 10:00:00,1.1286,1.1302,1.1275,1.1284,1317.0,-0.026579250465130766
2021-12-21 14:00:00,1.1285,1.13,1.126,1.1263,1657.0,-0.18610421836228186
2021-12-21 18:00:00,1.1264,1.1281,1.126,1.128,766.0,0.15093669537422638
2021-12-21 22:00:00,1.1279,1.1287,1.1271,1.1286,329.0,0.053191489361714694
2021-12-22 02:00:00,1.1287,1.1293,1.1273,1.1275,417.0,-0.09746588693958502
2021-12-22 06:00:00,1.1276,1.1276,1.1263,1.1267,582.0,-0.07095343680708632
2021-12-22 10:00:00,1.1266,1.131,1.1265,1.13,1312.0,0.29289074287741634
2021-12-22 14:00:00,1.1301,1.1323,1.1297,1.132,1461.0,0.1769911504424737
2021-12-22 18:00:00,1.1321,1.1341,1.1318,1.1332,796.0,0.10600706713781438
2021-12-22 22:00:00,1.1331,1.1338,1.1317,1.1325,547.0,-0.06177197317330796
2021-12-23 02:00:00,1.1326,1.1341,1.1326,1.1338,363.0,0.11479028697569671
2021-12-23 06:00:00,1.1337,1.1341,1.1325,1.1327,351.0,-0.09701887458104519
2021-12-23 10:00:00,1.1326,1.1329,1.131,1.1323,995.0,-0.03531385185838731
2021-12-23 14:00:00,1.1322,1.1327,1.1289,1.1308,1737.0,-0.13247372604433538
2021-12-23 18:00:00,1.1307,1.1337,1.1305,1.1333,654.0,0.2210824195259864
2021-12-23 22:00:00,1.1334,1.1334,1.1321,1.1321,678.0,-0.105885467219613
2021-12-24 02:00:00,1.1322,1.133,1.132,1.1327,451.0,0.052998851691543614
2021-12-24 06:00:00,1.1328,1.1334,1.1326,1.133,404.0,0.026485388893782158
2021-12-24 10:00:00,1.1331,1.1343,1.1325,1.1327,636.0,-0.026478375992933234
2021-12-24 14:00:00,1.1326,1.1332,1.1306,1.1307,1413.0,-0.17656925929195877
2021-12-26 22:00:00,1.1314,1.1325,1.1311,1.1322,125.0,0.13266118333776777
2021-12-26 22:00:00,1.1314,1.1314,1.1314,1.1314,2.0,-0.0706588941883135
2021-12-27 02:00:00,1.1321,1.1323,1.1312,1.1323,297.0,0.07954746331979567
2021-12-27 06:00:00,1.1324,1.133,1.1312,1.1329,272.0,0.05298949041772083
2021-12-27 10:00:00,1.1328,1.1333,1.1302,1.1314,948.0,-0.13240356606938342
2021-12-27 14:00:00,1.1313,1.133,1.1303,1.1318,911.0,0.03535442814213141
2021-12-27 18:00:00,1.1317,1.1331,1.1317,1.1324,387.0,0.053012899805637836
2021-12-27 22:00:00,1.1325,1.1329,1.1323,1.1329,178.0,0.044154009184027565
2021-12-28 02:00:00,1.1328,1.133,1.1317,1.1325,404.0,-0.03530761761849632
2021-12-28 06:00:00,1.1326,1.1328,1.1315,1.1317,310.0,-0.07064017660045607
2021-12-28 10:00:00,1.1316,1.1332,1.1315,1.1332,790.0,0.13254396041353367
2021-12-28 14:00:00,1.1331,1.1332,1.1289,1.1295,1073.0,-0.32650900105895
2021-12-28 18:00:00,1.1294,1.132,1.1294,1.1301,588.0,0.05312084993360777
2021-12-28 22:00:00,1.1302,1.1314,1.1301,1.1312,903.0,0.09733651889212158
2021-12-29 02:00:00,1.1313,1.1313,1.1297,1.1305,294.0,-0.061881188118806385
2021-12-29 06:00:00,1.1304,1.1306,1.1297,1.1299,304.0,-0.053073861123409394
2021-12-29 10:00:00,1.1298,1.1302,1.1273,1.13,1049.0,0.008850340738120188
2021-12-29 14:00:00,1.1299,1.1368,1.1291,1.1348,1798.0,0.4247787610619502
2021-12-29 18:00:00,1.1349,1.1352,1.1334,1.1342,761.0,-0.05287275290799531
2021-12-29 22:00:00,1.1341,1.1359,1.134,1.1359,287.0,0.14988538176685662
2021-12-30 02:00:00,1.1358,1.1358,1.1336,1.1337,386.0,-0.19367902104058254
2021-12-30 06:00:00,1.1336,1.1337,1.1314,1.1317,492.0,-0.1764135132751199
2021-12-30 10:00:00,1.1316,1.1325,1.1299,1.1325,877.0,0.07069011222056165
2021-12-30 14:00:00,1.1324,1.1344,1.1298,1.133,1677.0,0.04415011037526284
2021-12-30 18:00:00,1.1329,1.1331,1.1303,1.1326,609.0,-0.03530450132391838
2021-12-30 22:00:00,1.1327,1.1329,1.1317,1.1321,367.0,-0.04414621225498072
2021-12-31 02:00:00,1.1322,1.1328,1.1314,1.1315,196.0,-0.05299885169156582
2021-12-31 06:00:00,1.1316,1.1325,1.1309,1.131,87.0,-0.0441891294741481
2022-01-03 06:00:00,1.1337,1.1349,1.1334,1.1346,299.0,0.31830238726791027
2022-01-03 10:00:00,1.1345,1.1365,1.1334,1.1355,1294.0,0.07932310946587862
2022-01-03 14:00:00,1.1354,1.1363,1.1289,1.1291,2027.0,-0.5636283575517376
2022-01-03 18:00:00,1.1292,1.1299,1.1279,1.1296,858.0,0.04428305730226345
2022-01-03 22:00:00,1.1297,1.1301,1.1293,1.1301,452.0,0.04426345609067628
2022-01-04 02:00:00,1.1302,1.1308,1.1295,1.1297,420.0,-0.035395097778978535
2022-01-04 06:00:00,1.1296,1.1306,1.1282,1.1291,587.0,-0.05311144551650715
2022-01-04 10:00:00,1.129,1.1307,1.1275,1.1275,1545.0,-0.14170578336728523
2022-01-04 14:00:00,1.1276,1.1322,1.1271,1.1308,1889.0,0.29268292682926855
2022-01-04 18:00:00,1.1309,1.1315,1.1277,1.1287,1029.0,-0.18570923240184278
2022-01-04 22:00:00,1.1288,1.1289,1.128,1.1282,417.0,-0.04429875077521794
2022-01-05 02:00:00,1.1281,1.1296,1.1276,1.1295,323.0,0.1152277964899806
2022-01-05 06:00:00,1.1294,1.1302,1.1286,1.1298,419.0,0.026560424966803886
2022-01-05 10:00:00,1.1299,1.1323,1.1296,1.1318,1311.0,0.17702248185520464
2022-01-05 14:00:00,1.1317,1.1343,1.1302,1.1336,2016.0,0.1590386994168691
2022-01-05 18:00:00,1.1335,1.1346,1.1307,1.1309,1595.0,-0.23817925194071776
2022-01-05 22:00:00,1.131,1.1314,1.1301,1.131,533.0,0.008842514811213675
2022-01-06 02:00:00,1.1309,1.132,1.1304,1.1314,485.0,0.0353669319186567
2022-01-06 06:00:00,1.1313,1.1315,1.1284,1.1289,751.0,-0.2209651758882769
2022-01-06 10:00:00,1.1288,1.1326,1.1284,1.1312,1617.0,0.2037381521835302
2022-01-06 14:00:00,1.1313,1.1331,1.1292,1.1294,2604.0,-0.15912305516265768
2022-01-06 18:00:00,1.1295,1.1308,1.1286,1.1286,1048.0,-0.07083407118823049
2022-01-06 22:00:00,1.1287,1.1299,1.1285,1.1294,352.0,0.07088428141059921
2022-01-07 02:00:00,1.1295,1.1301,1.1289,1.1298,360.0,0.03541703559410969
2022-01-07 06:00:00,1.1297,1.1305,1.1297,1.1305,377.0,0.061957868649331616
2022-01-07 10:00:00,1.1304,1.1318,1.13,1.1304,1053.0,-0.00884564352056083
2022-01-07 14:00:00,1.1303,1.1348,1.1291,1.1346,2894.0,0.37154989384289294
2022-01-07 18:00:00,1.1347,1.1364,1.1337,1.1362,876.0,0.14101886127269037
2022-01-07 22:00:00,1.1361,1.1363,1.1356,1.1358,160.0,-0.035205069530031
2022-01-09 22:00:00,1.1355,1.1358,1.1349,1.1353,256.0,-0.04402183483006583
2022-01-10 02:00:00,1.1352,1.1357,1.1333,1.1337,292.0,-0.14093191226989266
2022-01-10 06:00:00,1.1336,1.134,1.1326,1.1328,401.0,-0.07938608097379785
2022-01-10 10:00:00,1.1329,1.1344,1.132,1.1324,1403.0,-0.03531073446326749
2022-01-10 14:00:00,1.1325,1.1329,1.1284,1.1318,2109.0,-0.05298481102085084
2022-01-10 18:00:00,1.1317,1.1334,1.1315,1.1322,992.0,0.03534193320375856
2022-01-10 22:00:00,1.1323,1.1332,1.1321,1.1329,367.0,0.06182653241475489
2022-01-11 02:00:00,1.1328,1.1343,1.1328,1.1341,422.0,0.10592285285551117
2022-01-11 06:00:00,1.134,1.1343,1.1331,1.1341,510.0,0.0
2022-01-11 10:00:00,1.134,1.1351,1.1325,1.1338,1325.0,-0.026452693765999236
2022-01-11 14:00:00,1.1337,1.1344,1.1312,1.1339,1572.0,0.008819897689194
2022-01-11 18:00:00,1.134,1.1374,1.134,1.1366,930.0,0.23811623599965248
2022-01-11 22:00:00,1.1365,1.137,1.1363,1.1365,373.0,-0.008798169980639425
2022-01-12 02:00:00,1.1366,1.1375,1.1363,1.1374,328.0,0.07919049714033566
2022-01-12 06:00:00,1.1373,1.1377,1.1354,1.1358,436.0,-0.14067170740285073
2022-01-12 10:00:00,1.1357,1.1373,1.1354,1.1361,994.0,0.026413100898059483
2022-01-12 14:00:00,1.1362,1.1424,1.1359,1.1419,2626.0,0.5105184402781182
2022-01-12 18:00:00,1.142,1.1452,1.1418,1.1449,972.0,0.2627200280234776
2022-01-12 22:00:00,1.1448,1.145,1.1439,1.1439,305.0,-0.08734387282732792
2022-01-13 02:00:00,1.1438,1.1447,1.1435,1.1441,564.0,0.017484045808191517
2022-01-13 06:00:00,1.1442,1.1466,1.1437,1.1464,578.0,0.20103137837603757
2022-01-13 10:00:00,1.1463,1.1477,1.1457,1.1462,1505.0,-0.017445917655267706
2022-01-13 14:00:00,1.1461,1.1481,1.1446,1.146,2129.0,-0.01744896178679234
2022-01-13 18:00:00,1.1459,1.1471,1.1454,1.1461,1201.0,0.008726003490400203
2022-01-13 22:00:00,1.146,1.1461,1.145,1.1456,346.0,-0.04362621062734551
2022-01-14 02:00:00,1.1455,1.1475,1.145,1.1473,535.0,0.14839385474860745
2022-01-14 06:00:00,1.1472,1.1482,1.1459,1.1465,638.0,-0.06972892878932546
2022-01-14 10:00:00,1.1464,1.1474,1.1447,1.1451,1643.0,-0.12211077191452979
2022-01-14 14:00:00,1.145,1.1455,1.1423,1.1432,2784.0,-0.16592437341717003
2022-01-14 18:00:00,1.1433,1.1435,1.1398,1.1414,1177.0,-0.15745276417075127
2022-01-16 22:00:00,1.1415,1.1416,1.1405,1.141,237.0,-0.035044681969509384
2022-01-17 02:00:00,1.1411,1.1419,1.1399,1.1417,583.0,0.06134969325153339
2022-01-17 06:00:00,1.1418,1.1427,1.1411,1.1424,570.0,0.061312078479480725
2022-01-17 10:00:00,1.1423,1.1434,1.1405,1.1413,1106.0,-0.09628851540617323
2022-01-17 14:00:00,1.1414,1.1416,1.1391,1.1403,1393.0,-0.08761938140715575
2022-01-17 18:00:00,1.1402,1.1415,1.14,1.1404,426.0,0.008769622029292101
2022-01-17 22:00:00,1.1405,1.1409,1.1404,1.1409,195.0,0.04384426517010098
2022-01-18 02:00:00,1.141,1.1421,1.1384,1.1392,727.0,-0.1490051713559537
2022-01-18 06:00:00,1.1391,1.1404,1.139,1.1396,1155.0,0.0351123595505598
2022-01-18 10:00:00,1.1397,1.1405,1.1382,1.1386,1849.0,-0.08775008775008253
2022-01-18 14:00:00,1.1387,1.1391,1.1342,1.1342,2205.0,-0.38643948708940723
2022-01-18 18:00:00,1.1341,1.1343,1.1318,1.1326,1167.0,-0.14106859460413235
2022-01-18 22:00:00,1.1327,1.1331,1.1314,1.1328,456.0,0.017658484901983407
2022-01-19 02:00:00,1.1329,1.1329,1.1318,1.1327,583.0,-0.008827683615819648
2022-01-19 06:00:00,1.1326,1.1342,1.1325,1.133,618.0,0.026485388893782158
2022-01-19 10:00:00,1.1331,1.1349,1.1329,1.1337,1221.0,0.06178287731684051
2022-01-19 14:00:00,1.1336,1.1353,1.1332,1.1344,1653.0,0.06174472964630695
2022-01-19 18:00:00,1.1345,1.1356,1.1339,1.135,982.0,0.05289139633286588
2022-01-19 22:00:00,1.1349,1.1354,1.1339,1.1342,365.0,-0.07048458149778725
2022-01-20 02:00:00,1.1343,1.1364,1.1343,1.1353,761.0,0.09698465879033336
2022-01-20 06:00:00,1.1352,1.1366,1.1345,1.1358,582.0,0.044041222584323414
2022-01-20 10:00:00,1.1359,1.1368,1.1332,1.1339,1285.0,-0.1672829723542879
2022-01-20 14:00:00,1.1338,1.1357,1.1328,1.1347,1892.0,0.07055295881472912
2022-01-20 18:00:00,1.1348,1.1352,1.1311,1.1312,1045.0,-0.3084515731030302
2022-01-20 22:00:00,1.1313,1.1318,1.1302,1.1313,664.0,0.008840169731261227
2022-01-21 02:00:00,1.1312,1.1334,1.13,1.1325,1022.0,0.10607265977196079
2022-01-21 06:00:00,1.1326,1.1336,1.1322,1.1328,798.0,0.026490066225171027
2022-01-21 10:00:00,1.1327,1.1344,1.1325,1.1329,1301.0,0.008827683615808546
2022-01-21 14:00:00,1.1328,1.1359,1.1325,1.1345,1850.0,0.1412304704740075
2022-01-21 18:00:00,1.1346,1.1352,1.1339,1.134,788.0,-0.04407227853681084
2022-01-21 22:00:00,1.1341,1.1344,1.1337,1.1341,245.0,0.008818342151695191
2022-01-23 22:00:00,1.1342,1.1344,1.1336,1.134,230.0,-0.008817564588681215
2022-01-24 02:00:00,1.1339,1.134,1.1327,1.1328,497.0,-0.10582010582009804
2022-01-24 06:00:00,1.1327,1.133,1.1314,1.1323,561.0,-0.04413841807908714
2022-01-24 10:00:00,1.1322,1.1336,1.13,1.1303,1718.0,-0.1766316347257768
2022-01-24 14:00:00,1.1304,1.1324,1.129,1.1308,2040.0,0.044236043528256275
2022-01-24 18:00:00,1.1307,1.1334,1.1304,1.1319,1115.0,0.09727626459143934
2022-01-24 22:00:00,1.1318,1.1328,1.1317,1.1323,535.0,0.035338810849028235
2022-01-25 02:00:00,1.1322,1.1323,1.1308,1.1312,709.0,-0.09714739909918446
2022-01-25 06:00:00,1.1313,1.1316,1.1301,1.1301,638.0,-0.09724186704384019
2022-01-25 10:00:00,1.1302,1.1315,1.1268,1.1271,1241.0,-0.26546323334218913
2022-01-25 14:00:00,1.127,1.128,1.1262,1.1273,1632.0,0.017744654422857664
2022-01-25 18:00:00,1.1274,1.1304,1.1271,1.1303,717.0,0.2661225938082268
2022-01-25 22:00:00,1.1302,1.1306,1.1292,1.1302,496.0,-0.008847208705653475
2022-01-26 02:00:00,1.1303,1.131,1.13,1.1305,349.0,0.02654397451777868
2022-01-26 06:00:00,1.1304,1.1305,1.1288,1.129,511.0,-0.13268465280850128
2022-01-26 10:00:00,1.1289,1.1296,1.1274,1.1278,1097.0,-0.10628875110718639
2022-01-26 14:00:00,1.1279,1.1295,1.1271,1.128,1476.0,0.01773364071644412
2022-01-26 18:00:00,1.1281,1.13,1.1247,1.1255,2505.0,-0.22163120567375572
2022-01-26 22:00:00,1.1254,1.1254,1.1235,1.124,1404.0,-0.13327410039980503
2022-01-27 02:00:00,1.1239,1.1243,1.122,1.122,660.0,-0.1779359430605032
2022-01-27 06:00:00,1.1221,1.1226,1.1196,1.1198,957.0,-0.19607843137257053
2022-01-27 10:00:00,1.1197,1.1206,1.1151,1.1158,1887.0,-0.35720664404358393
2022-01-27 14:00:00,1.1159,1.1168,1.1131,1.1148,2569.0,-0.08962179602077791
2022-01-27 18:00:00,1.1149,1.1161,1.1135,1.1139,1367.0,-0.08073196986007058
2022-01-27 22:00:00,1.114,1.1148,1.1139,1.1144,467.0,0.04488733279470747
2022-01-28 02:00:00,1.1143,1.1155,1.1137,1.1152,642.0,0.071787508973431
2022-01-28 06:00:00,1.1151,1.1154,1.1125,1.1134,756.0,-0.16140602582496166
2022-01-28 10:00:00,1.1133,1.1141,1.1121,1.1132,1557.0,-0.017962996227771644
2022-01-28 14:00:00,1.1133,1.1173,1.1125,1.1164,2349.0,0.2874595759971399
2022-01-28 18:00:00,1.1163,1.1169,1.1142,1.1143,1000.0,-0.18810462199928546
2022-01-28 22:00:00,1.1144,1.115,1.114,1.1146,197.0,0.026922731759837504
2022-01-30 22:00:00,1.1142,1.1152,1.1136,1.1151,223.0,0.04485914229319654
2022-01-31 02:00:00,1.1152,1.1162,1.1143,1.116,640.0,0.08071025020177647
2022-01-31 06:00:00,1.1161,1.1171,1.1159,1.117,634.0,0.08960573476701761
2022-01-31 10:00:00,1.1169,1.1181,1.1152,1.1158,1395.0,-0.10743061772605644
2022-01-31 14:00:00,1.1157,1.1217,1.1145,1.121,2215.0,0.46603333930812507
2022-01-31 18:00:00,1.1211,1.1247,1.1198,1.1242,1228.0,0.2854594112399633
2022-01-31 22:00:00,1.1243,1.1245,1.1228,1.1228,482.0,-0.12453300124533051
2022-02-01 02:00:00,1.1227,1.1233,1.122,1.1232,556.0,0.03562522265763146
2022-02-01 06:00:00,1.1233,1.1267,1.1233,1.1265,724.0,0.29380341880342886
2022-02-01 10:00:00,1.1266,1.1278,1.1251,1.1272,1597.0,0.062139369729252714
2022-02-01 14:00:00,1.1271,1.1273,1.1244,1.1246,1997.0,-0.23066004258338602
2022-02-01 18:00:00,1.1247,1.1257,1.1234,1.1252,983.0,0.05335230304106542
2022-02-01 22:00:00,1.1253,1.1273,1.1251,1.1272,413.0,0.177746178457161
2022-02-02 02:00:00,1.1271,1.1277,1.1267,1.127,338.0,-0.01774308019871773
2022-02-02 06:00:00,1.1271,1.1283,1.1266,1.1281,370.0,0.09760425909495218
2022-02-02 10:00:00,1.128,1.1319,1.1278,1.1316,1471.0,0.31025618296249835
2022-02-02 14:00:00,1.1315,1.1329,1.1292,1.1296,1895.0,-0.17674089784376346
2022-02-02 18:00:00,1.1297,1.1313,1.1292,1.1309,625.0,0.11508498583570059
2022-02-02 22:00:00,1.131,1.1313,1.1297,1.1298,408.0,-0.09726766292333933
2022-02-03 02:00:00,1.1297,1.1306,1.1291,1.1303,427.0,0.04425562046381781
2022-02-03 06:00:00,1.1302,1.1303,1.1287,1.1296,625.0,-0.06193046093958543
2022-02-03 10:00:00,1.1295,1.1302,1.1274,1.1279,1073.0,-0.15049575070822385
2022-02-03 14:00:00,1.128,1.1423,1.1266,1.1417,5060.0,1.2235127227591125
2022-02-03 18:00:00,1.1416,1.1451,1.1414,1.1432,1645.0,0.1313830253131254
2022-02-03 22:00:00,1.1431,1.1441,1.1427,1.1434,495.0,0.01749475157453162
2022-02-04 02:00:00,1.1433,1.1468,1.1431,1.1461,865.0,0.2361378345285825
2022-02-04 06:00:00,1.1462,1.1471,1.1451,1.1466,818.0,0.04362621062736771
2022-02-04 10:00:00,1.1465,1.1483,1.1439,1.1478,1964.0,0.10465724751438366
2022-02-04 14:00:00,1.1477,1.1481,1.1411,1.1441,3651.0,-0.3223558111169256
2022-02-04 18:00:00,1.1442,1.1463,1.1435,1.1447,1072.0,0.052442968272026214
2022-02-04 22:00:00,1.1448,1.1459,1.1447,1.145,284.0,0.02620774001922399
2022-02-06 22:00:00,1.1457,1.1461,1.1451,1.1454,232.0,0.03493449781659663
2022-02-07 02:00:00,1.1453,1.1455,1.1424,1.1432,797.0,-0.19207263837960342
2022-02-07 06:00:00,1.1431,1.144,1.1425,1.1431,688.0,-0.00874737578726581
2022-02-07 10:00:00,1.1432,1.1448,1.1414,1.1442,1723.0,0.09622955122037258
2022-02-07 14:00:00,1.1443,1.1458,1.142,1.1442,2170.0,0.0
2022-02-07 18:00:00,1.1443,1.145,1.1416,1.1442,1096.0,0.0
2022-02-07 22:00:00,1.1441,1.1443,1.1433,1.144,451.0,-0.017479461632596838
2022-02-08 02:00:00,1.1441,1.1448,1.1426,1.1429,663.0,-0.09615384615383471
2022-02-08 06:00:00,1.1428,1.143,1.1395,1.1398,739.0,-0.2712398285064421
2022-02-08 10:00:00,1.1399,1.1433,1.1397,1.1425,1461.0,0.23688366380067993
2022-02-08 14:00:00,1.1426,1.1426,1.1399,1.1417,1611.0,-0.07002188183808933
2022-02-08 18:00:00,1.1418,1.1423,1.1401,1.1414,801.0,-0.02627660506262508
2022-02-08 22:00:00,1.1413,1.142,1.1412,1.142,358.0,0.052567022954264075
2022-02-09 02:00:00,1.1419,1.1432,1.1411,1.1429,765.0,0.07880910683013553
2022-02-09 06:00:00,1.143,1.143,1.1402,1.1408,643.0,-0.18374310963338303
2022-02-09 10:00:00,1.1409,1.1444,1.1408,1.1429,1387.0,0.1840813464235591
2022-02-09 14:00:00,1.143,1.1445,1.1425,1.1427,1511.0,-0.01749934377460738
2022-02-09 18:00:00,1.1428,1.1447,1.1425,1.1432,1007.0,0.043756016452256574
2022-02-09 22:00:00,1.1431,1.1433,1.1419,1.142,403.0,-0.10496850944717862
2022-02-10 02:00:00,1.1419,1.1429,1.1412,1.1428,350.0,0.07005253940457479
2022-02-10 06:00:00,1.1429,1.1431,1.1419,1.1428,435.0,0.0
2022-02-10 10:00:00,1.1427,1.1445,1.1422,1.1431,1279.0,0.02625131256561719
2022-02-10 14:00:00,1.143,1.1473,1.1374,1.1466,3870.0,0.30618493570115923
2022-02-10 18:00:00,1.1465,1.1494,1.1446,1.1449,2524.0,-0.14826443397871758
2022-02-10 22:00:00,1.1448,1.1454,1.1401,1.141,876.0,-0.3406411040265511
2022-02-11 02:00:00,1.1411,1.1411,1.1385,1.1392,772.0,-0.1577563540753779
2022-02-11 06:00:00,1.1391,1.1392,1.1369,1.1384,1027.0,-0.0702247191011196
2022-02-11 10:00:00,1.1383,1.1399,1.1377,1.1394,1611.0,0.08784258608571793
2022-02-11 14:00:00,1.1393,1.1417,1.1379,1.1401,2223.0,0.06143584342634956
2022-02-11 18:00:00,1.1402,1.1407,1.1329,1.1333,4175.0,-0.5964389088676358
2022-02-11 22:00:00,1.1332,1.1351,1.133,1.1348,1156.0,0.13235683402452736
2022-02-13 22:00:00,1.1339,1.1366,1.1338,1.1364,399.0,0.14099400775466897
2022-02-14 02:00:00,1.1365,1.1368,1.134,1.1342,827.0,-0.19359380499823775
2022-02-14 06:00:00,1.1343,1.1351,1.1335,1.1337,884.0,-0.04408393581379899
2022-02-14 10:00:00,1.1336,1.1342,1.13,1.131,2005.0,-0.23815824292140464
2022-02-14 14:00:00,1.1309,1.1342,1.1291,1.1305,3129.0,-0.04420866489831532
2022-02-14 18:00:00,1.1306,1.1313,1.1279,1.1294,2042.0,-0.09730207872623575
2022-02-14 22:00:00,1.1295,1.1307,1.1292,1.1305,573.0,0.09739684788383496
2022-02-15 02:00:00,1.1304,1.1322,1.1302,1.1317,623.0,0.10614772224677438
2022-02-15 06:00:00,1.1316,1.1327,1.1311,1.1312,784.0,-0.044181320137837155
2022-02-15 10:00:00,1.1311,1.1353,1.1308,1.1345,2300.0,0.2917256011315539
2022-02-15 14:00:00,1.1346,1.1359,1.1319,1.1354,2401.0,0.0793301013662262
2022-02-15 18:00:00,1.1355,1.1367,1.1345,1.1359,947.0,0.04403734366742462
2022-02-15 22:00:00,1.1358,1.1363,1.1354,1.1354,446.0,-0.0440179593274026
2022-02-16 02:00:00,1.1353,1.1359,1.1344,1.1345,602.0,-0.07926721860136432
2022-02-16 06:00:00,1.1344,1.1378,1.1344,1.1375,745.0,0.2644336712207984
2022-02-16 10:00:00,1.1374,1.1394,1.137,1.1384,1726.0,0.07912087912089749
2022-02-16 14:00:00,1.1385,1.1386,1.1352,1.1365,2218.0,-0.16690091356289516
2022-02-16 18:00:00,1.1364,1.1395,1.136,1.1389,1511.0,0.2111746590409025
2022-02-16 22:00:00,1.139,1.1393,1.1366,1.1372,563.0,-0.1492668364211136
2022-02-17 02:00:00,1.1373,1.1384,1.1329,1.1334,912.0,-0.334154062609926
2022-02-17 06:00:00,1.1336,1.1375,1.1322,1.1375,2043.0,0.3617434268572417
2022-02-17 10:00:00,1.1376,1.1385,1.1342,1.1365,2676.0,-0.08791208791207872
2022-02-17 14:00:00,1.1366,1.1378,1.135,1.1368,3047.0,0.026396832380104485
2022-02-17 18:00:00,1.1369,1.1375,1.1356,1.1363,1068.0,-0.04398311048556813
2022-02-17 22:00:00,1.1364,1.1369,1.1356,1.1363,521.0,0.0
2022-02-18 02:00:00,1.1364,1.137,1.1357,1.1366,816.0,0.026401478482784846
2022-02-18 06:00:00,1.1367,1.1373,1.136,1.137,494.0,0.035192679922579906
2022-02-18 10:00:00,1.1371,1.1376,1.1346,1.1362,1442.0,-0.07036059806507788
2022-02-18 14:00:00,1.1361,1.1367,1.1327,1.134,2214.0,-0.19362788241508166
2022-02-18 18:00:00,1.1341,1.1341,1.1314,1.133,1710.0,-0.08818342151674097
2022-02-18 22:00:00,1.1329,1.1331,1.1321,1.1322,321.0,-0.07060900264782566
2022-02-20 22:00:00,1.1318,1.1324,1.131,1.1314,351.0,-0.0706588941883135
2022-02-21 02:00:00,1.1313,1.1367,1.131,1.136,883.0,0.4065759236344224
2022-02-21 06:00:00,1.1361,1.1378,1.1357,1.1373,495.0,0.11443661971832775
2022-02-21 10:00:00,1.1374,1.139,1.1345,1.1346,1699.0,-0.23740437879187226
2022-02-21 14:00:00,1.1347,1.1349,1.132,1.1335,1816.0,-0.09695046712498989
2022-02-21 18:00:00,1.1336,1.1348,1.1306,1.1318,801.0,-0.1499779444199434
2022-02-21 22:00:00,1.1317,1.1318,1.1296,1.1308,417.0,-0.08835483300935199
2022-02-22 02:00:00,1.1309,1.1319,1.1287,1.1292,948.0,-0.14149274849664106
2022-02-22 06:00:00,1.1293,1.1312,1.1292,1.1296,1211.0,0.03542330853700815
2022-02-22 10:00:00,1.1295,1.1366,1.1292,1.1345,2719.0,0.4337818696883877
2022-02-22 14:00:00,1.1346,1.1358,1.133,1.1334,2381.0,-0.09695901278097274
2022-02-22 18:00:00,1.1335,1.1353,1.1321,1.1334,1585.0,0.0
2022-02-22 22:00:00,1.1335,1.134,1.1323,1.1328,462.0,-0.052938062466911795
2022-02-23 02:00:00,1.1329,1.1338,1.1319,1.1325,421.0,-0.026483050847458944
2022-02-23 06:00:00,1.1324,1.1342,1.1315,1.1339,580.0,0.12362030905075372
2022-02-23 10:00:00,1.1338,1.1358,1.1333,1.1339,1506.0,0.0
2022-02-23 14:00:00,1.134,1.1351,1.132,1.1324,1794.0,-0.1322867977775699
2022-02-23 18:00:00,1.1323,1.1325,1.1303,1.1307,934.0,-0.15012363122571815
2022-02-23 22:00:00,1.1306,1.131,1.13,1.1304,412.0,-0.026532236667553555
2022-02-24 02:00:00,1.1305,1.1305,1.1234,1.1237,1995.0,-0.5927105449398562
2022-02-24 06:00:00,1.1238,1.1255,1.1208,1.1244,3307.0,0.06229420663879104
2022-02-24 10:00:00,1.1243,1.1261,1.1154,1.1173,4489.0,-0.6314478833155501
2022-02-24 14:00:00,1.1174,1.1184,1.1107,1.1109,4289.0,-0.572809451355949
2022-02-24 18:00:00,1.111,1.1211,1.1105,1.1187,4026.0,0.7021334053470163
2022-02-24 22:00:00,1.1188,1.122,1.1184,1.119,1200.0,0.026816840976140455
2022-02-25 02:00:00,1.1191,1.1217,1.1186,1.1216,1548.0,0.23235031277926144
2022-02-25 06:00:00,1.1215,1.1228,1.1196,1.1209,1367.0,-0.06241084165476973
2022-02-25 10:00:00,1.121,1.1214,1.1165,1.1184,2894.0,-0.22303506111159832
2022-02-25 14:00:00,1.1185,1.125,1.1183,1.1243,3752.0,0.5275393419170271
2022-02-25 18:00:00,1.1244,1.1266,1.1234,1.1263,1486.0,0.17788846393311797
2022-02-25 22:00:00,1.1264,1.1273,1.1257,1.1271,523.0,0.07102903311728692
2022-02-27 22:00:00,1.1138,1.1187,1.1137,1.1179,1259.0,-0.8162541034513415
2022-02-28 02:00:00,1.118,1.1194,1.1145,1.115,2404.0,-0.2594149745057561
2022-02-28 06:00:00,1.1151,1.1199,1.1141,1.119,1858.0,0.35874439461882623
2022-02-28 10:00:00,1.1191,1.1231,1.1163,1.1198,3336.0,0.0714924039320719
2022-02-28 14:00:00,1.1199,1.1236,1.1178,1.123,3417.0,0.285765315234876
2022-02-28 18:00:00,1.1231,1.1245,1.1196,1.1221,2135.0,-0.08014247551201281
2022-02-28 22:00:00,1.1222,1.1222,1.1208,1.1214,629.0,-0.062383031815360646
2022-03-01 02:00:00,1.1213,1.1214,1.1191,1.1191,678.0,-0.20510076689851386
2022-03-01 06:00:00,1.119,1.1229,1.119,1.1229,862.0,0.339558573853993
2022-03-01 10:00:00,1.1228,1.1232,1.1166,1.1175,3145.0,-0.4808976756612404
2022-03-01 14:00:00,1.1176,1.118,1.1127,1.1139,3321.0,-0.32214765100672116
2022-03-01 18:00:00,1.114,1.1143,1.1089,1.1121,2562.0,-0.1615943980608492
2022-03-01 22:00:00,1.1122,1.1137,1.1116,1.1131,867.0,0.08991997122560491
2022-03-02 02:00:00,1.113,1.1135,1.111,1.1118,766.0,-0.1167909442098769
2022-03-02 06:00:00,1.1117,1.1123,1.1083,1.1093,1468.0,-0.22486058643640394
2022-03-02 10:00:00,1.1092,1.1103,1.1058,1.1099,3607.0,0.054088163706866865
2022-03-02 14:00:00,1.1098,1.1118,1.1057,1.1067,3884.0,-0.2883142625461854
2022-03-02 18:00:00,1.1068,1.1143,1.1063,1.1123,3076.0,0.5060088551549713
2022-03-02 22:00:00,1.1124,1.1129,1.1109,1.1112,822.0,-0.09889418322396315
2022-03-03 02:00:00,1.1113,1.1114,1.1089,1.1099,925.0,-0.11699064074872645
2022-03-03 06:00:00,1.11,1.1106,1.109,1.1097,733.0,-0.018019641409150466
2022-03-03 10:00:00,1.1096,1.1099,1.1071,1.1086,1852.0,-0.09912588988013615
2022-03-03 14:00:00,1.1085,1.1096,1.1057,1.1061,2837.0,-0.2255096518130939
2022-03-03 18:00:00,1.106,1.1067,1.1033,1.1057,2492.0,-0.03616309556099262
2022-03-03 22:00:00,1.1056,1.1067,1.1056,1.1065,511.0,0.0723523559736039
2022-03-04 02:00:00,1.1064,1.1066,1.1009,1.1025,3357.0,-0.36150022593763875
2022-03-04 06:00:00,1.1024,1.1038,1.1007,1.1012,1328.0,-0.11791383219955653
2022-03-04 10:00:00,1.1011,1.1023,1.0972,1.0975,2224.0,-0.3359970940791879
2022-03-04 14:00:00,1.0974,1.0981,1.0885,1.0918,3985.0,-0.5193621867881415
2022-03-04 18:00:00,1.0919,1.0936,1.0907,1.0912,2074.0,-0.05495511998535596
2022-03-04 22:00:00,1.0913,1.0939,1.0912,1.0929,656.0,0.15579178885631872
2022-03-06 22:00:00,1.0928,1.093,1.0863,1.0873,1000.0,-0.5123982066062793
2022-03-07 02:00:00,1.0874,1.0885,1.0821,1.087,2706.0,-0.027591281155148195
2022-03-07 06:00:00,1.0871,1.0897,1.0862,1.087,2289.0,0.0
2022-03-07 10:00:00,1.0871,1.089,1.0805,1.0858,3815.0,-0.11039558417662576
2022-03-07 14:00:00,1.0857,1.0931,1.0855,1.0875,5322.0,0.15656658684839453
2022-03-07 18:00:00,1.0876,1.0899,1.0845,1.0848,3261.0,-0.24827586206895846
2022-03-07 22:00:00,1.0849,1.0871,1.0846,1.0865,943.0,0.1567109144542833
2022-03-08 02:00:00,1.0866,1.0884,1.0848,1.0867,1402.0,0.01840773124712758
2022-03-08 06:00:00,1.0866,1.0883,1.085,1.0861,1798.0,-0.055213030275136354
2022-03-08 10:00:00,1.086,1.0921,1.0855,1.089,4623.0,0.26701040419849775
2022-03-08 14:00:00,1.0891,1.0924,1.0871,1.0875,4501.0,-0.13774104683196287
2022-03-08 18:00:00,1.0876,1.0957,1.0874,1.0905,4867.0,0.2758620689655267
2022-03-08 22:00:00,1.0906,1.0913,1.0889,1.0897,944.0,-0.07336084364971684
2022-03-09 02:00:00,1.0896,1.0919,1.0896,1.0906,1035.0,0.08259153895568971
2022-03-09 06:00:00,1.0907,1.0929,1.0906,1.0916,1291.0,0.09169264624975249
2022-03-09 10:00:00,1.0915,1.0992,1.091,1.097,2963.0,0.4946866984243403
2022-03-09 14:00:00,1.0971,1.1049,1.0963,1.1043,4001.0,0.6654512306289995
2022-03-09 18:00:00,1.1044,1.1094,1.1042,1.1076,2477.0,0.2988318391741185
2022-03-09 22:00:00,1.1077,1.1083,1.1061,1.1072,923.0,-0.03611412062115571
2022-03-10 02:00:00,1.1073,1.1073,1.1041,1.1058,980.0,-0.12644508670520693
2022-03-10 06:00:00,1.1059,1.1071,1.105,1.1064,1111.0,0.05425935973957241
2022-03-10 10:00:00,1.1063,1.1079,1.1025,1.1039,4356.0,-0.225958062183651
2022-03-10 14:00:00,1.104,1.112,1.0979,1.1018,6281.0,-0.19023462270134628
2022-03-10 18:00:00,1.1017,1.1019,1.0982,1.0984,1603.0,-0.308585950263196
2022-03-10 22:00:00,1.0985,1.1014,1.0975,1.1012,620.0,0.2549162418062467
2022-03-11 02:00:00,1.1013,1.1018,1.098,1.1004,1219.0,-0.07264802034143703
2022-03-11 06:00:00,1.1003,1.1009,1.098,1.0984,1326.0,-0.18175209014903437
2022-03-11 10:00:00,1.0985,1.1042,1.0959,1.101,3556.0,0.236707938820091
2022-03-11 14:00:00,1.1011,1.1031,1.0945,1.0964,3970.0,-0.41780199818346464
2022-03-11 18:00:00,1.0965,1.0969,1.0901,1.0908,1968.0,-0.5107624954396206
2022-03-11 22:00:00,1.0909,1.0915,1.0905,1.0913,487.0,0.0458379171250467
2022-03-13 22:00:00,1.0918,1.0938,1.0917,1.0931,450.0,0.16494089617886676
2022-03-14 02:00:00,1.0932,1.0937,1.09,1.0904,1637.0,-0.24700393376634322
2022-03-14 06:00:00,1.0903,1.094,1.09,1.0932,1080.0,0.2567865003668235
2022-03-14 10:00:00,1.0931,1.0989,1.0929,1.0942,2395.0,0.09147457006952742
2022-03-14 14:00:00,1.0943,1.0985,1.0934,1.0979,2601.0,0.3381465911167947
2022-03-14 18:00:00,1.0978,1.0993,1.0945,1.0949,1675.0,-0.27324892977503845
2022-03-14 22:00:00,1.0948,1.0953,1.093,1.0942,649.0,-0.06393277924924279
2022-03-15 02:00:00,1.0943,1.0979,1.0937,1.0977,1617.0,0.31986839700235414
2022-03-15 06:00:00,1.0976,1.1019,1.0966,1.1004,1952.0,0.24596884394645357
2022-03-15 10:00:00,1.1003,1.1018,1.0977,1.0983,2720.0,-0.1908396946564861
2022-03-15 14:00:00,1.0984,1.1003,1.0962,1.0972,2932.0,-0.10015478466721683
2022-03-15 18:00:00,1.0971,1.0975,1.0925,1.0952,2053.0,-0.18228217280350512
2022-03-15 22:00:00,1.0951,1.0973,1.0941,1.0967,593.0,0.1369612856099378
2022-03-16 02:00:00,1.0966,1.0976,1.0954,1.0966,1011.0,-0.009118263882557098
2022-03-16 06:00:00,1.0967,1.0981,1.0955,1.0958,1058.0,-0.07295276308589838
2022-03-16 10:00:00,1.0959,1.1024,1.0958,1.1011,3110.0,0.4836649023544304
2022-03-16 14:00:00,1.1012,1.1039,1.0981,1.0991,3621.0,-0.18163654527291184
2022-03-16 18:00:00,1.0992,1.1044,1.095,1.1044,4982.0,0.48221271949777655
2022-03-16 22:00:00,1.1043,1.1046,1.1007,1.1021,667.0,-0.20825787758058656
2022-03-17 02:00:00,1.102,1.1051,1.1019,1.1034,1460.0,0.11795662825513364
2022-03-17 06:00:00,1.1033,1.1045,1.1021,1.1043,1076.0,0.08156606851550396
2022-03-17 10:00:00,1.1044,1.1066,1.1022,1.105,2524.0,0.06338857194603253
2022-03-17 14:00:00,1.1049,1.111,1.1039,1.1109,2821.0,0.5339366515837218
2022-03-17 18:00:00,1.1108,1.1137,1.1092,1.1098,1149.0,-0.09901881357459175
2022-03-17 22:00:00,1.1097,1.1099,1.1088,1.1098,461.0,0.0
2022-03-18 02:00:00,1.1097,1.1118,1.1076,1.1083,1075.0,-0.13515948819605716
2022-03-18 06:00:00,1.1082,1.1093,1.107,1.1078,996.0,-0.04511413877110737
2022-03-18 10:00:00,1.1077,1.108,1.102,1.1022,1824.0,-0.505506409099099
2022-03-18 14:00:00,1.1021,1.1053,1.1002,1.1047,2824.0,0.22681908909454318
2022-03-18 18:00:00,1.1046,1.1071,1.1041,1.1051,1547.0,0.036208925500136324
2022-03-18 22:00:00,1.1052,1.1053,1.1047,1.1049,90.0,-0.018097909691427994
2022-03-20 22:00:00,1.105,1.1057,1.104,1.1042,283.0,-0.06335414969679265
2022-03-21 02:00:00,1.1041,1.1053,1.1037,1.1045,524.0,0.027168991124804087
2022-03-21 06:00:00,1.1044,1.1055,1.1034,1.105,840.0,0.045269352648258376
2022-03-21 10:00:00,1.1051,1.1069,1.1025,1.103,1989.0,-0.18099547511312153
2022-03-21 14:00:00,1.1031,1.105,1.1028,1.1044,1874.0,0.12692656391659618
2022-03-21 18:00:00,1.1043,1.1051,1.1009,1.1013,2125.0,-0.2806954002173234
2022-03-21 22:00:00,1.1014,1.1025,1.1012,1.1016,338.0,0.027240533914452136
2022-03-22 02:00:00,1.1015,1.1017,1.098,1.1001,1259.0,-0.13616557734202894
2022-03-22 06:00:00,1.1002,1.1002,1.096,1.0982,1246.0,-0.17271157167529916
2022-03-22 10:00:00,1.0983,1.1013,1.098,1.0999,2570.0,0.1547987616099089
2022-03-22 14:00:00,1.1,1.1045,1.0999,1.1021,2620.0,0.2000181834712178
2022-03-22 18:00:00,1.102,1.1031,1.1011,1.1029,948.0,0.07258869431086001
2022-03-22 22:00:00,1.103,1.1043,1.1025,1.1028,543.0,-0.009067005168195141
2022-03-23 02:00:00,1.1029,1.1034,1.102,1.1026,1048.0,-0.01813565469713785
2022-03-23 06:00:00,1.1025,1.1039,1.1014,1.1017,830.0,-0.08162524941049965
2022-03-23 10:00:00,1.1016,1.1023,1.0974,1.0982,2097.0,-0.3176908414268764
2022-03-23 14:00:00,1.0983,1.1004,1.0963,1.1001,2406.0,0.17301038062282892
2022-03-23 18:00:00,1.1,1.1011,1.0996,1.1004,923.0,0.027270248159250166
2022-03-23 22:00:00,1.1005,1.1011,1.1,1.1005,493.0,0.009087604507440616
2022-03-24 02:00:00,1.1004,1.1013,1.098,1.0984,1213.0,-0.19082235347569476
2022-03-24 06:00:00,1.0985,1.0988,1.0974,1.0977,932.0,-0.06372906045157833
2022-03-24 10:00:00,1.0978,1.1,1.0971,1.0987,2418.0,0.09109957183202066
2022-03-24 14:00:00,1.0988,1.1013,1.0965,1.1005,2958.0,0.16382998088650957
2022-03-24 18:00:00,1.1004,1.1008,1.0982,1.0999,1090.0,-0.05452067242162073
2022-03-24 22:00:00,1.0998,1.1009,1.0994,1.1008,315.0,0.08182562051095577
2022-03-25 02:00:00,1.1007,1.1035,1.1002,1.1027,1385.0,0.17260174418605168
2022-03-25 06:00:00,1.1026,1.1037,1.1018,1.1022,1194.0,-0.04534324839030601
2022-03-25 10:00:00,1.1023,1.1026,1.1,1.1018,1850.0,-0.03629105425514423
2022-03-25 14:00:00,1.1017,1.1024,1.0981,1.0982,2870.0,-0.32673806498455527
2022-03-25 18:00:00,1.0981,1.0996,1.098,1.0983,1360.0,0.009105809506460005
2022-03-25 22:00:00,1.0984,1.0985,1.0981,1.0984,83.0,0.009104980424301523
2022-03-27 23:00:00,1.0987,1.0987,1.0977,1.0981,327.0,-0.027312454479244686
2022-03-28 03:00:00,1.0982,1.0984,1.095,1.0955,1388.0,-0.23677260723068416
2022-03-28 07:00:00,1.0954,1.0964,1.0944,1.0951,1691.0,-0.03651300775900923
2022-03-28 11:00:00,1.095,1.0998,1.0944,1.0963,2895.0,0.10957903387818213
2022-03-28 15:00:00,1.0962,1.0978,1.0946,1.0975,2671.0,0.10945908966522033
2022-03-28 19:00:00,1.0974,1.0999,1.0973,1.0986,1101.0,0.10022779043281638
2022-03-28 23:00:00,1.0987,1.0997,1.0978,1.099,455.0,0.036409976333517946
2022-03-29 03:00:00,1.0991,1.0996,1.0968,1.0992,1576.0,0.018198362147403557
2022-03-29 07:00:00,1.0991,1.1017,1.0978,1.0999,1676.0,0.0636826783115163
2022-03-29 11:00:00,1.1,1.1101,1.0974,1.1084,3773.0,0.7727975270479082
2022-03-29 15:00:00,1.1085,1.1136,1.1078,1.1106,4878.0,0.1984843016961335
2022-03-29 19:00:00,1.1105,1.1106,1.1071,1.1088,1216.0,-0.16207455429497752
2022-03-29 23:00:00,1.1087,1.1098,1.1082,1.109,484.0,0.018037518037505862
2022-03-30 03:00:00,1.1091,1.112,1.1087,1.1114,2084.0,0.2164111812443581
2022-03-30 07:00:00,1.1115,1.1134,1.1105,1.1128,2314.0,0.12596724851539065
2022-03-30 11:00:00,1.1129,1.1161,1.1114,1.1138,2838.0,0.08986340762040523
2022-03-30 15:00:00,1.1137,1.117,1.1111,1.1162,2707.0,0.21547854192855986
2022-03-30 19:00:00,1.1161,1.1165,1.1147,1.1151,846.0,-0.09854864719585077
2022-03-30 23:00:00,1.1152,1.1164,1.1151,1.116,304.0,0.08071025020177647
2022-03-31 03:00:00,1.1159,1.1184,1.1155,1.1163,1359.0,0.026881720430105283
2022-03-31 07:00:00,1.1162,1.1175,1.1149,1.115,1729.0,-0.11645614978053054
2022-03-31 11:00:00,1.1151,1.1151,1.1087,1.1102,2407.0,-0.43049327354259814
2022-03-31 15:00:00,1.1101,1.1132,1.1068,1.1092,3762.0,-0.0900738605656759
2022-03-31 19:00:00,1.1093,1.1093,1.106,1.1063,1223.0,-0.2614496934727595
2022-03-31 23:00:00,1.1064,1.1075,1.1062,1.1073,502.0,0.09039139473920876
2022-04-01 03:00:00,1.1074,1.1074,1.1059,1.1064,997.0,-0.08127878623678253
2022-04-01 07:00:00,1.1063,1.1075,1.1042,1.1052,1752.0,-0.10845986984816536
2022-04-01 11:00:00,1.1051,1.1073,1.1041,1.1048,1984.0,-0.03619254433586683
2022-04-01 15:00:00,1.1047,1.1058,1.1027,1.1043,2373.0,-0.045257060101366875
2022-04-01 19:00:00,1.1044,1.1048,1.1032,1.1047,927.0,0.03622204111202176
2022-04-01 23:00:00,1.1046,1.1052,1.1044,1.1044,107.0,-0.027156694125096692
2022-04-03 23:00:00,1.1039,1.1045,1.1036,1.1045,242.0,0.00905469032959072
2022-04-04 03:00:00,1.1046,1.1054,1.1043,1.1047,688.0,0.01810774105930335
2022-04-04 07:00:00,1.1046,1.1053,1.1027,1.103,1176.0,-0.15388793337558493
2022-04-04 11:00:00,1.1031,1.1037,1.0995,1.0997,1569.0,-0.29918404351768624
2022-04-04 15:00:00,1.0998,1.1008,1.0978,1.0992,1672.0,-0.04546694553059227
2022-04-04 19:00:00,1.0991,1.0991,1.096,1.0969,963.0,-0.20924308588063933
2022-04-04 23:00:00,1.097,1.0975,1.0968,1.0974,361.0,0.04558300665511439
2022-04-05 03:00:00,1.0973,1.0979,1.0964,1.0972,608.0,-0.01822489520685311
2022-04-05 07:00:00,1.0971,1.0988,1.0961,1.0981,1633.0,0.08202697776158452
2022-04-05 11:00:00,1.098,1.0984,1.0956,1.0966,1443.0,-0.13659958109462078
2022-04-05 15:00:00,1.0967,1.0975,1.0918,1.092,2141.0,-0.4194783877439323
2022-04-05 19:00:00,1.0921,1.0922,1.0899,1.0903,783.0,-0.15567765567765512
2022-04-05 23:00:00,1.0902,1.0907,1.0902,1.0905,307.0,0.018343575162793613
2022-04-06 03:00:00,1.0904,1.0904,1.089,1.09,953.0,-0.04585052728105499
2022-04-06 07:00:00,1.0899,1.0901,1.0874,1.0894,1569.0,-0.05504587155964469
2022-04-06 11:00:00,1.0893,1.0926,1.089,1.0916,1845.0,0.20194602533505357
2022-04-06 15:00:00,1.0917,1.0937,1.0902,1.0909,2041.0,-0.064126053499447
2022-04-06 19:00:00,1.091,1.0928,1.0878,1.0899,2630.0,-0.09166743056191473
2022-04-06 23:00:00,1.09,1.0901,1.0891,1.0897,365.0,-0.018350307367664964
2022-04-07 03:00:00,1.0898,1.0912,1.0896,1.0906,935.0,0.08259153895568971
2022-04-07 07:00:00,1.0907,1.0933,1.0894,1.0898,1243.0,-0.07335411699981309
2022-04-07 11:00:00,1.0897,1.0921,1.0864,1.091,2445.0,0.11011194714625194
2022-04-07 15:00:00,1.0911,1.0938,1.0895,1.0898,2565.0,-0.10999083409715116
2022-04-07 19:00:00,1.0897,1.0899,1.0867,1.0871,1156.0,-0.24775188107910573
2022-04-07 23:00:00,1.0872,1.0882,1.086,1.0864,454.0,-0.06439150032194751
2022-04-08 03:00:00,1.0865,1.0871,1.0856,1.0863,1064.0,-0.009204712812960203
2022-04-08 07:00:00,1.0862,1.0868,1.0847,1.0866,1309.0,0.027616680474995547
2022-04-08 11:00:00,1.0865,1.0891,1.0858,1.0863,1529.0,-0.0276090557702946
2022-04-08 15:00:00,1.0862,1.0881,1.0836,1.0873,2071.0,0.0920556015833407
2022-04-08 19:00:00,1.0872,1.0884,1.0864,1.0877,725.0,0.03678837487353093
2022-04-08 23:00:00,1.0876,1.0878,1.0871,1.0875,74.0,-0.018387423002663716
2022-04-10 23:00:00,1.091,1.0912,1.0883,1.0883,714.0,0.07356321839082636
2022-04-11 03:00:00,1.0884,1.0894,1.0874,1.0882,871.0,-0.009188642837454353
2022-04-11 07:00:00,1.0881,1.0913,1.0873,1.0909,1512.0,0.24811615511852736
2022-04-11 11:00:00,1.091,1.0932,1.0897,1.0901,1515.0,-0.07333394444952734
2022-04-11 15:00:00,1.09,1.0905,1.0873,1.0875,1783.0,-0.2385102284194307
2022-04-11 19:00:00,1.0874,1.0894,1.0872,1.0883,875.0,0.07356321839082636
2022-04-11 23:00:00,1.0882,1.0885,1.0876,1.0876,456.0,-0.06432049986218047
2022-04-12 03:00:00,1.0877,1.0886,1.0866,1.0874,862.0,-0.0183891136447234
2022-04-12 07:00:00,1.0875,1.0882,1.0853,1.087,1434.0,-0.03678499172337091
2022-04-12 11:00:00,1.0869,1.0873,1.0854,1.0862,1597.0,-0.0735970561177468
2022-04-12 15:00:00,1.0861,1.0903,1.085,1.0852,3729.0,-0.09206407659732019
2022-04-12 19:00:00,1.0851,1.0864,1.082,1.083,1417.0,-0.20272760781422372
2022-04-12 23:00:00,1.0829,1.0831,1.0823,1.0825,359.0,-0.04616805170821747
2022-04-13 03:00:00,1.0824,1.084,1.0811,1.0836,955.0,0.10161662817551598
2022-04-13 07:00:00,1.0837,1.0844,1.0814,1.0837,1594.0,0.00922849760061073
2022-04-13 11:00:00,1.0836,1.0847,1.0822,1.083,1566.0,-0.06459352219250203
2022-04-13 15:00:00,1.0831,1.0872,1.0808,1.0871,2448.0,0.37857802400738105
2022-04-13 19:00:00,1.0872,1.0893,1.0871,1.0883,1342.0,0.1103854291233608
2022-04-13 23:00:00,1.0884,1.0896,1.088,1.0895,408.0,0.11026371404943003
2022-04-14 03:00:00,1.0896,1.0909,1.0882,1.0906,919.0,0.10096374483710147
2022-04-14 07:00:00,1.0907,1.0922,1.0903,1.0907,1089.0,0.009169264624975249
2022-04-14 11:00:00,1.0906,1.0917,1.0863,1.0865,1636.0,-0.3850738058127745
2022-04-14 15:00:00,1.0864,1.0889,1.0757,1.0796,5575.0,-0.6350667280257793
2022-04-14 19:00:00,1.0795,1.0834,1.0794,1.0824,1452.0,0.2593553167840046
2022-04-14 23:00:00,1.0825,1.0833,1.0813,1.0821,840.0,-0.027716186252768615
2022-04-15 03:00:00,1.082,1.0821,1.0796,1.0804,1641.0,-0.15710193142962625
2022-04-15 07:00:00,1.0803,1.0811,1.0802,1.0811,461.0,0.0647908182154655
2022-04-15 11:00:00,1.081,1.0823,1.0804,1.0815,1152.0,0.03699935251133546
2022-04-15 15:00:00,1.0814,1.0819,1.0805,1.0807,680.0,-0.07397133610724804
2022-04-15 19:00:00,1.0806,1.0811,1.0805,1.0808,263.0,0.009253261774766486
2022-04-15 23:00:00,1.0809,1.0814,1.0808,1.0811,85.0,0.027757216876378443
2022-04-17 23:00:00,1.0805,1.0821,1.0802,1.0813,558.0,0.01849967625566773
2022-04-18 03:00:00,1.0814,1.0815,1.079,1.0792,1027.0,-0.19421067233884592
2022-04-18 07:00:00,1.0791,1.0803,1.0786,1.079,686.0,-0.018532246108227124
2022-04-18 11:00:00,1.0791,1.0813,1.0782,1.0809,669.0,0.17608897126970557
2022-04-18 15:00:00,1.0808,1.0814,1.0782,1.0783,1425.0,-0.24054029049864756
2022-04-18 19:00:00,1.0784,1.0786,1.0769,1.0782,755.0,-0.00927385699712735
2022-04-18 23:00:00,1.0783,1.0787,1.0774,1.0779,451.0,-0.027824151363375904
2022-04-19 03:00:00,1.0778,1.0787,1.076,1.0772,1058.0,-0.06494108915484631
2022-04-19 07:00:00,1.0773,1.0802,1.0766,1.0801,1363.0,0.2692164871890279
2022-04-19 11:00:00,1.08,1.0814,1.0784,1.0795,1414.0,-0.05555041199890587
2022-04-19 15:00:00,1.0796,1.0807,1.0781,1.0789,2305.0,-0.055581287633155174
2022-04-19 19:00:00,1.0788,1.0803,1.0782,1.0788,972.0,-0.009268699601450159
2022-04-19 23:00:00,1.0787,1.0794,1.0783,1.0793,580.0,0.04634779384500298
2022-04-20 03:00:00,1.0794,1.0821,1.0783,1.0818,1290.0,0.2316316130825724
2022-04-20 07:00:00,1.0819,1.0821,1.0806,1.0808,1366.0,-0.09243852837863553
2022-04-20 11:00:00,1.0809,1.0866,1.0805,1.0826,1790.0,0.16654330125833727
2022-04-20 15:00:00,1.0827,1.0865,1.082,1.0854,2292.0,0.25863661555514117
2022-04-20 19:00:00,1.0855,1.0859,1.0839,1.0852,1061.0,-0.018426386585590482
2022-04-20 23:00:00,1.0851,1.0854,1.0845,1.0848,458.0,-0.03685956505712351
2022-04-21 03:00:00,1.0847,1.085,1.0823,1.0829,1143.0,-0.17514749262537155
2022-04-21 07:00:00,1.083,1.0935,1.0828,1.0926,2100.0,0.8957429125496352
2022-04-21 11:00:00,1.0927,1.0929,1.0874,1.0879,2003.0,-0.43016657514185486
2022-04-21 15:00:00,1.0878,1.0895,1.0836,1.0841,2574.0,-0.3492968103686045
2022-04-21 19:00:00,1.084,1.0857,1.083,1.0838,1995.0,-0.02767272391845932
2022-04-21 23:00:00,1.0837,1.0845,1.083,1.0834,544.0,-0.0369071784462216
2022-04-22 03:00:00,1.0833,1.0846,1.083,1.0841,1089.0,0.06461140852871416
2022-04-22 07:00:00,1.084,1.0851,1.0802,1.0805,2016.0,-0.3320726870215007
2022-04-22 11:00:00,1.0806,1.0824,1.079,1.082,1815.0,0.13882461823231385
2022-04-22 15:00:00,1.0819,1.0844,1.077,1.0788,2886.0,-0.29574861367838157
2022-04-22 19:00:00,1.0787,1.0799,1.0775,1.0792,1328.0,0.03707823507601571
2022-04-22 23:00:00,1.0793,1.0801,1.079,1.0801,122.0,0.08339510748704981
2022-04-24 23:00:00,1.0804,1.0814,1.0795,1.0809,577.0,0.07406721599851895
2022-04-25 03:00:00,1.081,1.0811,1.0777,1.0781,1360.0,-0.25904338976777685
2022-04-25 07:00:00,1.078,1.0784,1.0706,1.0737,2806.0,-0.40812540580650314
2022-04-25 11:00:00,1.0738,1.0754,1.0719,1.0749,2984.0,0.11176306230789024
2022-04-25 15:00:00,1.0748,1.0757,1.0696,1.0702,3576.0,-0.4372499767420157
2022-04-25 19:00:00,1.0703,1.0718,1.0696,1.0712,1811.0,0.09344047841524095
2022-04-25 23:00:00,1.0713,1.0714,1.0706,1.0712,386.0,0.0
2022-04-26 03:00:00,1.0711,1.0738,1.0711,1.0731,1179.0,0.1773711725168159
2022-04-26 07:00:00,1.0732,1.0734,1.0675,1.0675,1800.0,-0.5218525766470972
2022-04-26 11:00:00,1.0676,1.0696,1.0668,1.067,1932.0,-0.04683840749414303
2022-04-26 15:00:00,1.0671,1.0684,1.0641,1.0658,2705.0,-0.11246485473288548
2022-04-26 19:00:00,1.0659,1.0664,1.0637,1.0643,1170.0,-0.14073935072246302
2022-04-26 23:00:00,1.0642,1.0647,1.0634,1.0642,519.0,-0.00939584703560925
2022-04-27 03:00:00,1.0643,1.0653,1.0633,1.064,1144.0,-0.018793459875965368
2022-04-27 07:00:00,1.0641,1.0654,1.0587,1.0623,2289.0,-0.159774436090232
2022-04-27 11:00:00,1.0622,1.0624,1.058,1.0584,2750.0,-0.3671279299632846
2022-04-27 15:00:00,1.0585,1.0585,1.0514,1.0545,3817.0,-0.3684807256235878
2022-04-27 19:00:00,1.0546,1.0571,1.0546,1.0558,1609.0,0.12328117591275944
2022-04-27 23:00:00,1.0557,1.056,1.0549,1.0553,373.0,-0.047357454063290394
2022-04-28 03:00:00,1.0552,1.0552,1.0508,1.0508,1790.0,-0.42641902776461293
2022-04-28 07:00:00,1.0509,1.0564,1.0482,1.0554,3417.0,0.4377617053673344
2022-04-28 11:00:00,1.0553,1.0555,1.0486,1.049,2828.0,-0.606405154443812
2022-04-28 15:00:00,1.0491,1.053,1.047,1.0499,4457.0,0.08579599618685485
2022-04-28 19:00:00,1.0498,1.0515,1.0493,1.0509,1542.0,0.09524716639679465
2022-04-28 23:00:00,1.0508,1.0509,1.049,1.0502,409.0,-0.06660957274716717
2022-04-29 03:00:00,1.0503,1.0529,1.0501,1.0512,1090.0,0.09521995810319872
2022-04-29 07:00:00,1.0511,1.0578,1.0508,1.0561,2037.0,0.46613394216135084
2022-04-29 11:00:00,1.0562,1.0592,1.0539,1.0544,2708.0,-0.16096960515102898
2022-04-29 15:00:00,1.0545,1.0559,1.0509,1.0539,3906.0,-0.047420333839143236
2022-04-29 19:00:00,1.0538,1.0578,1.0532,1.0548,1772.0,0.08539709649870719
2022-04-29 23:00:00,1.0547,1.0551,1.0541,1.0546,155.0,-0.018960940462642295
2022-05-01 23:00:00,1.0545,1.0549,1.0533,1.0534,556.0,-0.11378721790252788
2022-05-02 03:00:00,1.0535,1.0552,1.0517,1.0523,1270.0,-0.10442377064741049
2022-05-02 07:00:00,1.0522,1.0568,1.0509,1.0532,1516.0,0.08552694098640234
2022-05-02 11:00:00,1.0531,1.0535,1.0513,1.0516,1743.0,-0.15191796429926407
2022-05-02 15:00:00,1.0517,1.0541,1.0503,1.0521,2172.0,0.04754659566374997
2022-05-02 19:00:00,1.052,1.0525,1.0489,1.0503,1316.0,-0.17108639863131492
2022-05-02 23:00:00,1.0504,1.0512,1.05,1.0509,320.0,0.05712653527563116
2022-05-03 03:00:00,1.051,1.0525,1.0507,1.0518,750.0,0.08564087924636254
2022-05-03 07:00:00,1.0517,1.0527,1.0494,1.0519,1883.0,0.009507510933626229
2022-05-03 11:00:00,1.052,1.0541,1.0491,1.0537,2073.0,0.17111892765471204
2022-05-03 15:00:00,1.0536,1.0577,1.0531,1.0531,2744.0,-0.056942203663301605
2022-05-03 19:00:00,1.053,1.054,1.0511,1.0524,1436.0,-0.06647042066280084
2022-05-03 23:00:00,1.0525,1.0527,1.0518,1.0524,312.0,0.0
2022-05-04 03:00:00,1.0525,1.0533,1.0513,1.0515,640.0,-0.08551881413909612
2022-05-04 07:00:00,1.0514,1.0527,1.0505,1.0523,1255.0,0.07608178792199993
2022-05-04 11:00:00,1.0524,1.0535,1.0514,1.053,1475.0,0.06652095410053516
2022-05-04 15:00:00,1.0529,1.0563,1.0524,1.0539,2275.0,0.08547008547010737
2022-05-04 19:00:00,1.054,1.0626,1.051,1.0606,6340.0,0.6357339406015683
2022-05-04 23:00:00,1.0607,1.063,1.0603,1.062,811.0,0.13200075429002922
2022-05-05 03:00:00,1.0622,1.0641,1.0603,1.0617,1449.0,-0.028248587570622874
2022-05-05 07:00:00,1.0616,1.0618,1.0584,1.0597,2160.0,-0.18837713101629294
2022-05-05 11:00:00,1.0596,1.0607,1.0545,1.0547,2919.0,-0.47183165046712494
2022-05-05 15:00:00,1.0548,1.0573,1.0502,1.0506,4310.0,-0.3887361334976802
2022-05-05 19:00:00,1.0505,1.055,1.0492,1.0549,2713.0,0.40928992956406063
2022-05-05 23:00:00,1.0548,1.0549,1.0535,1.0539,552.0,-0.09479571523366426
2022-05-06 03:00:00,1.054,1.055,1.0515,1.0532,1936.0,-0.06641996394346483
2022-05-06 07:00:00,1.0533,1.0543,1.0482,1.0521,2795.0,-0.1044436004557392
2022-05-06 11:00:00,1.052,1.0598,1.0512,1.0564,3684.0,0.4087063967303406
2022-05-06 15:00:00,1.0565,1.0596,1.0546,1.057,5165.0,0.05679666792881566
2022-05-06 19:00:00,1.0571,1.0579,1.0535,1.0546,2109.0,-0.22705771050141044
2022-05-06 23:00:00,1.0547,1.0547,1.054,1.0543,129.0,-0.028446804475623644
2022-05-08 23:00:00,1.0544,1.0544,1.053,1.0531,385.0,-0.11381959594044533
2022-05-09 03:00:00,1.0532,1.0534,1.0502,1.0509,1443.0,-0.20890703636881058
2022-05-09 07:00:00,1.051,1.0529,1.0494,1.0511,2026.0,0.019031306499184275
2022-05-09 11:00:00,1.0509,1.0552,1.05,1.0546,2287.0,0.3329844924365055
2022-05-09 15:00:00,1.0547,1.0572,1.0516,1.0556,3278.0,0.09482268158544915
2022-05-09 19:00:00,1.0557,1.0591,1.055,1.0557,2023.0,0.009473285335359627
2022-05-09 23:00:00,1.0558,1.0568,1.0551,1.0562,607.0,0.04736193994505644
2022-05-10 03:00:00,1.0563,1.0579,1.0552,1.0578,1928.0,0.15148646089755413
2022-05-10 07:00:00,1.0577,1.0584,1.055,1.0556,2069.0,-0.20797882397428635
2022-05-10 11:00:00,1.0557,1.0575,1.0535,1.0552,2368.0,-0.03789314134143851
2022-05-10 15:00:00,1.0553,1.0574,1.0525,1.053,3372.0,-0.20849128127369276
2022-05-10 19:00:00,1.0531,1.0546,1.0526,1.0535,1680.0,0.04748338081672632
2022-05-10 23:00:00,1.0534,1.0535,1.0525,1.0528,322.0,-0.06644518272426181
2022-05-11 03:00:00,1.0529,1.0538,1.0525,1.0536,986.0,0.07598784194529085
2022-05-11 07:00:00,1.0537,1.056,1.0533,1.0551,1375.0,0.14236902050113187
2022-05-11 11:00:00,1.055,1.0575,1.0542,1.0544,2134.0,-0.06634442232963389
2022-05-11 15:00:00,1.0545,1.0576,1.0501,1.0536,5683.0,-0.07587253414262918
2022-05-11 19:00:00,1.0535,1.0545,1.0513,1.0515,2445.0,-0.19931662870159572
2022-05-11 23:00:00,1.0514,1.0517,1.0509,1.0511,424.0,-0.03804089396102217
2022-05-12 03:00:00,1.0512,1.0528,1.0507,1.0521,1228.0,0.09513842641044601
2022-05-12 07:00:00,1.0522,1.0525,1.0443,1.0459,2964.0,-0.5892975952856205
2022-05-12 11:00:00,1.0458,1.0464,1.0388,1.0398,3003.0,-0.5832297542786136
2022-05-12 15:00:00,1.04,1.0437,1.0371,1.0374,3836.0,-0.2308136180034559
2022-05-12 19:00:00,1.0375,1.039,1.0353,1.0372,2191.0,-0.019278966647406914
2022-05-12 23:00:00,1.0373,1.0383,1.0372,1.0377,431.0,0.04820671037411017
2022-05-13 03:00:00,1.0378,1.0397,1.0372,1.039,1341.0,0.1252770550255189
2022-05-13 07:00:00,1.0391,1.0419,1.0383,1.0415,2170.0,0.240615976900882
2022-05-13 11:00:00,1.0414,1.0419,1.037,1.0382,2186.0,-0.3168506961113815
2022-05-13 15:00:00,1.0383,1.0415,1.0349,1.041,2825.0,0.2696975534578927
2022-05-13 19:00:00,1.0409,1.0415,1.0393,1.0401,1027.0,-0.08645533141209416
2022-05-13 23:00:00,1.04,1.0408,1.0399,1.0407,106.0,0.057686760888375765
2022-05-15 23:00:00,1.0404,1.0413,1.0395,1.0397,498.0,-0.09608917075044632
2022-05-16 03:00:00,1.0398,1.0416,1.0388,1.0396,1410.0,-0.009618159084345823
2022-05-16 07:00:00,1.0395,1.0425,1.0393,1.0408,1436.0,0.1154290111581302
2022-05-16 11:00:00,1.0409,1.0437,1.0406,1.0418,1715.0,0.09607993850884178
2022-05-16 15:00:00,1.0417,1.0434,1.0389,1.0419,2560.0,0.0095987713572665
2022-05-16 19:00:00,1.0418,1.0442,1.0415,1.0431,913.0,0.11517420097897357
2022-05-16 23:00:00,1.0432,1.0439,1.0428,1.0438,371.0,0.06710765986004397
2022-05-17 03:00:00,1.0439,1.0453,1.0431,1.044,988.0,0.019160758766045838
2022-05-17 07:00:00,1.0439,1.0474,1.0435,1.0463,1268.0,0.22030651340996243
2022-05-17 11:00:00,1.0462,1.0555,1.0455,1.0538,2777.0,0.7168116219057774
2022-05-17 15:00:00,1.0539,1.0549,1.0524,1.0532,2736.0,-0.056936800151841105
2022-05-17 19:00:00,1.0531,1.0554,1.052,1.0545,2552.0,0.12343334599316247
2022-05-17 23:00:00,1.0544,1.0553,1.0542,1.0548,392.0,0.02844950213372055
2022-05-18 03:00:00,1.0549,1.0563,1.0524,1.0531,1196.0,-0.16116799393249837
2022-05-18 07:00:00,1.0532,1.054,1.0513,1.0516,1608.0,-0.14243661570599864
2022-05-18 11:00:00,1.0517,1.0528,1.0493,1.0509,1927.0,-0.06656523392926106
2022-05-18 15:00:00,1.051,1.0541,1.0488,1.049,2511.0,-0.18079741174231723
2022-05-18 19:00:00,1.0491,1.0497,1.0464,1.0465,1537.0,-0.23832221163011535
2022-05-18 23:00:00,1.0464,1.0474,1.0459,1.0472,599.0,0.06688963210701449
2022-05-19 03:00:00,1.0473,1.0506,1.0467,1.0499,1769.0,0.2578304048892477
2022-05-19 07:00:00,1.0498,1.0506,1.0464,1.0491,1797.0,-0.0761977331174557
2022-05-19 11:00:00,1.0492,1.0538,1.0479,1.0517,2626.0,0.24783147459728205
2022-05-19 15:00:00,1.0516,1.0598,1.0516,1.0586,4137.0,0.6560806313587353
2022-05-19 19:00:00,1.0585,1.0606,1.0579,1.059,1886.0,0.03778575477044743
2022-05-19 23:00:00,1.0589,1.0589,1.0577,1.0579,520.0,-0.1038715769593801
2022-05-20 03:00:00,1.058,1.0583,1.0554,1.0565,1201.0,-0.1323376500614537
2022-05-20 07:00:00,1.0564,1.0592,1.0561,1.0575,1876.0,0.09465215333650523
2022-05-20 11:00:00,1.0576,1.0598,1.0554,1.0566,1846.0,-0.08510638297873907
2022-05-20 15:00:00,1.0565,1.0579,1.0539,1.0557,2574.0,-0.08517887563883608
2022-05-20 19:00:00,1.0558,1.0559,1.0532,1.0556,1727.0,-0.009472387989006847
2022-05-20 23:00:00,1.0555,1.0566,1.0552,1.0557,148.0,0.009473285335359627
2022-05-22 23:00:00,1.0563,1.0577,1.0558,1.0568,444.0,0.10419626787911973
2022-05-23 03:00:00,1.0569,1.0594,1.0567,1.0592,1222.0,0.2271006813020504
2022-05-23 07:00:00,1.0591,1.0613,1.0588,1.06,1633.0,0.07552870090634656
2022-05-23 11:00:00,1.0601,1.0687,1.0601,1.0657,2985.0,0.5377358490566087
2022-05-23 15:00:00,1.0656,1.069,1.0644,1.0668,2606.0,0.10321854180350698
2022-05-23 19:00:00,1.0667,1.0697,1.0665,1.0686,1139.0,0.16872890888639525
2022-05-23 23:00:00,1.0685,1.0693,1.0678,1.0683,418.0,-0.028074115665355226
2022-05-24 03:00:00,1.0682,1.0685,1.066,1.0672,722.0,-0.10296733127399538
2022-05-24 07:00:00,1.0671,1.0735,1.0662,1.073,2005.0,0.5434782608695787
2022-05-24 11:00:00,1.0731,1.0733,1.07,1.0714,2403.0,-0.14911463187325946
2022-05-24 15:00:00,1.0716,1.0746,1.0695,1.0742,3611.0,0.26134030240807515
2022-05-24 19:00:00,1.0743,1.0748,1.0721,1.073,1537.0,-0.11171104077454252
2022-05-24 23:00:00,1.0731,1.0738,1.073,1.0732,412.0,0.01863932898416021
2022-05-25 03:00:00,1.0733,1.0736,1.0702,1.0713,1183.0,-0.17704062616473726
2022-05-25 07:00:00,1.0712,1.0713,1.0681,1.0683,1574.0,-0.28003360403247024
2022-05-25 11:00:00,1.0684,1.0685,1.0653,1.0659,2360.0,-0.22465599550687276
2022-05-25 15:00:00,1.0658,1.0686,1.0641,1.0656,2748.0,-0.028145229383613746
2022-05-25 19:00:00,1.0657,1.0694,1.0651,1.0676,2475.0,0.18768768768768762
2022-05-25 23:00:00,1.0677,1.0695,1.0673,1.0686,597.0,0.09366804046457844
2022-05-26 03:00:00,1.0685,1.0705,1.0684,1.0701,1255.0,0.14037057832678723
2022-05-26 07:00:00,1.07,1.0702,1.0662,1.0688,1677.0,-0.12148397346043449
2022-05-26 11:00:00,1.0689,1.0722,1.0677,1.0705,1956.0,0.15905688622754877
2022-05-26 15:00:00,1.0706,1.0728,1.0688,1.0725,2399.0,0.18682858477347963
2022-05-26 19:00:00,1.0726,1.0728,1.0701,1.0723,1061.0,-0.018648018648015352
2022-05-26 23:00:00,1.0722,1.0734,1.0717,1.0732,389.0,0.08393173552176947
2022-05-27 03:00:00,1.0733,1.0764,1.073,1.0755,1210.0,0.21431233693627316
2022-05-27 07:00:00,1.0754,1.0757,1.0733,1.0735,1190.0,-0.18596001859599864
2022-05-27 11:00:00,1.0736,1.0742,1.0696,1.0707,1742.0,-0.2608290638099642
2022-05-27 15:00:00,1.0706,1.0749,1.07,1.0707,2484.0,0.0
2022-05-27 19:00:00,1.0708,1.0733,1.0703,1.0733,840.0,0.24283179228541396
2022-05-27 23:00:00,1.0732,1.0733,1.0727,1.073,78.0,-0.0279511786080322
2022-05-29 23:00:00,1.0734,1.0735,1.0725,1.0728,409.0,-0.018639328984149106
2022-05-30 03:00:00,1.0729,1.0755,1.0726,1.0744,995.0,0.1491424310216205
2022-05-30 07:00:00,1.0743,1.0769,1.074,1.0743,1466.0,-0.009307520476542486
2022-05-30 11:00:00,1.0744,1.078,1.0739,1.0766,1420.0,0.21409289770082385
2022-05-30 15:00:00,1.0767,1.0783,1.0748,1.0779,1560.0,0.12075051086755106
2022-05-30 19:00:00,1.078,1.0786,1.0776,1.0778,385.0,-0.009277298450693916
2022-05-30 23:00:00,1.0779,1.0782,1.0769,1.0772,270.0,-0.055668955279286614
2022-05-31 03:00:00,1.0771,1.0774,1.0733,1.075,1600.0,-0.20423319717787214
2022-05-31 07:00:00,1.0749,1.0754,1.0727,1.0735,1488.0,-0.13953488372093759
2022-05-31 11:00:00,1.0736,1.0745,1.0688,1.0712,2400.0,-0.214252445272467
2022-05-31 15:00:00,1.0711,1.0736,1.0678,1.073,3435.0,0.16803584764750745
2022-05-31 19:00:00,1.0729,1.0746,1.0723,1.0734,1185.0,0.03727865796829821
2022-05-31 23:00:00,1.0735,1.0737,1.0729,1.0734,524.0,0.0
2022-06-01 03:00:00,1.0733,1.0734,1.0707,1.0717,1098.0,-0.1583752561952534
2022-06-01 07:00:00,1.0718,1.0736,1.0704,1.0714,1440.0,-0.02799290846320357
2022-06-01 11:00:00,1.0713,1.0738,1.0701,1.0707,1735.0,-0.06533507560201324
2022-06-01 15:00:00,1.0708,1.073,1.0626,1.0644,2858.0,-0.5884001120762039
2022-06-01 19:00:00,1.0643,1.066,1.0636,1.0649,1388.0,0.046974821495671115
2022-06-01 23:00:00,1.065,1.0654,1.0646,1.065,371.0,0.009390553103583166
2022-06-02 03:00:00,1.0649,1.0659,1.0644,1.0653,992.0,0.028169014084511446
2022-06-02 07:00:00,1.0654,1.0691,1.0649,1.0686,1100.0,0.30977189524079574
2022-06-02 11:00:00,1.0685,1.0696,1.068,1.0693,1005.0,0.06550626988581776
2022-06-02 15:00:00,1.0692,1.0737,1.0684,1.0731,2533.0,0.3553726737117735
2022-06-02 19:00:00,1.073,1.0748,1.073,1.0748,959.0,0.158419532196441
2022-06-02 23:00:00,1.0747,1.075,1.0742,1.0749,275.0,0.009304056568670838
2022-06-03 03:00:00,1.0748,1.0763,1.0746,1.0753,670.0,0.03721276397803397
2022-06-03 07:00:00,1.0752,1.076,1.0744,1.0755,761.0,0.01859946061564255
2022-06-03 11:00:00,1.0756,1.0761,1.0725,1.0728,1051.0,-0.2510460251045954
2022-06-03 15:00:00,1.0727,1.0751,1.0703,1.071,3131.0,-0.1677852348993314
2022-06-03 19:00:00,1.0711,1.0728,1.071,1.0719,844.0,0.08403361344540006
2022-06-03 23:00:00,1.072,1.0721,1.0714,1.0716,85.0,-0.027987685418418007
2022-06-05 23:00:00,1.072,1.0729,1.0714,1.0724,399.0,0.0746547219111493
2022-06-06 03:00:00,1.0723,1.0731,1.0709,1.0724,874.0,0.0
2022-06-06 07:00:00,1.0723,1.0742,1.0717,1.0741,1213.0,0.1585229392017995
2022-06-06 11:00:00,1.0742,1.0751,1.0723,1.073,1277.0,-0.10241132110605511
2022-06-06 15:00:00,1.0729,1.073,1.0683,1.0696,1948.0,-0.3168685927306458
2022-06-06 19:00:00,1.0697,1.0702,1.0684,1.0694,962.0,-0.018698578908016295
2022-06-06 23:00:00,1.0693,1.0698,1.0684,1.0689,327.0,-0.0467551898260643
2022-06-07 03:00:00,1.069,1.0691,1.067,1.0681,957.0,-0.07484329684721569
2022-06-07 07:00:00,1.068,1.0699,1.0664,1.0687,1911.0,0.056174515494800126
2022-06-07 11:00:00,1.0686,1.0704,1.0657,1.0661,1702.0,-0.24328623561336027
2022-06-07 15:00:00,1.0662,1.0709,1.0651,1.0696,2299.0,0.32829940906107247
2022-06-07 19:00:00,1.0697,1.0713,1.0692,1.0707,863.0,0.1028421839940119
2022-06-07 23:00:00,1.0706,1.0708,1.0696,1.0696,333.0,-0.10273652750535378
2022-06-08 03:00:00,1.0697,1.07,1.068,1.0683,1042.0,-0.1215407629020282
2022-06-08 07:00:00,1.0684,1.0694,1.0677,1.0688,1223.0,0.04680333239726053
2022-06-08 11:00:00,1.0687,1.0739,1.067,1.0735,2016.0,0.4397455089820257
2022-06-08 15:00:00,1.0734,1.0747,1.0718,1.0741,2247.0,0.05589194224500105
2022-06-08 19:00:00,1.074,1.0742,1.0712,1.0714,961.0,-0.2513732427148474
2022-06-08 23:00:00,1.0715,1.072,1.0712,1.0716,367.0,0.018667164457730756
2022-06-09 03:00:00,1.0717,1.0733,1.0708,1.0729,956.0,0.12131392310561484
2022-06-09 07:00:00,1.0728,1.0731,1.0701,1.0701,1189.0,-0.26097492776585574
2022-06-09 11:00:00,1.07,1.0748,1.0688,1.0727,2785.0,0.24296794692084678
2022-06-09 15:00:00,1.0728,1.0773,1.0644,1.0657,5704.0,-0.6525589633634699
2022-06-09 19:00:00,1.0656,1.0659,1.0612,1.0612,1390.0,-0.42225767101436995
2022-06-09 23:00:00,1.0613,1.0621,1.061,1.0618,496.0,0.05653976630231039
2022-06-10 03:00:00,1.0619,1.0634,1.0611,1.0633,932.0,0.14126954228665944
2022-06-10 07:00:00,1.0634,1.0641,1.0618,1.0625,1482.0,-0.07523746825918165
2022-06-10 11:00:00,1.0624,1.0632,1.057,1.0573,2051.0,-0.48941176470589376
2022-06-10 15:00:00,1.0574,1.0585,1.0505,1.0519,4730.0,-0.5107348907594678
2022-06-10 19:00:00,1.052,1.0532,1.0511,1.0518,1664.0,-0.009506607091924746
2022-06-10 23:00:00,1.0517,1.0522,1.0514,1.052,115.0,0.019015021867274662
2022-06-12 23:00:00,1.0515,1.0519,1.0486,1.049,812.0,-0.2851711026616077
2022-06-13 03:00:00,1.0491,1.0495,1.0475,1.0491,1460.0,0.009532888465213496
2022-06-13 07:00:00,1.049,1.0495,1.046,1.0465,1875.0,-0.24783147459727095
2022-06-13 11:00:00,1.0466,1.0485,1.0444,1.0445,2454.0,-0.1911132345915001
2022-06-13 15:00:00,1.0446,1.0473,1.0417,1.0434,3603.0,-0.1053135471517308
2022-06-13 19:00:00,1.0435,1.0457,1.0403,1.041,2867.0,-0.23001725129386807
2022-06-13 23:00:00,1.0411,1.0416,1.0399,1.0413,709.0,0.028818443804023985
2022-06-14 03:00:00,1.0414,1.0431,1.0396,1.0426,1870.0,0.12484394506866447
2022-06-14 07:00:00,1.0427,1.0474,1.0417,1.0467,2251.0,0.39324765010551044
2022-06-14 11:00:00,1.0466,1.0484,1.0424,1.0441,2978.0,-0.24839973249258795
2022-06-14 15:00:00,1.0443,1.0467,1.0406,1.0416,3810.0,-0.23944066660280816
2022-06-14 19:00:00,1.0415,1.0442,1.0399,1.041,2310.0,-0.057603686635954165
2022-06-14 23:00:00,1.0409,1.0437,1.0409,1.0436,760.0,0.24975984630164483
2022-06-15 03:00:00,1.0437,1.045,1.0425,1.0442,1780.0,0.05749329244921775
2022-06-15 07:00:00,1.0441,1.0494,1.0423,1.0465,3194.0,0.22026431718060735
2022-06-15 11:00:00,1.0466,1.0507,1.0454,1.0457,3344.0,-0.07644529383659115
2022-06-15 15:00:00,1.0458,1.046,1.0384,1.0385,3895.0,-0.6885339963660808
2022-06-15 19:00:00,1.0386,1.0464,1.0358,1.0453,7062.0,0.6547905633124573
2022-06-15 23:00:00,1.0452,1.0469,1.0441,1.0457,952.0,0.038266526356078856
2022-06-16 03:00:00,1.0458,1.0468,1.043,1.0442,1572.0,-0.1434445825762687
2022-06-16 07:00:00,1.0441,1.0443,1.038,1.0396,2532.0,-0.4405286343612258
2022-06-16 11:00:00,1.0395,1.0425,1.0383,1.0384,4133.0,-0.1154290111581413
2022-06-16 15:00:00,1.0386,1.0528,1.0383,1.0528,4994.0,1.3867488443759513
2022-06-16 19:00:00,1.0529,1.06,1.0522,1.056,3437.0,0.3039513677811634
2022-06-16 23:00:00,1.0559,1.056,1.0543,1.0546,696.0,-0.13257575757575912
2022-06-17 03:00:00,1.0547,1.0551,1.0517,1.052,2858.0,-0.2465389721221234
2022-06-17 07:00:00,1.0519,1.053,1.0493,1.0517,2463.0,-0.02851711026615744
2022-06-17 11:00:00,1.0516,1.0535,1.0483,1.0485,2841.0,-0.3042692783113088
2022-06-17 15:00:00,1.0486,1.0507,1.0444,1.0473,3771.0,-0.11444921316167145
2022-06-17 19:00:00,1.0472,1.0502,1.0464,1.0493,1874.0,0.1909672491167802
2022-06-17 23:00:00,1.0494,1.0499,1.0489,1.0496,120.0,0.028590488897384247
2022-06-19 23:00:00,1.0484,1.0493,1.0474,1.0489,581.0,-0.06669207317074877
2022-06-20 03:00:00,1.0491,1.0528,1.0484,1.0528,1959.0,0.3718180951473027
2022-06-20 07:00:00,1.0527,1.0542,1.0509,1.0516,1731.0,-0.11398176291792517
2022-06-20 11:00:00,1.0515,1.0545,1.0511,1.0525,1943.0,0.08558387219474994
2022-06-20 15:00:00,1.0526,1.0541,1.0507,1.0537,1639.0,0.11401425178148017
2022-06-20 19:00:00,1.0536,1.0537,1.0497,1.0511,544.0,-0.24674954920756997
2022-06-20 23:00:00,1.051,1.052,1.0505,1.0517,332.0,0.057083055846263164
2022-06-21 03:00:00,1.0516,1.0541,1.0516,1.0531,1204.0,0.133117809261174
2022-06-21 07:00:00,1.0532,1.0564,1.0512,1.0556,1458.0,0.23739435951002363
2022-06-21 11:00:00,1.0555,1.0582,1.0544,1.0549,2136.0,-0.06631299734749518
2022-06-21 15:00:00,1.0548,1.0566,1.0544,1.0547,2703.0,-0.018959143046737292
2022-06-21 19:00:00,1.0548,1.0548,1.0518,1.0531,1253.0,-0.15170190575519715
2022-06-21 23:00:00,1.053,1.0538,1.0526,1.0531,428.0,0.0
2022-06-22 03:00:00,1.053,1.0531,1.0501,1.051,1616.0,-0.19941126198841364
2022-06-22 07:00:00,1.0511,1.0513,1.0468,1.0504,1909.0,-0.057088487155088075
2022-06-22 11:00:00,1.0503,1.0528,1.0493,1.051,2582.0,0.05712109672504351
2022-06-22 15:00:00,1.0511,1.0605,1.051,1.0579,3872.0,0.6565176022835573
2022-06-22 19:00:00,1.058,1.0589,1.0564,1.0566,1359.0,-0.12288496077135225
2022-06-22 23:00:00,1.0567,1.0569,1.056,1.0564,458.0,-0.018928639030846295
2022-06-23 03:00:00,1.0563,1.058,1.0555,1.0568,1895.0,0.0378644452858623
2022-06-23 07:00:00,1.0569,1.0578,1.0498,1.0507,2599.0,-0.5772142316426976
2022-06-23 11:00:00,1.0506,1.0521,1.0482,1.0505,2978.0,-0.019034929094885467
2022-06-23 15:00:00,1.0504,1.0553,1.0489,1.0502,4624.0,-0.028557829604947127
2022-06-23 19:00:00,1.0501,1.0533,1.0493,1.0526,2140.0,0.2285278994477169
2022-06-23 23:00:00,1.0527,1.053,1.0518,1.0519,456.0,-0.06650199505984222
2022-06-24 03:00:00,1.0518,1.0536,1.0511,1.0532,1464.0,0.123585892195055
2022-06-24 07:00:00,1.0531,1.0546,1.0521,1.0523,1504.0,-0.08545385491833812
2022-06-24 11:00:00,1.0524,1.0554,1.0513,1.0515,1947.0,-0.07602394754346875
2022-06-24 15:00:00,1.0516,1.057,1.0515,1.0537,3498.0,0.20922491678554422
2022-06-24 19:00:00,1.0538,1.0559,1.0534,1.0558,974.0,0.1992977128214779
2022-06-24 23:00:00,1.0557,1.0557,1.0549,1.0553,109.0,-0.047357454063290394
2022-06-26 23:00:00,1.0551,1.0574,1.0551,1.0566,524.0,0.12318771913200077
2022-06-27 03:00:00,1.0567,1.0571,1.0549,1.0556,1459.0,-0.09464319515425368
2022-06-27 07:00:00,1.0555,1.0589,1.0553,1.0587,1552.0,0.2936718453959708
2022-06-27 11:00:00,1.0588,1.059,1.0564,1.0566,1829.0,-0.19835647492206787
2022-06-27 15:00:00,1.0567,1.0614,1.0553,1.0599,2808.0,0.31232254400910264
2022-06-27 19:00:00,1.06,1.0604,1.0577,1.0579,1430.0,-0.18869704689121747
2022-06-27 23:00:00,1.058,1.0585,1.0575,1.0579,406.0,0.0
2022-06-28 03:00:00,1.0578,1.0586,1.057,1.058,1210.0,0.00945268929011256
2022-06-28 07:00:00,1.0581,1.0605,1.057,1.0583,1713.0,0.028355387523615327
2022-06-28 11:00:00,1.0584,1.0596,1.0563,1.0569,2119.0,-0.132287631106498
2022-06-28 15:00:00,1.0568,1.057,1.0503,1.0533,2974.0,-0.34061879080329316
2022-06-28 19:00:00,1.0532,1.054,1.0516,1.0525,1430.0,-0.07595177062564851
2022-06-28 23:00:00,1.0526,1.0527,1.0517,1.0521,406.0,-0.03800475059382302
2022-06-29 03:00:00,1.052,1.0535,1.0516,1.0529,1061.0,0.07603839939167578
2022-06-29 07:00:00,1.053,1.0532,1.0485,1.0516,2363.0,-0.12346851552852423
2022-06-29 11:00:00,1.0515,1.0534,1.0502,1.0521,2440.0,0.04754659566374997
2022-06-29 15:00:00,1.052,1.0528,1.0465,1.0476,3376.0,-0.42771599657827064
2022-06-29 19:00:00,1.0475,1.0476,1.0434,1.044,1205.0,-0.3436426116838587
2022-06-29 23:00:00,1.0439,1.0446,1.0436,1.0445,512.0,0.04789272030649716
2022-06-30 03:00:00,1.0444,1.0456,1.0432,1.0451,1120.0,0.05744375299185922
2022-06-30 07:00:00,1.045,1.0468,1.0429,1.0445,2248.0,-0.05741077408859541
2022-06-30 11:00:00,1.0446,1.0467,1.0382,1.0393,2817.0,-0.4978458592628132
2022-06-30 15:00:00,1.0392,1.0478,1.0384,1.0468,3665.0,0.7216395650919027
2022-06-30 19:00:00,1.0469,1.0488,1.0461,1.0478,1617.0,0.09552923194497964
2022-06-30 23:00:00,1.0479,1.0485,1.0473,1.0478,546.0,0.0
2022-07-01 03:00:00,1.0477,1.0477,1.0449,1.0453,1310.0,-0.23859515174653456
2022-07-01 07:00:00,1.0452,1.047,1.0432,1.0446,2215.0,-0.0669664211231158
2022-07-01 11:00:00,1.0445,1.0473,1.0431,1.0435,2352.0,-0.10530346544130875
2022-07-01 15:00:00,1.0436,1.0438,1.0365,1.0407,3494.0,-0.26832774317202546
2022-07-01 19:00:00,1.0406,1.0431,1.0392,1.0428,1721.0,0.20178725857595836
2022-07-01 23:00:00,1.0429,1.0432,1.0425,1.0426,72.0,-0.01917913310318653
2022-07-03 19:00:00,1.0426,1.0426,1.0426,1.0426,9.0,0.0
2022-07-03 23:00:00,1.0422,1.0436,1.0417,1.0432,494.0,0.057548436600796116
2022-07-04 03:00:00,1.0431,1.0443,1.0424,1.0425,1146.0,-0.06710122699385979
2022-07-04 07:00:00,1.0424,1.0438,1.0421,1.043,1510.0,0.04796163069544779
2022-07-04 11:00:00,1.0429,1.0462,1.042,1.0451,1746.0,0.2013422818792021
2022-07-04 15:00:00,1.0452,1.0457,1.0416,1.0426,1667.0,-0.23921155870251232
2022-07-04 19:00:00,1.0427,1.043,1.0417,1.0423,331.0,-0.028774218300398058
2022-07-04 23:00:00,1.0422,1.0435,1.0418,1.0432,433.0,0.08634750071956354
2022-07-05 03:00:00,1.0433,1.0437,1.0422,1.0433,936.0,0.009585889570540296
2022-07-05 07:00:00,1.0434,1.0448,1.0365,1.0374,1881.0,-0.5655132751844927
2022-07-05 11:00:00,1.0373,1.0375,1.028,1.0295,3458.0,-0.7615191825718126
2022-07-05 15:00:00,1.0296,1.03,1.0236,1.0253,3745.0,-0.40796503156872443
2022-07-05 19:00:00,1.0252,1.027,1.0234,1.0264,1591.0,0.10728567248607934
2022-07-05 23:00:00,1.0265,1.0271,1.0255,1.0256,467.0,-0.0779423226812126
2022-07-06 03:00:00,1.0257,1.0271,1.0253,1.0263,1553.0,0.0682527301091973
2022-07-06 07:00:00,1.0262,1.0275,1.0238,1.0258,2202.0,-0.048718698236382973
2022-07-06 11:00:00,1.0257,1.0273,1.0179,1.0191,2970.0,-0.653148761941913
2022-07-06 15:00:00,1.0192,1.02,1.0161,1.0169,4172.0,-0.21587675399862283
2022-07-06 19:00:00,1.017,1.0198,1.0164,1.0186,2113.0,0.16717474677943045
2022-07-06 23:00:00,1.0187,1.0188,1.0177,1.0184,556.0,-0.01963479285292946
2022-07-07 03:00:00,1.0183,1.0209,1.0175,1.0203,1469.0,0.1865671641791078
2022-07-07 07:00:00,1.0204,1.022,1.0181,1.0191,1795.0,-0.11761246692150173
2022-07-07 11:00:00,1.0192,1.0217,1.0174,1.0189,3121.0,-0.01962515945441723
2022-07-07 15:00:00,1.0188,1.0196,1.0151,1.0158,2862.0,-0.30424968102854555
2022-07-07 19:00:00,1.0157,1.0167,1.0143,1.0165,1165.0,0.06891120299270526
2022-07-07 23:00:00,1.0164,1.0168,1.0156,1.0168,456.0,0.02951303492375601
2022-07-08 03:00:00,1.0169,1.0191,1.0153,1.0158,1513.0,-0.09834775767111337
2022-07-08 07:00:00,1.0157,1.0169,1.0071,1.0108,2359.0,-0.4922228785193994
2022-07-08 11:00:00,1.0107,1.0158,1.0086,1.015,2915.0,0.41551246537396835
2022-07-08 15:00:00,1.0151,1.0189,1.0115,1.0177,4991.0,0.2660098522167642
2022-07-08 19:00:00,1.0178,1.0179,1.0158,1.0177,1140.0,0.0
2022-07-10 23:00:00,1.0177,1.0183,1.0164,1.0166,593.0,-0.10808686253317434
2022-07-11 03:00:00,1.0167,1.0167,1.0134,1.0149,1359.0,-0.16722408026755842
2022-07-11 07:00:00,1.0148,1.0154,1.0105,1.011,1667.0,-0.38427431274017376
2022-07-11 11:00:00,1.0111,1.0131,1.0082,1.0089,2179.0,-0.2077151335311611
2022-07-11 15:00:00,1.009,1.0103,1.0052,1.0085,3295.0,-0.03964714044999429
2022-07-11 19:00:00,1.0084,1.0087,1.0033,1.0044,1476.0,-0.40654437283094147
2022-07-11 23:00:00,1.0045,1.0047,1.0037,1.0045,475.0,0.009956192751880977
2022-07-12 03:00:00,1.0044,1.0054,1.0005,1.0025,2216.0,-0.19910403185664505
2022-07-12 07:00:00,1.0024,1.0038,1.0002,1.0008,2765.0,-0.16957605985037372
2022-07-12 11:00:00,1.0007,1.0068,0.9999,1.0039,3094.0,0.30975219824140865
2022-07-12 15:00:00,1.004,1.0073,1.0032,1.0068,3513.0,0.28887339376431065
2022-07-12 19:00:00,1.0067,1.0072,1.0031,1.0031,1387.0,-0.3675009932459061
2022-07-12 23:00:00,1.0032,1.0041,1.0024,1.0029,467.0,-0.01993819160603927
2022-07-13 03:00:00,1.003,1.0046,1.0022,1.0036,1665.0,0.06979758699772187
2022-07-13 07:00:00,1.0037,1.0052,1.0005,1.0032,2136.0,-0.03985651654044853
2022-07-13 11:00:00,1.0033,1.0069,1.0022,1.0067,2592.0,0.3488835725677708
2022-07-13 15:00:00,1.0068,1.0121,0.9997,1.0077,6665.0,0.09933445912388983
2022-07-13 19:00:00,1.0078,1.0096,1.0053,1.0058,2188.0,-0.18854817902153043
2022-07-13 23:00:00,1.0057,1.0064,1.003,1.0033,556.0,-0.2485583615032705
2022-07-14 03:00:00,1.0034,1.0043,1.0013,1.0032,1866.0,-0.00996710854180849
2022-07-14 07:00:00,1.0033,1.0046,1.0004,1.0035,2394.0,0.029904306220096544
2022-07-14 11:00:00,1.0036,1.005,1.0004,1.0009,3044.0,-0.2590931738914004
2022-07-14 15:00:00,1.0008,1.0047,0.9951,1.0026,4937.0,0.16984713757619563
2022-07-14 19:00:00,1.0027,1.0037,0.9983,1.0015,2708.0,-0.10971474167164041
2022-07-14 23:00:00,1.0016,1.0026,1.0009,1.0026,398.0,0.10983524712928627
2022-07-15 03:00:00,1.0025,1.004,1.001,1.0025,1525.0,-0.009974067424689537
2022-07-15 07:00:00,1.0024,1.0034,1.0006,1.0027,2103.0,0.01995012468827273
2022-07-15 11:00:00,1.0026,1.0065,1.0016,1.0053,2034.0,0.25929989029620515
2022-07-15 15:00:00,1.0054,1.0097,1.004,1.0089,4913.0,0.3581020590868178
2022-07-15 19:00:00,1.0088,1.0093,1.0071,1.0082,1187.0,-0.06938249578748446
2022-07-15 23:00:00,1.0081,1.0087,1.0079,1.0085,81.0,0.0297560007934905
2022-07-17 19:00:00,1.0085,1.0085,1.0085,1.0085,5.0,0.0
2022-07-17 23:00:00,1.0085,1.0097,1.0078,1.0096,444.0,0.10907288051562603
2022-07-18 03:00:00,1.0097,1.0113,1.0086,1.0103,1300.0,0.06933438985736728
2022-07-18 07:00:00,1.0102,1.0148,1.008,1.0145,2367.0,0.41571810353360217
2022-07-18 11:00:00,1.0144,1.0174,1.0119,1.0141,2342.0,-0.03942828979792701
2022-07-18 15:00:00,1.0142,1.02,1.0119,1.0159,3100.0,0.17749728823588384
2022-07-18 19:00:00,1.016,1.0177,1.014,1.0142,1530.0,-0.1673393050497185
2022-07-18 23:00:00,1.0143,1.0148,1.0138,1.0146,463.0,0.03943995267206013
2022-07-19 03:00:00,1.0147,1.0148,1.0119,1.0126,1291.0,-0.19712201852947198
2022-07-19 07:00:00,1.0127,1.0243,1.0123,1.0241,2965.0,1.1356903021923825
2022-07-19 07:00:00,1.0127,1.0158,1.0123,1.0152,1262.0,-0.8690557562737955
2022-07-19 11:00:00,1.024,1.0268,1.0219,1.0252,3873.0,0.9850275807722353
2022-07-19 15:00:00,1.0253,1.0264,1.0224,1.0238,3961.0,-0.13655872024969096
2022-07-19 19:00:00,1.0237,1.0244,1.0221,1.0221,1551.0,-0.16604805626099228
2022-07-19 23:00:00,1.0222,1.0241,1.0222,1.023,514.0,0.08805400645728323
2022-07-20 03:00:00,1.0231,1.0248,1.023,1.0242,1075.0,0.11730205278592809
2022-07-20 07:00:00,1.0241,1.0272,1.022,1.0225,2176.0,-0.16598320640500708
2022-07-20 11:00:00,1.0226,1.0252,1.0172,1.019,3511.0,-0.3422982885085579
2022-07-20 15:00:00,1.0189,1.0237,1.0179,1.0214,3727.0,0.23552502453387802
2022-07-20 19:00:00,1.0215,1.0217,1.0155,1.0177,1860.0,-0.3622478950460195
2022-07-20 23:00:00,1.0176,1.0187,1.0173,1.018,448.0,0.02947823523631321
2022-07-21 03:00:00,1.0179,1.0213,1.0178,1.0208,1089.0,0.2750491159135393
2022-07-21 07:00:00,1.0209,1.023,1.0189,1.0195,2668.0,-0.127351097178674
2022-07-21 11:00:00,1.0196,1.0198,1.0165,1.0189,3392.0,-0.05885237861698034
2022-07-21 15:00:00,1.019,1.0277,1.0153,1.0199,7156.0,0.09814505839631504
2022-07-21 19:00:00,1.0198,1.0211,1.0174,1.0211,1657.0,0.11765859397978584
2022-07-21 23:00:00,1.021,1.0233,1.0204,1.0219,617.0,0.07834688081482799
2022-07-22 03:00:00,1.022,1.0221,1.0184,1.019,1270.0,-0.28378510617478314
2022-07-22 07:00:00,1.0189,1.0213,1.0129,1.0138,2281.0,-0.5103042198233432
2022-07-22 11:00:00,1.0137,1.0184,1.0134,1.0175,2789.0,0.36496350364962904
2022-07-22 15:00:00,1.0176,1.0254,1.0168,1.0225,3543.0,0.49140049140048436
2022-07-22 19:00:00,1.0224,1.0238,1.0189,1.021,1707.0,-0.14669926650366927
2022-07-22 23:00:00,1.0211,1.0215,1.0205,1.021,187.0,0.0
2022-07-24 19:00:00,1.021,1.021,1.021,1.021,3.0,0.0
2022-07-24 23:00:00,1.0213,1.0218,1.0198,1.0198,474.0,-0.1175318315376983
2022-07-25 03:00:00,1.0199,1.0212,1.018,1.0206,1234.0,0.0784467542655376
2022-07-25 07:00:00,1.0207,1.0221,1.0185,1.0192,2058.0,-0.1371742112482699
2022-07-25 11:00:00,1.0193,1.0257,1.0178,1.0229,3343.0,0.3630298273155308
2022-07-25 15:00:00,1.023,1.0254,1.0202,1.0209,3412.0,-0.19552253397203678
2022-07-25 19:00:00,1.021,1.0228,1.0205,1.0225,1138.0,0.15672445881085295
2022-07-25 23:00:00,1.0226,1.0226,1.0215,1.0222,461.0,-0.029339853300724972
2022-07-26 03:00:00,1.0223,1.0249,1.0221,1.0229,1089.0,0.06847974955976888
2022-07-26 07:00:00,1.0228,1.0235,1.0208,1.0218,1384.0,-0.10753739368460913
2022-07-26 11:00:00,1.0219,1.0221,1.0124,1.0131,2953.0,-0.8514386376981986
2022-07-26 15:00:00,1.013,1.0152,1.0112,1.0115,3382.0,-0.15793110255649667
2022-07-26 19:00:00,1.0116,1.0132,1.0107,1.0113,1296.0,-0.01977261492832616
2022-07-26 23:00:00,1.0114,1.0133,1.0114,1.0128,496.0,0.14832393948380762
2022-07-27 03:00:00,1.0127,1.0146,1.0127,1.0142,1067.0,0.13823064770932536
2022-07-27 07:00:00,1.0141,1.0158,1.0127,1.0139,1555.0,-0.029579964504033995
2022-07-27 11:00:00,1.014,1.0171,1.0133,1.015,2082.0,0.10849196173190467
2022-07-27 15:00:00,1.0151,1.0156,1.0104,1.0104,2600.0,-0.4532019704433399
2022-07-27 19:00:00,1.0105,1.022,1.0096,1.0208,4301.0,1.0292953285827355
2022-07-27 23:00:00,1.0207,1.0207,1.0188,1.0204,848.0,-0.03918495297805524
2022-07-28 03:00:00,1.0205,1.0215,1.018,1.0209,1671.0,0.049000392003129
2022-07-28 07:00:00,1.0208,1.0233,1.0184,1.0209,2382.0,0.0
2022-07-28 11:00:00,1.0211,1.0219,1.0113,1.0117,3401.0,-0.9011656381623934
2022-07-28 15:00:00,1.0118,1.0174,1.0115,1.0164,4885.0,0.46456459424730756
2022-07-28 19:00:00,1.0162,1.0188,1.0141,1.0186,1556.0,0.21645021645020357
2022-07-28 23:00:00,1.0185,1.0199,1.0184,1.0191,539.0,0.049086982132329204
2022-07-29 03:00:00,1.0192,1.0224,1.0189,1.0212,1341.0,0.20606417427144752
2022-07-29 07:00:00,1.0213,1.0253,1.0207,1.0235,2701.0,0.22522522522521182
2022-07-29 11:00:00,1.0233,1.0245,1.0185,1.0208,2864.0,-0.2638006839277174
2022-07-29 15:00:00,1.0209,1.0212,1.0145,1.0201,4762.0,-0.06857366771159112
2022-07-29 19:00:00,1.02,1.0222,1.0177,1.022,1494.0,0.18625624938730656
2022-07-29 23:00:00,1.0221,1.0226,1.0216,1.0226,99.0,0.058708414872787884
2022-07-31 23:00:00,1.0218,1.0223,1.0205,1.021,543.0,-0.15646391550948602
2022-08-01 03:00:00,1.0209,1.0241,1.0207,1.0225,1769.0,0.14691478942214786
2022-08-01 07:00:00,1.0224,1.024,1.0212,1.0229,1939.0,0.03911980440096663
2022-08-01 11:00:00,1.023,1.0269,1.0226,1.0232,2919.0,0.02932838009581662
2022-08-01 15:00:00,1.0233,1.0274,1.0224,1.0268,3747.0,0.3518373729475943
2022-08-01 19:00:00,1.0267,1.0274,1.0245,1.0258,1405.0,-0.09738994935721834
2022-08-01 23:00:00,1.0257,1.0268,1.0253,1.0262,394.0,0.03899395593682797
2022-08-02 03:00:00,1.0263,1.0293,1.0255,1.0273,2498.0,0.10719158058858369
2022-08-02 07:00:00,1.0272,1.0279,1.0214,1.0224,2579.0,-0.4769784872968086
2022-08-02 11:00:00,1.0225,1.0244,1.0218,1.0223,2818.0,-0.00978090766823314
2022-08-02 15:00:00,1.0222,1.0235,1.018,1.0195,4466.0,-0.27389220385404256
2022-08-02 19:00:00,1.0194,1.021,1.0167,1.0168,2115.0,-0.2648357037763782
2022-08-02 23:00:00,1.0169,1.0172,1.0154,1.0156,649.0,-0.1180173092053316
2022-08-03 03:00:00,1.0155,1.0193,1.0149,1.0191,1558.0,0.34462386766442865
2022-08-03 07:00:00,1.019,1.0192,1.0153,1.0176,2301.0,-0.14718869590814032
2022-08-03 11:00:00,1.0177,1.0209,1.0177,1.0183,2588.0,0.06878930817608708
2022-08-03 15:00:00,1.0182,1.0196,1.0122,1.0144,4178.0,-0.38299125994304406
2022-08-03 19:00:00,1.0145,1.0173,1.0139,1.0167,1790.0,0.22673501577286093
2022-08-03 23:00:00,1.0169,1.0171,1.0155,1.0156,559.0,-0.10819317399428652
2022-08-04 03:00:00,1.0155,1.0175,1.0153,1.0162,1062.0,0.05907837731389254
2022-08-04 07:00:00,1.0163,1.0185,1.0156,1.0178,1772.0,0.157449320999814
2022-08-04 11:00:00,1.0177,1.0197,1.016,1.0175,2686.0,-0.02947533896638932
2022-08-04 15:00:00,1.0174,1.0233,1.0165,1.0221,3831.0,0.4520884520884394
2022-08-04 19:00:00,1.022,1.0253,1.0217,1.0244,1489.0,0.22502690539085712
2022-08-04 23:00:00,1.0245,1.0251,1.0241,1.0246,594.0,0.019523623584527527
2022-08-05 03:00:00,1.0247,1.0247,1.0229,1.0236,1124.0,-0.09759906304898092
2022-08-05 07:00:00,1.0235,1.0238,1.0222,1.0233,1269.0,-0.029308323563892458
2022-08-05 11:00:00,1.0232,1.0238,1.0217,1.023,1656.0,-0.029316915860466697
2022-08-05 15:00:00,1.0231,1.0236,1.0141,1.0168,4864.0,-0.60606060606061
2022-08-05 19:00:00,1.0169,1.0192,1.0166,1.0177,1930.0,0.0885129819040209
2022-08-05 23:00:00,1.0178,1.0182,1.0176,1.0177,109.0,0.0
2022-08-07 23:00:00,1.0174,1.0178,1.0168,1.0171,437.0,-0.058956470472648626
2022-08-08 03:00:00,1.0172,1.0185,1.0158,1.0185,1265.0,0.13764624913972234
2022-08-08 07:00:00,1.0184,1.0214,1.017,1.0208,1657.0,0.22582228767795698
2022-08-08 11:00:00,1.0207,1.0207,1.0172,1.0199,1855.0,-0.08816614420061875
2022-08-08 15:00:00,1.02,1.0221,1.0183,1.0205,2257.0,0.05882929698990402
2022-08-08 19:00:00,1.0206,1.0212,1.0184,1.0191,1294.0,-0.13718765311122594
2022-08-08 23:00:00,1.0192,1.0199,1.0191,1.0197,394.0,0.05887547836327389
2022-08-09 03:00:00,1.0196,1.02,1.0188,1.0195,794.0,-0.01961361184661392
2022-08-09 07:00:00,1.0194,1.0214,1.0191,1.0214,1166.0,0.18636586562039703
2022-08-09 11:00:00,1.0213,1.0246,1.0213,1.0219,1909.0,0.04895241824944829
2022-08-09 15:00:00,1.022,1.0243,1.0218,1.0224,2077.0,0.048928466581843466
2022-08-09 19:00:00,1.0225,1.0231,1.0202,1.0207,927.0,-0.1662754303599412
2022-08-09 23:00:00,1.0208,1.0215,1.0204,1.0207,360.0,0.0
2022-08-10 03:00:00,1.0206,1.0218,1.0202,1.0213,684.0,0.058783188008249
2022-08-10 07:00:00,1.0214,1.0218,1.0204,1.021,913.0,-0.02937432683836061
2022-08-10 11:00:00,1.0211,1.026,1.0201,1.0257,1622.0,0.4603330068560396
2022-08-10 15:00:00,1.0258,1.0367,1.0243,1.0333,5124.0,0.7409573949497927
2022-08-10 19:00:00,1.0332,1.0335,1.0294,1.0303,1978.0,-0.2903319461918241
2022-08-10 23:00:00,1.0302,1.0303,1.0294,1.0297,602.0,-0.05823546539842628
2022-08-11 03:00:00,1.0298,1.0303,1.028,1.0287,1036.0,-0.09711566475673061
2022-08-11 07:00:00,1.0286,1.0331,1.0274,1.0324,1439.0,0.35967726256440624
2022-08-11 11:00:00,1.0325,1.0341,1.0317,1.0323,1854.0,-0.009686168151878949
2022-08-11 15:00:00,1.0322,1.0363,1.0322,1.0336,3249.0,0.12593238399691842
2022-08-11 19:00:00,1.0337,1.0338,1.0308,1.0316,1526.0,-0.19349845201238614
2022-08-11 23:00:00,1.0317,1.0326,1.0315,1.0319,494.0,0.029081039162459632
2022-08-12 03:00:00,1.032,1.0324,1.0304,1.0316,823.0,-0.029072584552758407
2022-08-12 07:00:00,1.0315,1.0323,1.029,1.0296,1426.0,-0.19387359441643826
2022-08-12 11:00:00,1.0295,1.0307,1.0276,1.0276,1836.0,-0.19425019425018952
2022-08-12 15:00:00,1.0277,1.029,1.0237,1.0254,3477.0,-0.2140910860256917
2022-08-12 19:00:00,1.0253,1.0267,1.025,1.026,833.0,0.05851375073142595
2022-08-12 23:00:00,1.0259,1.0261,1.0254,1.0256,109.0,-0.03898635477582735
2022-08-14 23:00:00,1.0258,1.0262,1.0253,1.0253,316.0,-0.02925117004679567
2022-08-15 03:00:00,1.0254,1.0267,1.0239,1.0251,1041.0,-0.019506485906584103
2022-08-15 07:00:00,1.0252,1.0255,1.0229,1.0233,1203.0,-0.17559262510972173
2022-08-15 11:00:00,1.0234,1.0236,1.0185,1.0195,1997.0,-0.3713476008990524
2022-08-15 15:00:00,1.0194,1.0222,1.018,1.0184,2840.0,-0.10789602746444915
2022-08-15 19:00:00,1.0185,1.0185,1.0154,1.016,810.0,-0.23566378633149698
2022-08-15 23:00:00,1.0159,1.0166,1.0153,1.0161,606.0,0.009842519685032691
2022-08-16 03:00:00,1.016,1.0169,1.0147,1.0161,1097.0,0.0
2022-08-16 07:00:00,1.016,1.0168,1.0133,1.0159,1471.0,-0.019683102056877733
2022-08-16 11:00:00,1.016,1.016,1.0122,1.0127,2278.0,-0.31499163303475575
2022-08-16 15:00:00,1.0128,1.0194,1.0124,1.0172,2681.0,0.44435667028737136
2022-08-16 19:00:00,1.0173,1.018,1.0161,1.0169,951.0,-0.029492725127822084
2022-08-16 23:00:00,1.017,1.0174,1.0165,1.0169,453.0,0.0
2022-08-17 03:00:00,1.0168,1.0179,1.0165,1.0172,1019.0,0.029501425902278555
2022-08-17 07:00:00,1.0173,1.0186,1.0149,1.0166,1701.0,-0.05898545025562196
2022-08-17 11:00:00,1.0165,1.0183,1.0151,1.0167,2306.0,0.009836710603972065
2022-08-17 15:00:00,1.0166,1.0197,1.0145,1.016,3548.0,-0.06885020163273081
2022-08-17 19:00:00,1.0161,1.0202,1.016,1.0179,2394.0,0.18700787401575436
2022-08-17 23:00:00,1.018,1.0181,1.0172,1.0177,364.0,-0.019648295510366065
2022-08-18 03:00:00,1.0176,1.0192,1.0166,1.017,1061.0,-0.06878254888474933
2022-08-18 07:00:00,1.0169,1.0178,1.0145,1.0161,1517.0,-0.08849557522122575
2022-08-18 11:00:00,1.016,1.0187,1.0157,1.0176,2026.0,0.14762326542663295
2022-08-18 15:00:00,1.0177,1.0186,1.0111,1.0112,3352.0,-0.6289308176100628
2022-08-18 19:00:00,1.0113,1.0114,1.0079,1.0093,1392.0,-0.18789556962025555
2022-08-18 23:00:00,1.0094,1.0094,1.0084,1.0088,334.0,-0.049539284652744264
2022-08-19 03:00:00,1.0089,1.009,1.0069,1.0079,1016.0,-0.08921490880252625
2022-08-19 07:00:00,1.0078,1.0095,1.0071,1.0089,1507.0,0.09921619208252963
2022-08-19 11:00:00,1.009,1.009,1.0045,1.0048,1887.0,-0.406383189612447
2022-08-19 15:00:00,1.0049,1.0068,1.0034,1.0036,2577.0,-0.11942675159234417
2022-08-19 19:00:00,1.0037,1.0045,1.0031,1.0039,900.0,0.02989238740533917
2022-08-19 23:00:00,1.004,1.0042,1.0038,1.0039,70.0,0.0
2022-08-20 19:00:00,1.0039,1.0039,1.0039,1.0039,4.0,0.0
2022-08-21 19:00:00,1.0039,1.0039,1.0039,1.0039,3.0,0.0
2022-08-21 23:00:00,1.004,1.0041,1.0029,1.0035,459.0,-0.039844606036454344
2022-08-22 03:00:00,1.0034,1.0046,1.0023,1.0042,973.0,0.06975585450921251
2022-08-22 07:00:00,1.0041,1.0041,0.9999,1.0003,1483.0,-0.38836885082652595
2022-08-22 11:00:00,1.0004,1.0017,0.9988,1.0,2352.0,-0.029991002699192304
2022-08-22 15:00:00,0.9999,1.0008,0.9927,0.9934,3037.0,-0.660000000000005
2022-08-22 19:00:00,0.9935,0.9948,0.9925,0.9942,1128.0,0.08053150795248598
2022-08-22 23:00:00,0.9943,0.9945,0.9932,0.9937,381.0,-0.05029169181250959
2022-08-23 03:00:00,0.9938,0.9949,0.9929,0.9941,1214.0,0.040253597665285135
2022-08-23 07:00:00,0.9942,0.9949,0.99,0.9932,2141.0,-0.09053415149381516
2022-08-23 11:00:00,0.9933,0.9942,0.9912,0.9924,2225.0,-0.0805477245267805
2022-08-23 15:00:00,0.9923,1.0017,0.9913,0.9973,4232.0,0.4937525191455183
2022-08-23 19:00:00,0.9972,0.9979,0.9959,0.9968,1313.0,-0.05013536548681419
2022-08-23 23:00:00,0.9967,0.9973,0.9963,0.9966,496.0,-0.020064205457459572
2022-08-24 03:00:00,0.9965,0.9971,0.9942,0.9947,1119.0,-0.19064820389324
2022-08-24 07:00:00,0.9946,0.9961,0.9934,0.9952,1513.0,0.05026641198351278
2022-08-24 11:00:00,0.9953,0.9958,0.9916,0.9926,2232.0,-0.2612540192926005
2022-08-24 15:00:00,0.9927,0.9998,0.9909,0.9966,4252.0,0.4029820672980078
2022-08-24 19:00:00,0.9967,0.9975,0.9944,0.9971,1397.0,0.050170579971897666
2022-08-24 23:00:00,0.997,0.9973,0.9963,0.9967,442.0,-0.04011633737839304
2022-08-25 03:00:00,0.9966,0.9992,0.9962,0.9986,1314.0,0.1906290759506435
2022-08-25 07:00:00,0.9985,1.0033,0.9984,0.9999,2265.0,0.13018225515721848
2022-08-25 11:00:00,1.0003,1.0011,0.9972,0.9976,2340.0,-0.2300230023002281
2022-08-25 15:00:00,0.9975,1.0,0.9954,0.9956,3376.0,-0.200481154771448
2022-08-25 19:00:00,0.9955,0.9978,0.9948,0.9976,1380.0,0.2008838891121023
2022-08-25 23:00:00,0.9977,0.9977,0.9967,0.997,417.0,-0.0601443464314344
2022-08-26 03:00:00,0.9971,0.9974,0.9962,0.997,729.0,0.0
2022-08-26 07:00:00,0.9969,0.9974,0.9946,0.9973,1361.0,0.030090270812443976
2022-08-26 11:00:00,0.9972,1.0023,0.9969,0.9997,1782.0,0.2406497543367081
2022-08-26 15:00:00,0.9996,1.0089,0.9983,0.9996,5938.0,-0.01000300090027162
2022-08-26 19:00:00,0.9997,1.0002,0.9956,0.9965,1870.0,-0.3101240496198421
2022-08-26 23:00:00,0.9964,0.9968,0.9962,0.9964,112.0,-0.010035122930263096
2022-08-28 11:00:00,0.9964,0.9964,0.9964,0.9964,4.0,0.0
2022-08-28 23:00:00,0.9965,0.9965,0.9934,0.9935,777.0,-0.2910477719791138
2022-08-29 03:00:00,0.9936,0.9944,0.9917,0.9923,1560.0,-0.12078510317061752
2022-08-29 07:00:00,0.9924,0.995,0.9913,0.9942,1911.0,0.19147435251436473
2022-08-29 11:00:00,0.9941,0.9999,0.9919,0.9997,2482.0,0.5532086099376388
2022-08-29 15:00:00,0.9996,1.0028,0.998,0.9996,3558.0,-0.01000300090027162
2022-08-29 19:00:00,0.9997,1.0022,0.9989,0.9995,1508.0,-0.010004001600638635
2022-08-29 23:00:00,0.9996,1.0011,0.9992,1.001,362.0,0.15007503751873763
2022-08-30 03:00:00,1.0009,1.0012,0.9981,0.9998,1362.0,-0.11988011988011138
2022-08-30 07:00:00,0.9997,1.0033,0.9981,1.0028,2150.0,0.30006001200237886
2022-08-30 11:00:00,1.0027,1.0054,1.0016,1.0024,2745.0,-0.03988831272436766
2022-08-30 15:00:00,1.0025,1.004,0.9982,1.0017,4348.0,-0.06983240223462639
2022-08-30 19:00:00,1.0018,1.0034,1.0009,1.0016,2204.0,-0.009983028850957254
2022-08-30 23:00:00,1.0017,1.0025,1.0013,1.0023,402.0,0.06988817891373511
2022-08-31 03:00:00,1.0022,1.0034,1.0016,1.0031,1066.0,0.07981642222889551
2022-08-31 07:00:00,1.0032,1.0045,0.9998,1.0001,1627.0,-0.2990728740903337
2022-08-31 11:00:00,1.0,1.0026,0.997,1.0,3273.0,-0.009999000099991662
2022-08-31 15:00:00,1.0001,1.0078,0.9981,1.0062,4483.0,0.6199999999999983
2022-08-31 19:00:00,1.0063,1.0063,1.0035,1.0048,1844.0,-0.1391373484396774
2022-08-31 23:00:00,1.0047,1.0054,1.0034,1.0037,586.0,-0.10947452229298493
2022-09-01 03:00:00,1.0036,1.0037,1.001,1.0016,1310.0,-0.20922586430207613
2022-09-01 07:00:00,1.0015,1.0032,1.0007,1.0029,1979.0,0.12979233226835252
2022-09-01 11:00:00,1.003,1.0048,1.0,1.0003,2771.0,-0.259248180277194
2022-09-01 15:00:00,1.0004,1.0006,0.991,0.9948,4468.0,-0.5498350494851478
2022-09-01 19:00:00,0.9947,0.9959,0.9935,0.9944,1883.0,-0.040209087253728626
2022-09-01 23:00:00,0.9943,0.9952,0.9942,0.9951,606.0,0.07039420756236314
2022-09-02 03:00:00,0.995,0.9962,0.9949,0.9961,833.0,0.10049241282283905
2022-09-02 07:00:00,0.9962,0.9995,0.9957,0.9988,1627.0,0.2710571227788394
2022-09-02 11:00:00,0.9987,1.0016,0.9967,0.999,1963.0,0.020024028834608742
2022-09-02 15:00:00,0.9989,1.0033,0.998,1.0029,4677.0,0.3903903903903716
2022-09-02 19:00:00,1.003,1.003,0.9944,0.9952,2549.0,-0.767773456974763
2022-09-02 23:00:00,0.9951,0.996,0.9951,0.9957,141.0,0.05024115755627445
2022-09-03 19:00:00,0.9957,0.9957,0.9957,0.9957,9.0,0.0
2022-09-04 23:00:00,0.993,0.9935,0.9902,0.9907,1019.0,-0.5021592849251744
2022-09-05 03:00:00,0.9908,0.9928,0.99,0.9912,1587.0,0.05046936509538469
2022-09-05 07:00:00,0.9913,0.9936,0.9877,0.991,2353.0,-0.020177562550438566
2022-09-05 11:00:00,0.9909,0.9943,0.9903,0.9916,2106.0,0.06054490413724967
2022-09-05 15:00:00,0.9917,0.9934,0.9913,0.9928,1731.0,0.12101653892697684
2022-09-05 19:00:00,0.9929,0.9935,0.9926,0.993,249.0,0.02014504431908648
2022-09-05 23:00:00,0.9929,0.9951,0.9924,0.9949,661.0,0.19133937562940684
2022-09-06 03:00:00,0.995,0.997,0.9942,0.9943,1619.0,-0.06030756859985997
2022-09-06 07:00:00,0.9944,0.9985,0.9943,0.9975,2378.0,0.3218344564015041
2022-09-06 11:00:00,0.9974,0.9975,0.9917,0.9923,2848.0,-0.521303258145378
2022-09-06 15:00:00,0.9924,0.9929,0.9863,0.9911,4348.0,-0.12093117000906428
2022-09-06 19:00:00,0.9912,0.9915,0.9894,0.9902,1647.0,-0.09080819291695796
2022-09-06 23:00:00,0.9901,0.9908,0.9889,0.9896,375.0,-0.06059381943041009
2022-09-07 03:00:00,0.9897,0.9902,0.9876,0.9885,1445.0,-0.1111560226354058
2022-09-07 07:00:00,0.9884,0.9927,0.9879,0.9922,1750.0,0.3743045017703617
2022-09-07 11:00:00,0.9921,0.9928,0.9876,0.9877,2380.0,-0.45353759322717124
2022-09-07 15:00:00,0.9878,0.9953,0.9874,0.9939,3243.0,0.6277209679052431
2022-09-07 19:00:00,0.9938,1.0009,0.9938,1.0008,1869.0,0.6942348324781022
2022-09-07 23:00:00,1.0007,1.0012,0.9993,0.9997,538.0,-0.10991207034370953
2022-09-08 03:00:00,0.9998,1.0,0.9979,0.9985,1227.0,-0.12003601080323723
2022-09-08 07:00:00,0.9986,1.0014,0.9976,0.9981,1742.0,-0.04006009013520773
2022-09-08 11:00:00,0.9982,1.0028,0.9977,1.0019,2205.0,0.3807233744113736
2022-09-08 15:00:00,1.002,1.0029,0.993,0.9953,6299.0,-0.6587483780816528
2022-09-08 19:00:00,0.9954,0.9999,0.9944,0.9998,2264.0,0.45212498744098273
2022-09-08 23:00:00,0.9997,1.0009,0.9994,1.0009,274.0,0.11002200440086707
2022-09-09 03:00:00,1.0008,1.0083,1.0007,1.0068,1472.0,0.5894694774702725
2022-09-09 07:00:00,1.0069,1.0109,1.0057,1.0096,2266.0,0.2781088597536785
2022-09-09 11:00:00,1.0095,1.0112,1.0036,1.0036,2481.0,-0.5942947702060275
2022-09-09 15:00:00,1.0037,1.0062,1.0031,1.0044,3558.0,0.07971303308089706
2022-09-09 19:00:00,1.0043,1.0054,1.0036,1.0045,1026.0,0.009956192751880977
2022-09-09 23:00:00,1.0044,1.0046,1.0039,1.0045,147.0,0.0
2022-09-10 19:00:00,1.0045,1.0045,1.0045,1.0045,7.0,0.0
2022-09-11 11:00:00,1.0045,1.0045,1.0045,1.0045,1.0,0.0
2022-09-11 23:00:00,1.0045,1.0097,1.0045,1.007,801.0,0.24888003982079798
2022-09-12 03:00:00,1.0069,1.0094,1.0062,1.008,1249.0,0.09930486593843213
2022-09-12 07:00:00,1.0081,1.0197,1.0073,1.0174,2541.0,0.9325396825396792
2022-09-12 11:00:00,1.0175,1.0195,1.0129,1.0143,2670.0,-0.3046982504423146
2022-09-12 15:00:00,1.0142,1.0162,1.0104,1.0125,3081.0,-0.17746228926353025
2022-09-12 19:00:00,1.0126,1.0143,1.011,1.0114,1331.0,-0.10864197530863207
2022-09-12 23:00:00,1.0115,1.0129,1.0114,1.0128,375.0,0.13842198932172423
2022-09-13 03:00:00,1.0127,1.0145,1.0123,1.0129,1149.0,0.009873617693512138
2022-09-13 07:00:00,1.013,1.0154,1.0119,1.0146,1527.0,0.16783492941061517
2022-09-13 11:00:00,1.0147,1.0186,1.0132,1.0176,1674.0,0.2956830277942135
2022-09-13 15:00:00,1.0177,1.0179,0.9995,0.9996,5771.0,-1.7688679245283057
2022-09-13 19:00:00,0.9995,1.0008,0.9969,0.9972,1657.0,-0.24009603841537164
2022-09-13 23:00:00,0.9973,0.998,0.9955,0.9977,716.0,0.05014039310069496
2022-09-14 03:00:00,0.9976,0.9989,0.9968,0.9988,1565.0,0.11025358324145973
2022-09-14 07:00:00,0.9989,1.0001,0.9959,0.9987,2631.0,-0.010012014417304371
2022-09-14 11:00:00,0.9986,1.0023,0.9981,0.9991,2860.0,0.040052067687978976
2022-09-14 15:00:00,0.9992,1.0009,0.997,0.9992,3964.0,0.01000900810730343
2022-09-14 19:00:00,0.9993,1.0007,0.9968,0.9979,1372.0,-0.13010408326661338
2022-09-14 23:00:00,0.9978,0.9984,0.9974,0.9981,425.0,0.020042088385596735
2022-09-15 03:00:00,0.998,0.9982,0.9968,0.9973,781.0,-0.08015228934976637
2022-09-15 07:00:00,0.9974,0.9978,0.9955,0.9977,1209.0,0.04010829238945135
2022-09-15 11:00:00,0.9976,0.9999,0.9968,0.9984,1899.0,0.07016137115365417
2022-09-15 15:00:00,0.9985,1.0017,0.9977,0.999,3577.0,0.06009615384616751
2022-09-15 19:00:00,0.9989,1.0014,0.9987,0.9994,1344.0,0.0400400400400347
2022-09-15 23:00:00,0.9995,1.0001,0.9986,0.9987,459.0,-0.07004202521512237
2022-09-16 03:00:00,0.9986,1.0011,0.9985,0.9996,1071.0,0.090117152297986
2022-09-16 07:00:00,0.9997,1.0001,0.9944,0.9955,2012.0,-0.41016406562625063
2022-09-16 11:00:00,0.9956,0.9988,0.9948,0.9968,2102.0,0.1305876443997933
2022-09-16 15:00:00,0.9969,1.0036,0.9952,1.0011,4280.0,0.4313804173354807
2022-09-16 19:00:00,1.001,1.0019,0.9992,1.0012,1588.0,0.009989012086708549
2022-09-16 23:00:00,1.0011,1.0013,1.0007,1.0012,90.0,0.0
2022-09-18 03:00:00,1.0012,1.0012,1.0012,1.0012,29.0,0.0
2022-09-18 07:00:00,1.0012,1.0012,1.0012,1.0012,1.0,0.0
2022-09-18 11:00:00,1.0012,1.0012,1.0012,1.0012,3.0,0.0
2022-09-18 19:00:00,1.0012,1.0012,1.0012,1.0012,2.0,0.0
2022-09-18 23:00:00,1.001,1.0028,1.0003,1.0021,429.0,0.08989212944465752
2022-09-19 03:00:00,1.0022,1.0028,0.9994,0.9997,842.0,-0.23949705618201422
2022-09-19 07:00:00,0.9998,0.9999,0.9965,0.9979,1576.0,-0.18005401620486694
2022-09-19 11:00:00,0.9978,1.0004,0.9966,0.9981,2141.0,0.020042088385596735
2022-09-19 15:00:00,0.9982,1.0017,0.9975,1.0001,2813.0,0.20038072337440482
2022-09-19 19:00:00,1.0002,1.0024,1.0,1.0023,1170.0,0.21997800219977215
2022-09-19 23:00:00,1.0024,1.0031,1.0018,1.0029,505.0,0.05986231667165498
2022-09-20 03:00:00,1.003,1.005,1.0019,1.0029,1236.0,0.0
2022-09-20 07:00:00,1.0028,1.0041,1.0012,1.0035,1858.0,0.05982650314091398
2022-09-20 11:00:00,1.0034,1.0035,0.9985,0.9986,2439.0,-0.4882909815645209
2022-09-20 15:00:00,0.9987,0.9999,0.9954,0.9993,3401.0,0.07009813739233817
2022-09-20 19:00:00,0.9994,0.9995,0.9959,0.9975,1736.0,-0.18012608826177834
2022-09-20 23:00:00,0.9974,0.9978,0.9964,0.997,705.0,-0.05012531328321135
2022-09-21 03:00:00,0.9969,0.9974,0.9957,0.9965,1249.0,-0.05015045135405849
2022-09-21 07:00:00,0.9966,0.9968,0.9884,0.9909,3181.0,-0.5619668840943337
2022-09-21 11:00:00,0.991,0.9936,0.9898,0.9899,2268.0,-0.1009183570491512
2022-09-21 15:00:00,0.99,0.9919,0.9866,0.9878,3038.0,-0.21214264067077604
2022-09-21 19:00:00,0.9877,0.9909,0.9813,0.9851,6080.0,-0.2733346831342409
2022-09-21 23:00:00,0.9848,0.9849,0.9828,0.9831,810.0,-0.2030250735965855
2022-09-22 03:00:00,0.983,0.9837,0.9808,0.9818,2362.0,-0.1322347675719593
2022-09-22 07:00:00,0.9819,0.9852,0.9812,0.9844,3149.0,0.26481971888367983
2022-09-22 11:00:00,0.9845,0.9907,0.984,0.9865,5289.0,0.2133279154815204
2022-09-22 15:00:00,0.9866,0.9887,0.9811,0.9839,4828.0,-0.2635580334516052
2022-09-22 19:00:00,0.984,0.9851,0.9829,0.9839,2212.0,0.0
2022-09-22 23:00:00,0.9838,0.9839,0.983,0.9838,561.0,-0.010163634515703013
2022-09-23 03:00:00,0.9837,0.9851,0.982,0.9823,1084.0,-0.15247001423054352
2022-09-23 07:00:00,0.9822,0.9837,0.9766,0.9774,2345.0,-0.49882927822456624
2022-09-23 11:00:00,0.9775,0.9779,0.9736,0.975,4375.0,-0.24554941682014553
2022-09-23 15:00:00,0.9751,0.9774,0.9701,0.9717,4952.0,-0.33846153846153193
2022-09-23 19:00:00,0.9716,0.9723,0.9667,0.969,2584.0,-0.27786353812905284
2022-09-23 23:00:00,0.9691,0.9696,0.9687,0.9688,183.0,-0.020639834881319707
2022-09-25 15:00:00,0.9688,0.9688,0.9688,0.9688,4.0,0.0
2022-09-25 23:00:00,0.9675,0.9708,0.9667,0.9685,1131.0,-0.03096614368289785
2022-09-26 03:00:00,0.9684,0.9691,0.9549,0.9633,4903.0,-0.5369127516778538
2022-09-26 07:00:00,0.9634,0.9701,0.962,0.9677,4649.0,0.4567632097996377
2022-09-26 11:00:00,0.9678,0.9697,0.9618,0.9637,4653.0,-0.4133512452206278
2022-09-26 15:00:00,0.9638,0.9688,0.9609,0.9619,6379.0,-0.18678011829407204
2022-09-26 19:00:00,0.9621,0.9629,0.9599,0.9608,4247.0,-0.11435700176732899
2022-09-26 23:00:00,0.9609,0.9623,0.9583,0.9619,1130.0,0.11448792672772434
2022-09-27 03:00:00,0.9618,0.9644,0.9618,0.964,2155.0,0.21831791246491594
2022-09-27 07:00:00,0.9641,0.967,0.9634,0.9646,2695.0,0.06224066390041472
2022-09-27 11:00:00,0.9645,0.9652,0.9606,0.9638,3173.0,-0.0829359319925338
2022-09-27 15:00:00,0.9637,0.9648,0.9592,0.9614,5670.0,-0.249014318323304
2022-09-27 19:00:00,0.9613,0.9615,0.9568,0.9594,2569.0,-0.20802995631370447
2022-09-27 23:00:00,0.9593,0.9599,0.9583,0.9595,698.0,0.010423181154894934
2022-09-28 03:00:00,0.9594,0.96,0.9544,0.9557,2787.0,-0.3960396039603964
2022-09-28 07:00:00,0.9558,0.9586,0.9535,0.9576,3264.0,0.1988071570576455
2022-09-28 11:00:00,0.9577,0.9601,0.9537,0.9565,6417.0,-0.11487050960734546
2022-09-28 15:00:00,0.9566,0.9687,0.9559,0.9678,7038.0,1.1813904861474045
2022-09-28 19:00:00,0.9679,0.975,0.9678,0.9731,3636.0,0.5476338086381372
2022-09-28 23:00:00,0.9732,0.9738,0.9704,0.9705,901.0,-0.2671873394306745
2022-09-29 03:00:00,0.9706,0.9713,0.9674,0.9685,1993.0,-0.20607934054610588
2022-09-29 07:00:00,0.9684,0.9689,0.9635,0.9654,3376.0,-0.32008260196179084
2022-09-29 11:00:00,0.9658,0.9746,0.9641,0.9722,4416.0,0.7043712450797601
2022-09-29 15:00:00,0.9723,0.9789,0.9683,0.9773,6693.0,0.5245834190495735
2022-09-29 19:00:00,0.9772,0.9808,0.9769,0.98,2916.0,0.2762713598690292
2022-09-29 23:00:00,0.9799,0.9843,0.9796,0.9828,1333.0,0.28571428571428914
2022-09-30 03:00:00,0.9829,0.9832,0.9794,0.9799,2441.0,-0.2950752950752977
2022-09-30 07:00:00,0.98,0.9837,0.9789,0.9832,3538.0,0.3367690580671434
2022-09-30 11:00:00,0.9833,0.9853,0.974,0.9746,4573.0,-0.8746948738811988
2022-09-30 15:00:00,0.9745,0.9817,0.9734,0.9782,7152.0,0.36938231069156835
2022-09-30 19:00:00,0.9783,0.9815,0.977,0.98,2518.0,0.18401144960131788
2022-09-30 23:00:00,0.9799,0.9809,0.9798,0.9799,221.0,-0.010204081632647632
2022-10-01 11:00:00,0.9799,0.9799,0.9799,0.9799,1.0,0.0
2022-10-02 03:00:00,0.9799,0.9799,0.9799,0.9799,6.0,0.0
2022-10-02 23:00:00,0.9793,0.981,0.9789,0.9793,889.0,-0.061230737830397786
2022-10-03 03:00:00,0.9792,0.9827,0.9785,0.9805,1642.0,0.12253650566731444
2022-10-03 07:00:00,0.9804,0.9834,0.9783,0.9811,3498.0,0.06119326874043374
2022-10-03 11:00:00,0.981,0.9827,0.9752,0.9767,3397.0,-0.44847620018346745
2022-10-03 15:00:00,0.9768,0.9844,0.9755,0.9807,5250.0,0.40954233643903937
2022-10-03 19:00:00,0.9808,0.9827,0.9787,0.9827,2851.0,0.20393596410726023
2022-10-03 23:00:00,0.9828,0.9837,0.982,0.9833,839.0,0.06105627353210075
2022-10-04 03:00:00,0.9834,0.9845,0.9805,0.9842,1971.0,0.09152852639071618
2022-10-04 07:00:00,0.9841,0.9895,0.9825,0.9874,3279.0,0.3251371672424508
2022-10-04 11:00:00,0.9873,0.9903,0.9852,0.989,3398.0,0.16204172574436626
2022-10-04 15:00:00,0.9889,0.9979,0.9885,0.9975,4982.0,0.859453993933279
2022-10-04 19:00:00,0.9976,0.9998,0.9959,0.9989,2821.0,0.140350877192974
2022-10-04 23:00:00,0.999,0.9993,0.9978,0.9983,909.0,-0.06006607267995401
2022-10-05 03:00:00,0.9982,0.999,0.9959,0.9969,2053.0,-0.1402384052889838
2022-10-05 07:00:00,0.9968,0.9994,0.9935,0.994,3004.0,-0.2909017955662563
2022-10-05 11:00:00,0.9939,0.995,0.9899,0.9904,2825.0,-0.3621730382293853
2022-10-05 15:00:00,0.9905,0.9922,0.9834,0.9865,5128.0,-0.39378029079158994
2022-10-05 19:00:00,0.9864,0.9896,0.9859,0.9884,2093.0,0.1926001013684564
2022-10-05 23:00:00,0.9885,0.9911,0.9874,0.9911,955.0,0.27316875758802706
2022-10-06 03:00:00,0.991,0.9926,0.9902,0.9916,1950.0,0.05044899606498898
2022-10-06 07:00:00,0.9915,0.9925,0.9892,0.991,2760.0,-0.06050826946349952
2022-10-06 11:00:00,0.9909,0.9912,0.9857,0.9868,3684.0,-0.42381432896064775
2022-10-06 15:00:00,0.9867,0.9881,0.9803,0.9804,4953.0,-0.6485610052695545
2022-10-06 19:00:00,0.9805,0.9816,0.9787,0.9796,2661.0,-0.0815993472052301
2022-10-06 23:00:00,0.9795,0.9801,0.9786,0.9788,933.0,-0.08166598611678566
2022-10-07 03:00:00,0.9789,0.9811,0.9786,0.9804,1518.0,0.1634654679198988
2022-10-07 07:00:00,0.9803,0.9808,0.9765,0.9798,2142.0,-0.0611995104039198
2022-10-07 11:00:00,0.9797,0.9816,0.9786,0.9787,2766.0,-0.11226780975709394
2022-10-07 15:00:00,0.9786,0.9803,0.9725,0.9783,6475.0,-0.04087054255645928
2022-10-07 19:00:00,0.9782,0.9784,0.973,0.9738,2179.0,-0.4599816007359703
2022-10-07 23:00:00,0.9737,0.9742,0.9735,0.9738,197.0,0.0
2022-10-09 23:00:00,0.9732,0.9739,0.9727,0.9734,860.0,-0.04107619634421411
2022-10-10 03:00:00,0.9735,0.9752,0.9724,0.9737,1325.0,0.030819806862547594
2022-10-10 07:00:00,0.9736,0.9743,0.9698,0.9706,2178.0,-0.3183732155694785
2022-10-10 11:00:00,0.9707,0.9708,0.9681,0.9696,2622.0,-0.10302905419328212
2022-10-10 15:00:00,0.9695,0.9745,0.9685,0.9702,3801.0,0.061881188118806385
2022-10-10 19:00:00,0.9703,0.9723,0.9685,0.9701,2383.0,-0.01030715316429065
2022-10-10 23:00:00,0.9702,0.9711,0.9699,0.971,471.0,0.09277394083084811
2022-10-11 03:00:00,0.9711,0.9722,0.968,0.9681,2119.0,-0.2986611740473766
2022-10-11 07:00:00,0.9682,0.9724,0.967,0.9698,2739.0,0.17560169403987302
2022-10-11 11:00:00,0.9697,0.9737,0.9691,0.9724,3226.0,0.2680965147453085
2022-10-11 15:00:00,0.9723,0.9762,0.969,0.9755,3953.0,0.3187988482106219
2022-10-11 19:00:00,0.9756,0.9774,0.9693,0.9709,3382.0,-0.47155304971809864
2022-10-11 23:00:00,0.971,0.9717,0.9698,0.97,706.0,-0.09269749716758202
2022-10-12 03:00:00,0.9699,0.9711,0.9682,0.9697,2010.0,-0.03092783505154184
2022-10-12 07:00:00,0.9698,0.9734,0.9695,0.9707,3589.0,0.10312467773538891
2022-10-12 11:00:00,0.9706,0.9724,0.9697,0.9707,2548.0,0.0
2022-10-12 15:00:00,0.9708,0.9711,0.9667,0.969,4174.0,-0.17513134851139256
2022-10-12 19:00:00,0.9691,0.9719,0.9679,0.97,2272.0,0.10319917440659854
2022-10-12 23:00:00,0.9701,0.9709,0.9696,0.9704,378.0,0.04123711340207059
2022-10-13 03:00:00,0.9703,0.9721,0.9694,0.97,1359.0,-0.04122011541632942
2022-10-13 07:00:00,0.9699,0.9708,0.9685,0.9705,1542.0,0.051546391752577136
2022-10-13 11:00:00,0.9704,0.9752,0.9697,0.9744,2746.0,0.4018547140649087
2022-10-13 15:00:00,0.9743,0.9798,0.9631,0.9778,8656.0,0.34893267651887605
2022-10-13 19:00:00,0.9779,0.9805,0.9763,0.9774,3640.0,-0.04090816117815477
2022-10-13 23:00:00,0.9773,0.978,0.9766,0.9767,622.0,-0.07161857990587439
2022-10-14 03:00:00,0.9766,0.9808,0.9761,0.9786,2262.0,0.19453260980855092
2022-10-14 07:00:00,0.9787,0.9796,0.9752,0.9767,2904.0,-0.19415491518496308
2022-10-14 11:00:00,0.9766,0.9766,0.9708,0.9718,3509.0,-0.5016893621378138
2022-10-14 15:00:00,0.9719,0.9799,0.9706,0.9738,6307.0,0.20580366330520405
2022-10-14 19:00:00,0.9737,0.9747,0.9712,0.9727,2422.0,-0.11295953994659991
2022-10-14 23:00:00,0.9728,0.9729,0.9719,0.9723,149.0,-0.04112264829854162
2022-10-16 19:00:00,0.9723,0.9723,0.9723,0.9723,11.0,0.0
2022-10-16 23:00:00,0.9723,0.9742,0.972,0.9739,698.0,0.16455826391030826
2022-10-17 03:00:00,0.974,0.9751,0.9736,0.9739,1775.0,0.0
2022-10-17 07:00:00,0.9738,0.9756,0.973,0.9746,2295.0,0.07187596262450135
2022-10-17 11:00:00,0.9747,0.977,0.9719,0.974,3111.0,-0.061563718448598426
2022-10-17 15:00:00,0.9739,0.9847,0.9729,0.9841,3631.0,1.0369609856262896
2022-10-17 19:00:00,0.9842,0.9851,0.9832,0.9834,2281.0,-0.07113098262371276
2022-10-17 23:00:00,0.9835,0.9846,0.9834,0.9843,670.0,0.09151921903598481
2022-10-18 03:00:00,0.9844,0.9852,0.9822,0.984,1528.0,-0.030478512648579592
2022-10-18 07:00:00,0.9841,0.9873,0.983,0.9857,2984.0,0.17276422764227473
2022-10-18 11:00:00,0.9858,0.9858,0.9812,0.983,3246.0,-0.27391701329004814
2022-10-18 15:00:00,0.9831,0.9875,0.9821,0.9841,3947.0,0.11190233977620423
2022-10-18 19:00:00,0.984,0.986,0.9837,0.9856,2515.0,0.1524235341936908
2022-10-18 23:00:00,0.9855,0.9871,0.9852,0.9862,647.0,0.06087662337661559
2022-10-19 03:00:00,0.9861,0.9866,0.9842,0.9843,1603.0,-0.1926586899209104
2022-10-19 07:00:00,0.9844,0.9845,0.9814,0.9838,2327.0,-0.05079752108096969
2022-10-19 11:00:00,0.9839,0.9839,0.9759,0.9783,3146.0,-0.5590567188452966
2022-10-19 15:00:00,0.9782,0.9802,0.9764,0.9778,3730.0,-0.05110906674843374
2022-10-19 19:00:00,0.9777,0.9781,0.9757,0.9772,2221.0,-0.0613622417672377
2022-10-19 23:00:00,0.9771,0.9775,0.976,0.9765,436.0,-0.07163323782234388
2022-10-20 03:00:00,0.9766,0.9771,0.9754,0.9761,1576.0,-0.04096262160778741
2022-10-20 07:00:00,0.976,0.9794,0.9758,0.9786,2956.0,0.25612129904724057
2022-10-20 11:00:00,0.9787,0.9828,0.9772,0.9812,2915.0,0.2656856734109869
2022-10-20 15:00:00,0.9811,0.9845,0.9779,0.9822,4951.0,0.10191602119853371
2022-10-20 19:00:00,0.9821,0.9821,0.9772,0.9783,2316.0,-0.3970678069639577
2022-10-20 23:00:00,0.9782,0.9788,0.9772,0.9778,598.0,-0.05110906674843374
2022-10-21 03:00:00,0.9777,0.9783,0.9764,0.9768,1456.0,-0.10227040294539247
2022-10-21 07:00:00,0.9767,0.9801,0.976,0.9788,2289.0,0.20475020475021477
2022-10-21 11:00:00,0.9787,0.979,0.9731,0.9744,3174.0,-0.4495300367797217
2022-10-21 15:00:00,0.9745,0.9855,0.9704,0.9852,8141.0,1.1083743842364546
2022-10-21 19:00:00,0.9854,0.9868,0.9823,0.986,3803.0,0.08120178643931109
2022-10-21 23:00:00,0.9859,0.9865,0.9857,0.9862,240.0,0.020283975659229903
2022-10-22 15:00:00,0.9862,0.9862,0.9862,0.9862,8.0,0.0
2022-10-23 23:00:00,0.987,0.9898,0.983,0.9859,3027.0,-0.030419793145408658
2022-10-24 03:00:00,0.9858,0.9867,0.9824,0.9834,3350.0,-0.2535754133279222
2022-10-24 07:00:00,0.9833,0.9861,0.9826,0.9834,3242.0,0.0
2022-10-24 11:00:00,0.9835,0.9845,0.9806,0.9835,4419.0,0.010168802115106956
2022-10-24 15:00:00,0.9834,0.9893,0.9826,0.9873,6447.0,0.3863751906456381
2022-10-24 19:00:00,0.9872,0.988,0.9862,0.9873,2131.0,0.0
2022-10-24 23:00:00,0.9872,0.9889,0.9869,0.9883,685.0,0.10128633647321639
2022-10-25 03:00:00,0.9884,0.9898,0.9877,0.9884,2484.0,0.010118385105739591
2022-10-25 07:00:00,0.9883,0.9885,0.9852,0.9856,1933.0,-0.28328611898016387
2022-10-25 11:00:00,0.9855,0.9875,0.9848,0.9866,2514.0,0.10146103896104819
2022-10-25 15:00:00,0.9865,0.9976,0.9856,0.9957,4884.0,0.922359618893176
2022-10-25 19:00:00,0.9956,0.9969,0.9946,0.9965,2267.0,0.08034548558804033
2022-10-25 23:00:00,0.9966,0.9968,0.9955,0.9961,811.0,-0.04014049172103018
2022-10-26 03:00:00,0.9962,0.9966,0.9943,0.9956,2130.0,-0.05019576347755628
2022-10-26 07:00:00,0.9957,1.0034,0.995,1.0027,2841.0,0.7131378063479188
2022-10-26 11:00:00,1.0028,1.0047,1.0008,1.0021,3713.0,-0.05983843622219265
2022-10-26 15:00:00,1.002,1.0079,0.9995,1.0066,4049.0,0.44905698034127806
2022-10-26 19:00:00,1.0065,1.0087,1.006,1.008,1779.0,0.13908205841446364
2022-10-26 23:00:00,1.0079,1.0093,1.0071,1.0093,973.0,0.1289682539682646
2022-10-27 03:00:00,1.0092,1.0093,1.0061,1.0069,2083.0,-0.23778856633311918
2022-10-27 07:00:00,1.0068,1.0083,1.0054,1.0066,2785.0,-0.029794418512263388
2022-10-27 11:00:00,1.0065,1.0077,1.0027,1.0049,2899.0,-0.16888535664614235
2022-10-27 15:00:00,1.0048,1.005,0.9972,0.9983,6696.0,-0.6567817693302724
2022-10-27 19:00:00,0.9982,0.9995,0.9957,0.997,2241.0,-0.1302213763397786
2022-10-27 23:00:00,0.9971,0.9971,0.9959,0.9966,733.0,-0.04012036108324013
2022-10-28 03:00:00,0.9967,0.9997,0.9957,0.9992,1872.0,0.2608870158538945
2022-10-28 07:00:00,0.9991,0.9992,0.9937,0.9945,2923.0,-0.4703763010408202
2022-10-28 11:00:00,0.9943,0.9975,0.9926,0.9953,2960.0,0.08044243338360957
2022-10-28 15:00:00,0.9954,0.9988,0.9929,0.9932,4516.0,-0.21099166080578158
2022-10-28 19:00:00,0.9933,0.9965,0.9927,0.9965,1162.0,0.33225936367298203
2022-10-28 23:00:00,0.9964,0.9966,0.9958,0.9965,218.0,0.0
2022-10-29 07:00:00,0.9965,0.9965,0.9965,0.9965,1.0,0.0
2022-10-30 03:00:00,0.9965,0.9965,0.9965,0.9965,11.0,0.0
2022-10-30 06:00:00,0.9965,0.9965,0.9965,0.9965,8.0,0.0
2022-10-30 22:00:00,0.9951,0.9961,0.9944,0.9953,591.0,-0.12042147516307944
2022-10-31 02:00:00,0.9954,0.9965,0.9942,0.9963,1090.0,0.10047221943132456
2022-10-31 06:00:00,0.9962,0.9964,0.9927,0.9928,1137.0,-0.35129980929438087
2022-10-31 10:00:00,0.9927,0.9948,0.9913,0.9936,2068.0,0.08058017727639033
2022-10-31 14:00:00,0.9935,0.9935,0.9872,0.9881,2624.0,-0.5535426731078985
2022-10-31 18:00:00,0.9883,0.9894,0.9872,0.9881,1552.0,0.0
2022-10-31 22:00:00,0.9882,0.9886,0.9879,0.9884,358.0,0.030361299463610436
2022-11-01 02:00:00,0.9885,0.9907,0.9881,0.9902,1138.0,0.1821125050586847
2022-11-01 06:00:00,0.9903,0.9937,0.9898,0.9929,1639.0,0.27267218743689536
2022-11-01 10:00:00,0.9927,0.9947,0.9914,0.9933,2004.0,0.04028603081880355
2022-11-01 14:00:00,0.9934,0.9952,0.9858,0.9869,3422.0,-0.6443169233866897
2022-11-01 18:00:00,0.987,0.9908,0.9851,0.9876,1864.0,0.07092917215523187
2022-11-01 22:00:00,0.9877,0.9882,0.9869,0.9876,562.0,0.0
2022-11-02 02:00:00,0.9877,0.9898,0.9873,0.9891,1132.0,0.1518833535844477
2022-11-02 06:00:00,0.9892,0.9892,0.987,0.9883,1235.0,-0.08088160954403678
2022-11-02 10:00:00,0.9884,0.9911,0.9878,0.9896,1844.0,0.13153900637459248
2022-11-02 14:00:00,0.9897,0.9914,0.9863,0.9873,2677.0,-0.23241713823768384
2022-11-02 18:00:00,0.9872,0.9974,0.9821,0.9827,4400.0,-0.4659171477767621
2022-11-02 22:00:00,0.9828,0.983,0.9808,0.9812,944.0,-0.15264068383027407
2022-11-03 02:00:00,0.9813,0.9838,0.9808,0.9828,1102.0,0.16306563391765838
2022-11-03 06:00:00,0.9829,0.9834,0.9772,0.9783,1428.0,-0.45787545787546735
2022-11-03 10:00:00,0.9782,0.9789,0.9729,0.9738,2325.0,-0.4599816007359703
2022-11-03 14:00:00,0.974,0.9794,0.9732,0.9757,3814.0,0.19511193263503923
2022-11-03 18:00:00,0.9758,0.9768,0.9741,0.975,1613.0,-0.07174336373886314
2022-11-03 22:00:00,0.9751,0.9754,0.9741,0.9748,562.0,-0.020512820512819108
2022-11-04 02:00:00,0.9747,0.9772,0.9746,0.9772,1083.0,0.24620434961017956
2022-11-04 06:00:00,0.9771,0.9795,0.9756,0.9762,1822.0,-0.10233319688907061
2022-11-04 10:00:00,0.9763,0.981,0.9763,0.9796,2193.0,0.3482892849825836
2022-11-04 14:00:00,0.9795,0.9939,0.9751,0.9894,5499.0,1.00040832993058
2022-11-04 18:00:00,0.9893,0.9965,0.9886,0.9959,2470.0,0.6569638164544145
2022-11-06 22:00:00,0.9912,0.9943,0.9911,0.9926,903.0,-0.3313585701375632
2022-11-07 02:00:00,0.9927,0.9945,0.9916,0.9936,1552.0,0.1007455168245075
2022-11-07 06:00:00,0.9935,0.9954,0.9923,0.9927,1473.0,-0.09057971014493349
2022-11-07 10:00:00,0.9925,1.0006,0.9924,0.998,2493.0,0.5338974513951822
2022-11-07 14:00:00,0.9979,1.0004,0.9964,1.0,3361.0,0.2004008016031955
2022-11-07 18:00:00,0.9999,1.0033,0.9987,1.0025,1864.0,0.24999999999999467
2022-11-07 22:00:00,1.0026,1.003,1.0012,1.0016,620.0,-0.08977556109724949
2022-11-08 02:00:00,1.0015,1.003,1.0005,1.0012,994.0,-0.039936102236415305
2022-11-08 06:00:00,1.0011,1.0013,0.9986,0.9998,1291.0,-0.13983220135838081
2022-11-08 10:00:00,0.9999,1.0008,0.9972,0.9997,2019.0,-0.010002000400077815
2022-11-08 14:00:00,0.9998,1.0072,0.9984,1.0065,2697.0,0.6802040612183591
2022-11-08 18:00:00,1.0064,1.0095,1.0053,1.0071,2329.0,0.05961251862893757
2022-11-08 22:00:00,1.007,1.0084,1.0068,1.0079,1060.0,0.07943600436897125
2022-11-09 02:00:00,1.0078,1.0087,1.0058,1.007,1329.0,-0.08929457287430997
2022-11-09 06:00:00,1.0071,1.0072,1.0055,1.0063,1406.0,-0.06951340615689583
2022-11-09 10:00:00,1.0062,1.0084,1.0032,1.0052,2647.0,-0.10931133856701969
2022-11-09 14:00:00,1.0053,1.0085,1.001,1.0027,3632.0,-0.2487067250298569
2022-11-09 18:00:00,1.0026,1.0051,0.9991,1.0001,2406.0,-0.25929989029619405
2022-11-09 22:00:00,1.0,1.0019,1.0,1.0018,951.0,0.16998300169983604
2022-11-10 02:00:00,1.0017,1.0028,1.0009,1.0025,1154.0,0.06987422639248564
2022-11-10 06:00:00,1.0024,1.0042,0.9995,0.9996,1545.0,-0.2892768079800434
2022-11-10 10:00:00,0.9997,1.0013,0.9934,0.9943,2904.0,-0.5302120848339364
2022-11-10 14:00:00,0.9942,1.0184,0.994,1.018,5735.0,2.38358644272354
2022-11-10 18:00:00,1.0179,1.0181,1.0127,1.018,2809.0,0.0
2022-11-10 22:00:00,1.0179,1.0221,1.0177,1.019,1716.0,0.09823182711197198
2022-11-11 02:00:00,1.0191,1.0197,1.0162,1.0183,1877.0,-0.06869479882236629
2022-11-11 06:00:00,1.0182,1.0252,1.0176,1.0243,2440.0,0.5892173229892883
2022-11-11 10:00:00,1.0242,1.0293,1.0225,1.0289,3422.0,0.44908718148979343
2022-11-11 14:00:00,1.0288,1.0325,1.0265,1.0325,4031.0,0.3498882301486983
2022-11-11 18:00:00,1.0324,1.0363,1.0311,1.0361,2144.0,0.3486682808716779
2022-11-13 22:00:00,1.0317,1.0333,1.0313,1.0325,487.0,-0.3474568091883068
2022-11-14 02:00:00,1.0326,1.0348,1.0315,1.0325,2343.0,0.0
2022-11-14 06:00:00,1.0326,1.0327,1.0297,1.0326,1724.0,0.009685230024203406
2022-11-14 10:00:00,1.0328,1.0349,1.0274,1.0283,2831.0,-0.41642455936470313
2022-11-14 14:00:00,1.0282,1.0335,1.027,1.0329,3457.0,0.44734027034911694
2022-11-14 18:00:00,1.0328,1.0357,1.0323,1.0352,2056.0,0.22267402459095198
2022-11-14 22:00:00,1.0351,1.0354,1.0314,1.0318,904.0,-0.32843894899534654
2022-11-15 02:00:00,1.0319,1.0327,1.0311,1.0319,1361.0,0.009691800736577605
2022-11-15 06:00:00,1.032,1.0416,1.0315,1.0406,2063.0,0.843104952030238
2022-11-15 10:00:00,1.0405,1.0435,1.0388,1.041,2991.0,0.038439361906594804
2022-11-15 14:00:00,1.0409,1.0478,1.036,1.0368,5074.0,-0.4034582132564801
2022-11-15 18:00:00,1.0367,1.0388,1.0279,1.0363,4866.0,-0.04822530864196928
2022-11-15 22:00:00,1.0362,1.0376,1.0338,1.0356,1574.0,-0.06754800733377309
2022-11-16 02:00:00,1.0357,1.0386,1.033,1.0352,2509.0,-0.038624951718824185
2022-11-16 06:00:00,1.0353,1.0413,1.0336,1.0402,2387.0,0.48299845440495925
2022-11-16 10:00:00,1.0401,1.0437,1.0387,1.0414,2720.0,0.11536243030187965
2022-11-16 14:00:00,1.0415,1.0427,1.0371,1.0402,3974.0,-0.11522949875168997
2022-11-16 18:00:00,1.0403,1.0411,1.0353,1.0391,2084.0,-0.10574889444338043
2022-11-16 22:00:00,1.039,1.0403,1.0382,1.0392,963.0,0.009623712828399356
2022-11-17 02:00:00,1.0393,1.0394,1.0358,1.037,1159.0,-0.21170130869899717
2022-11-17 06:00:00,1.0371,1.0394,1.0367,1.0391,1488.0,0.2025072324011612
2022-11-17 10:00:00,1.0392,1.0405,1.0326,1.0345,2868.0,-0.44269079010681445
2022-11-17 14:00:00,1.0346,1.0354,1.0304,1.0327,3794.0,-0.1739971000483398
2022-11-17 18:00:00,1.0328,1.0368,1.0318,1.0362,2082.0,0.33891740098770384
2022-11-17 22:00:00,1.0361,1.0368,1.0356,1.0359,933.0,-0.028951939779964242
2022-11-18 02:00:00,1.036,1.0389,1.0356,1.0381,1289.0,0.2123757119413039
2022-11-18 06:00:00,1.038,1.0385,1.0359,1.0374,1342.0,-0.06743088334456582
2022-11-18 10:00:00,1.0375,1.0395,1.0341,1.0365,2520.0,-0.08675534991325895
2022-11-18 14:00:00,1.0364,1.0385,1.0325,1.0363,2712.0,-0.01929570670525793
2022-11-18 18:00:00,1.0362,1.037,1.0319,1.0327,1534.0,-0.347389752002325
2022-11-18 22:00:00,1.0326,1.0332,1.0312,1.0319,484.0,-0.07746683451146374
2022-11-19 14:00:00,1.0319,1.0319,1.0319,1.0319,2.0,0.0
2022-11-19 18:00:00,1.0319,1.0319,1.0319,1.0319,3.0,0.0
2022-11-21 02:00:00,1.0299,1.0301,1.0294,1.03,114.0,-0.1841263688341921
2022-11-21 06:00:00,1.0301,1.0302,1.0249,1.0254,1683.0,-0.44660194174757084
2022-11-21 10:00:00,1.0255,1.0271,1.0225,1.0233,2513.0,-0.20479812755997973
2022-11-21 14:00:00,1.0234,1.0261,1.0227,1.0238,2513.0,0.048861526434085256
2022-11-21 18:00:00,1.0239,1.0249,1.0221,1.0238,1520.0,0.0
2022-11-21 22:00:00,1.0239,1.0245,1.0231,1.0244,818.0,0.05860519632741035
2022-11-22 02:00:00,1.0243,1.0267,1.0241,1.026,1124.0,0.15618898867630904
2022-11-22 06:00:00,1.0259,1.0266,1.0245,1.0264,1029.0,0.038986354775816245
2022-11-22 10:00:00,1.0265,1.0289,1.0252,1.0269,2481.0,0.04871395167576065
2022-11-22 14:00:00,1.0268,1.0287,1.0253,1.0282,2338.0,0.12659460512221
2022-11-22 18:00:00,1.0283,1.0307,1.0265,1.0294,1231.0,0.116708811515287
2022-11-22 22:00:00,1.0295,1.031,1.0292,1.031,578.0,0.1554303477753871
2022-11-23 02:00:00,1.0312,1.0324,1.0299,1.0314,867.0,0.03879728419011741
2022-11-23 06:00:00,1.0313,1.0347,1.0309,1.0342,1161.0,0.2714756641458038
2022-11-23 10:00:00,1.0341,1.0341,1.0295,1.0318,2019.0,-0.23206343067104784
2022-11-23 14:00:00,1.0319,1.0382,1.0313,1.0375,3350.0,0.5524326419848791
2022-11-23 18:00:00,1.0376,1.0404,1.0354,1.0399,2391.0,0.2313253012048211
2022-11-23 22:00:00,1.0398,1.0418,1.039,1.0417,897.0,0.1730935666891087
2022-11-24 02:00:00,1.0416,1.0446,1.0404,1.0445,1120.0,0.2687913986752388
2022-11-24 06:00:00,1.0444,1.0447,1.0414,1.0415,1258.0,-0.2872187649592961
2022-11-24 10:00:00,1.0414,1.0427,1.0381,1.0403,2316.0,-0.11521843494960438
2022-11-24 14:00:00,1.0404,1.0426,1.0397,1.0408,2182.0,0.04806305873306105
2022-11-24 18:00:00,1.0407,1.0413,1.04,1.0412,677.0,0.03843197540354115
2022-11-24 22:00:00,1.0411,1.0413,1.0405,1.0406,379.0,-0.05762581636572506
2022-11-25 02:00:00,1.0405,1.0417,1.0395,1.0415,902.0,0.08648856428985496
2022-11-25 06:00:00,1.0416,1.0428,1.0406,1.0408,1171.0,-0.06721075372061458
2022-11-25 10:00:00,1.0407,1.0427,1.0381,1.0389,1981.0,-0.18255188316679272
2022-11-25 14:00:00,1.0388,1.0406,1.0353,1.0406,2429.0,0.16363461353354758
2022-11-25 18:00:00,1.0405,1.0412,1.039,1.0411,1871.0,0.048049202383237954
2022-11-25 22:00:00,1.041,1.0413,1.0385,1.0385,291.0,-0.24973585630582162
2022-11-26 10:00:00,1.0385,1.0385,1.0385,1.0385,1.0,0.0
2022-11-26 14:00:00,1.0385,1.0385,1.0385,1.0385,1.0,0.0
2022-11-26 18:00:00,1.0385,1.0385,1.0385,1.0385,4.0,0.0
2022-11-26 22:00:00,1.0385,1.0385,1.0385,1.0385,1.0,0.0
2022-11-27 02:00:00,1.0385,1.0385,1.0385,1.0385,1.0,0.0
2022-11-27 14:00:00,1.0385,1.0385,1.0385,1.0385,16.0,0.0
2022-11-27 18:00:00,1.0385,1.0385,1.0385,1.0385,3.0,0.0
2022-11-27 22:00:00,1.0385,1.0385,1.0364,1.0366,511.0,-0.18295618680789216
2022-11-28 02:00:00,1.0367,1.0383,1.034,1.0354,1394.0,-0.11576307158015497
2022-11-28 06:00:00,1.0355,1.0384,1.0346,1.0373,1480.0,0.1835039598222954
2022-11-28 10:00:00,1.0372,1.0495,1.0366,1.0472,2984.0,0.954400848356296
2022-11-28 14:00:00,1.0473,1.0476,1.0389,1.0397,2945.0,-0.716195569136735
2022-11-28 18:00:00,1.0396,1.0401,1.0336,1.0336,1912.0,-0.5867077041454283
2022-11-28 22:00:00,1.0337,1.0346,1.0329,1.0342,889.0,0.05804953560371029
2022-11-29 02:00:00,1.0343,1.0382,1.0333,1.0377,1521.0,0.3384258363952952
2022-11-29 06:00:00,1.0378,1.0393,1.0351,1.038,1841.0,0.028910089621270174
2022-11-29 10:00:00,1.0377,1.0392,1.0349,1.0381,2556.0,0.009633911368012171
2022-11-29 14:00:00,1.0382,1.0383,1.0323,1.0355,3234.0,-0.25045756670840635
2022-11-29 18:00:00,1.0356,1.0357,1.0321,1.0326,2034.0,-0.2800579430227046
2022-11-29 22:00:00,1.0325,1.0332,1.0318,1.0322,964.0,-0.03873716831299667
2022-11-30 02:00:00,1.0323,1.0352,1.0319,1.0347,1235.0,0.24220112381321268
2022-11-30 06:00:00,1.0348,1.036,1.0334,1.035,1374.0,0.02899391127861861
2022-11-30 10:00:00,1.0351,1.038,1.034,1.0358,2065.0,0.07729468599035894
2022-11-30 14:00:00,1.0356,1.0398,1.0293,1.0297,3519.0,-0.5889167793010186
2022-11-30 18:00:00,1.0296,1.0413,1.0289,1.0412,4012.0,1.1168301447023188
2022-11-30 22:00:00,1.0411,1.0429,1.0398,1.0422,1491.0,0.09604302727623804
2022-12-01 02:00:00,1.0423,1.0446,1.0418,1.0431,1730.0,0.08635578583764403
2022-12-01 06:00:00,1.043,1.0462,1.0394,1.0403,1914.0,-0.26843063944012036
2022-12-01 10:00:00,1.0406,1.0448,1.0392,1.0436,2662.0,0.3172161876381807
2022-12-01 14:00:00,1.0437,1.0533,1.0433,1.0486,4589.0,0.4791107704101183
2022-12-01 18:00:00,1.0485,1.0519,1.0468,1.0517,2756.0,0.2956322716002324
2022-12-01 22:00:00,1.0516,1.0538,1.0511,1.0526,958.0,0.08557573452505629
2022-12-02 02:00:00,1.0525,1.0525,1.0504,1.0523,1298.0,-0.028500855025648253
2022-12-02 06:00:00,1.0524,1.0541,1.0515,1.0528,1445.0,0.04751496721466797
2022-12-02 10:00:00,1.0529,1.0544,1.0512,1.0536,2171.0,0.07598784194529085
2022-12-02 14:00:00,1.0535,1.0543,1.0427,1.0472,4775.0,-0.6074411541382108
2022-12-02 18:00:00,1.0473,1.0535,1.0465,1.0534,2417.0,0.5920550038197137
2022-12-02 22:00:00,1.0535,1.0541,1.0529,1.054,586.0,0.056958420353159234
2022-12-03 02:00:00,1.054,1.054,1.054,1.054,1.0,0.0
2022-12-03 06:00:00,1.054,1.054,1.054,1.054,1.0,0.0
2022-12-03 14:00:00,1.054,1.054,1.054,1.054,1.0,0.0
2022-12-03 18:00:00,1.054,1.054,1.054,1.054,2.0,0.0
2022-12-04 06:00:00,1.054,1.054,1.054,1.054,6.0,0.0
2022-12-04 10:00:00,1.054,1.054,1.054,1.054,2.0,0.0
2022-12-04 18:00:00,1.054,1.054,1.054,1.054,5.0,0.0
2022-12-04 22:00:00,1.0533,1.0543,1.053,1.0542,540.0,0.018975332068316142
2022-12-05 02:00:00,1.0543,1.0582,1.0538,1.0579,1211.0,0.3509770442041482
2022-12-05 06:00:00,1.058,1.0583,1.0529,1.0538,1289.0,-0.38756026089422635
2022-12-05 10:00:00,1.0539,1.0576,1.0519,1.0563,2210.0,0.23723666729928983
2022-12-05 14:00:00,1.0562,1.0593,1.0502,1.0524,3215.0,-0.36921329167850514
2022-12-05 18:00:00,1.0525,1.0537,1.048,1.0492,1942.0,-0.3040668947168479
2022-12-05 22:00:00,1.0491,1.0497,1.0479,1.0495,801.0,0.028593213877248225
2022-12-06 02:00:00,1.0496,1.0517,1.0486,1.0491,1332.0,-0.03811338732732095
2022-12-06 06:00:00,1.0492,1.0498,1.0474,1.0489,1509.0,-0.019063959584408874
2022-12-06 10:00:00,1.049,1.0521,1.0477,1.0515,2239.0,0.2478787300982166
2022-12-06 14:00:00,1.0514,1.0532,1.0485,1.0497,2789.0,-0.17118402282453316
2022-12-06 18:00:00,1.0498,1.0528,1.0458,1.0462,2011.0,-0.33342859864723406
2022-12-06 22:00:00,1.0463,1.047,1.0461,1.0466,746.0,0.038233607340854014
2022-12-07 02:00:00,1.0465,1.0475,1.0454,1.0466,1113.0,0.0
2022-12-07 06:00:00,1.0465,1.047,1.0442,1.0458,1408.0,-0.07643798968086646
2022-12-07 10:00:00,1.0457,1.0505,1.0448,1.0488,2270.0,0.2868617326448497
2022-12-07 14:00:00,1.0487,1.0548,1.0485,1.0503,3540.0,0.14302059496567043
2022-12-07 18:00:00,1.0504,1.0527,1.0487,1.0513,1854.0,0.09521089212605194
2022-12-07 22:00:00,1.0512,1.0515,1.0501,1.0511,790.0,-0.019024065442785343
2022-12-08 02:00:00,1.051,1.0514,1.0493,1.0503,1060.0,-0.07611074112833238
2022-12-08 06:00:00,1.0502,1.053,1.0493,1.0525,1160.0,0.20946396267733647
2022-12-08 10:00:00,1.0524,1.0526,1.0488,1.0507,1870.0,-0.17102137767220915
2022-12-08 14:00:00,1.0506,1.0548,1.0505,1.0544,2814.0,0.3521461882554533
2022-12-08 18:00:00,1.0543,1.0563,1.0533,1.0559,1644.0,0.14226100151746301
2022-12-08 22:00:00,1.0558,1.0562,1.0552,1.0554,722.0,-0.04735296903117803
2022-12-09 02:00:00,1.0555,1.0584,1.055,1.0579,1427.0,0.2368770134546283
2022-12-09 06:00:00,1.058,1.0587,1.0565,1.0567,1263.0,-0.11343227148123969
2022-12-09 10:00:00,1.0568,1.0576,1.0545,1.0552,1648.0,-0.1419513580013354
2022-12-09 14:00:00,1.0553,1.0565,1.0503,1.0539,3546.0,-0.12319939347990028
2022-12-09 18:00:00,1.054,1.0554,1.0531,1.0545,1434.0,0.056931397665804795
2022-12-09 22:00:00,1.0546,1.0546,1.0527,1.0532,438.0,-0.12328117591275944
2022-12-10 06:00:00,1.0532,1.0532,1.0532,1.0532,1.0,0.0
2022-12-11 02:00:00,1.0532,1.0532,1.0532,1.0532,8.0,0.0
2022-12-11 10:00:00,1.0532,1.0532,1.0532,1.0532,6.0,0.0
2022-12-11 22:00:00,1.053,1.0537,1.0517,1.0519,307.0,-0.12343334599315137
2022-12-12 02:00:00,1.052,1.0522,1.0505,1.0514,1131.0,-0.047533035459657036
2022-12-12 06:00:00,1.0513,1.0535,1.0507,1.0525,1236.0,0.10462240821762503
2022-12-12 10:00:00,1.0526,1.0573,1.0519,1.0564,1909.0,0.37054631828978835
2022-12-12 14:00:00,1.0565,1.0579,1.0519,1.0522,2038.0,-0.3975766755016985
2022-12-12 18:00:00,1.0521,1.0548,1.0509,1.0522,1672.0,0.0
2022-12-12 22:00:00,1.0521,1.0541,1.0519,1.054,593.0,0.17107013875690136
2022-12-13 02:00:00,1.0541,1.0553,1.0532,1.0533,959.0,-0.0664136622391065
2022-12-13 06:00:00,1.0532,1.0559,1.053,1.055,1182.0,0.16139751257950863
2022-12-13 10:00:00,1.0552,1.0559,1.0527,1.0534,1877.0,-0.1516587677725112
2022-12-13 14:00:00,1.0535,1.0672,1.0531,1.0635,4644.0,0.9588000759445547
2022-12-13 18:00:00,1.0636,1.0657,1.0609,1.0635,2502.0,0.0
2022-12-13 22:00:00,1.0634,1.0637,1.062,1.0623,916.0,-0.11283497884342353
2022-12-14 02:00:00,1.0622,1.0638,1.0622,1.0625,1127.0,0.01882707333145106
2022-12-14 06:00:00,1.0624,1.0641,1.0618,1.0628,1197.0,0.02823529411764003
2022-12-14 10:00:00,1.0629,1.067,1.0618,1.065,2303.0,0.20700037636431912
2022-12-14 14:00:00,1.0651,1.066,1.063,1.0646,2269.0,-0.03755868544600416
2022-12-14 18:00:00,1.0645,1.0683,1.062,1.0663,3860.0,0.15968438850273436
2022-12-14 22:00:00,1.0664,1.0694,1.0661,1.0675,1639.0,0.11253868517302479
2022-12-15 02:00:00,1.0674,1.0681,1.0653,1.0653,1175.0,-0.20608899297424044
2022-12-15 06:00:00,1.0654,1.066,1.0639,1.064,1099.0,-0.12203135267059295
2022-12-15 10:00:00,1.0641,1.0646,1.0604,1.0623,2112.0,-0.159774436090232
2022-12-15 14:00:00,1.0622,1.0734,1.0613,1.0647,4578.0,0.22592487997741273
2022-12-15 18:00:00,1.0648,1.0655,1.0591,1.0629,2536.0,-0.16906170752324368
2022-12-15 22:00:00,1.063,1.0638,1.0618,1.0637,855.0,0.07526578229373193
2022-12-16 02:00:00,1.0638,1.0661,1.0633,1.0646,1267.0,0.08461032245932198
2022-12-16 06:00:00,1.0647,1.0661,1.0629,1.0629,1364.0,-0.15968438850272326
2022-12-16 10:00:00,1.063,1.0659,1.0608,1.0634,2288.0,0.047041113933565804
2022-12-16 14:00:00,1.0633,1.0647,1.0607,1.0615,2901.0,-0.1786721835621341
2022-12-16 18:00:00,1.0616,1.0623,1.0594,1.0598,1644.0,-0.160150730098918
2022-12-16 22:00:00,1.0597,1.0605,1.0584,1.0588,516.0,-0.09435742592943663
2022-12-17 10:00:00,1.0588,1.0588,1.0588,1.0588,1.0,0.0
2022-12-17 18:00:00,1.0588,1.0588,1.0588,1.0588,2.0,0.0
2022-12-17 22:00:00,1.0588,1.0588,1.0588,1.0588,1.0,0.0
2022-12-18 18:00:00,1.0588,1.0588,1.0588,1.0588,8.0,0.0
2022-12-18 22:00:00,1.0588,1.0595,1.0581,1.0583,564.0,-0.047223271628249464
2022-12-19 02:00:00,1.0584,1.0612,1.0581,1.0607,1168.0,0.22677879618255847
2022-12-19 06:00:00,1.0608,1.0636,1.06,1.0622,1056.0,0.1414160460073699
2022-12-19 10:00:00,1.0623,1.0657,1.0603,1.0605,2091.0,-0.16004518922990707
2022-12-19 14:00:00,1.0604,1.0614,1.0575,1.0578,2039.0,-0.25459688826025006
2022-12-19 18:00:00,1.0579,1.063,1.0578,1.0603,1593.0,0.23633957269804107
2022-12-19 22:00:00,1.0602,1.0611,1.0599,1.0611,632.0,0.07545034424218944
2022-12-20 02:00:00,1.061,1.065,1.0597,1.0607,2368.0,-0.03769672980868943
2022-12-20 06:00:00,1.0606,1.0614,1.0578,1.0609,2633.0,0.018855472800982653
2022-12-20 10:00:00,1.061,1.0645,1.0603,1.0641,2395.0,0.30163069092281614
2022-12-20 14:00:00,1.0642,1.0657,1.0593,1.0639,2771.0,-0.018795226012591204
2022-12-20 18:00:00,1.064,1.064,1.0598,1.0621,1875.0,-0.16918883353699288
2022-12-20 22:00:00,1.062,1.0628,1.0612,1.0624,716.0,0.028245927878733923
2022-12-21 02:00:00,1.0623,1.0625,1.0612,1.0615,1102.0,-0.08471385542168086
2022-12-21 06:00:00,1.0614,1.0633,1.0606,1.063,1083.0,0.14130946773431852
2022-12-21 10:00:00,1.0631,1.0636,1.0603,1.0604,1830.0,-0.24459078080902863
2022-12-21 14:00:00,1.0605,1.0643,1.0596,1.0614,2346.0,0.09430403621273342
2022-12-21 18:00:00,1.0613,1.0619,1.0589,1.0613,1664.0,-0.009421518748820024
2022-12-21 22:00:00,1.0612,1.0615,1.0602,1.0607,538.0,-0.056534438895683436
2022-12-22 02:00:00,1.0606,1.0643,1.0604,1.0642,1019.0,0.32997077401717423
2022-12-22 06:00:00,1.0641,1.0649,1.0634,1.0638,1053.0,-0.037586919751919634
2022-12-22 10:00:00,1.0639,1.0658,1.0613,1.0614,1865.0,-0.2256063169768896
2022-12-22 14:00:00,1.0613,1.0638,1.0585,1.0601,2684.0,-0.12247974373467141
2022-12-22 18:00:00,1.06,1.0605,1.0572,1.0591,1503.0,-0.09433072351665572
2022-12-22 22:00:00,1.0592,1.0602,1.0587,1.06,703.0,0.08497781134926274
2022-12-23 02:00:00,1.0599,1.0611,1.0585,1.0606,1121.0,0.056603773584895656
2022-12-23 06:00:00,1.0607,1.0629,1.06,1.0627,940.0,0.19800113143504383
2022-12-23 10:00:00,1.0625,1.0625,1.0595,1.0612,1477.0,-0.1411499011950701
2022-12-23 14:00:00,1.0613,1.0631,1.0591,1.0613,3174.0,0.009423294383714698
2022-12-23 18:00:00,1.0612,1.0629,1.0605,1.0619,1327.0,0.05653443889570564
2022-12-23 22:00:00,1.0618,1.062,1.0611,1.0616,386.0,-0.028251247763444454
2022-12-24 10:00:00,1.0616,1.0616,1.0616,1.0616,15.0,0.0
2022-12-25 02:00:00,1.0616,1.0616,1.0616,1.0616,1.0,0.0
2022-12-26 18:00:00,1.0616,1.0616,1.0616,1.0616,7.0,0.0
2022-12-26 22:00:00,1.0634,1.0644,1.0629,1.0638,234.0,0.20723436322531708
2022-12-27 02:00:00,1.0637,1.0659,1.0633,1.0639,986.0,0.009400263207370863
2022-12-27 06:00:00,1.0638,1.0667,1.0638,1.0644,885.0,0.04699689820470976
2022-12-27 10:00:00,1.0645,1.0668,1.0637,1.0653,1479.0,0.08455467869221689
2022-12-27 14:00:00,1.0652,1.0656,1.061,1.0649,1930.0,-0.037548108514029455
2022-12-27 18:00:00,1.0648,1.0659,1.0632,1.064,1359.0,-0.08451497793219298
2022-12-27 22:00:00,1.0641,1.0645,1.063,1.0636,655.0,-0.03759398496240296
2022-12-28 02:00:00,1.0635,1.0642,1.0624,1.0636,942.0,0.0
2022-12-28 06:00:00,1.0637,1.0653,1.0635,1.0644,957.0,0.0752162467092754
2022-12-28 10:00:00,1.0643,1.0651,1.0627,1.0645,1620.0,0.009394964299125341
2022-12-28 14:00:00,1.0646,1.0673,1.061,1.0618,2210.0,-0.2536402066697918
2022-12-28 18:00:00,1.0619,1.0634,1.0612,1.0616,1495.0,-0.018835938971550892
2022-12-28 22:00:00,1.0615,1.0628,1.0605,1.0627,590.0,0.10361718161264744
2022-12-29 02:00:00,1.0628,1.0636,1.0619,1.0622,854.0,-0.04704996706501596
2022-12-29 06:00:00,1.0621,1.0628,1.061,1.0622,804.0,0.0
2022-12-29 10:00:00,1.0623,1.0657,1.0621,1.0637,1585.0,0.14121634343815526
2022-12-29 14:00:00,1.0636,1.0669,1.0635,1.0666,2396.0,0.2726332612578597
2022-12-29 18:00:00,1.0665,1.0689,1.0656,1.0677,1301.0,0.10313144571536537
2022-12-29 22:00:00,1.0676,1.0676,1.0653,1.0659,602.0,-0.16858668165214974
2022-12-30 02:00:00,1.066,1.0668,1.0653,1.0658,759.0,-0.009381743127867548
2022-12-30 06:00:00,1.0657,1.0658,1.0637,1.065,960.0,-0.07506098705198916
2022-12-30 10:00:00,1.0649,1.0697,1.0649,1.0675,1687.0,0.23474178403755097
2022-12-30 14:00:00,1.0674,1.07,1.0644,1.0671,2871.0,-0.037470725995314424
2022-12-30 18:00:00,1.067,1.0712,1.067,1.0699,2029.0,0.2623934026801722
2023-01-03 02:00:00,1.0662,1.0677,1.0659,1.0671,531.0,-0.26170670156090425
2023-01-03 06:00:00,1.0672,1.0679,1.0619,1.0622,1411.0,-0.4591884546902736
2023-01-03 10:00:00,1.0623,1.0627,1.0518,1.0527,3116.0,-0.8943701751082722
2023-01-03 14:00:00,1.0528,1.0596,1.0523,1.0554,2863.0,0.2564833285836343
2023-01-03 18:00:00,1.0555,1.0567,1.0536,1.0565,1636.0,0.10422588592005066
2023-01-03 22:00:00,1.0566,1.0567,1.0539,1.0544,892.0,-0.19876952200662545
2023-01-04 02:00:00,1.0545,1.0568,1.0544,1.0568,912.0,0.22761760242790974
2023-01-04 06:00:00,1.0567,1.0604,1.0558,1.0592,1482.0,0.2271006813020504
2023-01-04 10:00:00,1.0593,1.0634,1.0589,1.0603,2453.0,0.10385196374622652
2023-01-04 14:00:00,1.0604,1.0627,1.058,1.0602,3040.0,-0.009431293030270904
2023-01-04 18:00:00,1.0601,1.0619,1.0584,1.0604,2298.0,0.01886436521409962
2023-01-04 22:00:00,1.0603,1.061,1.0599,1.0605,962.0,0.009430403621268901
2023-01-05 02:00:00,1.0604,1.063,1.0602,1.0606,1226.0,0.009429514380010495
2023-01-05 06:00:00,1.0607,1.0619,1.0589,1.0604,1149.0,-0.018857250612858145
2023-01-05 10:00:00,1.0605,1.0627,1.0602,1.061,1937.0,0.05658242172763561
2023-01-05 14:00:00,1.0611,1.0616,1.0514,1.0517,3355.0,-0.876531573986794
2023-01-05 18:00:00,1.0516,1.0542,1.0516,1.0529,1848.0,0.11410097936672692
2023-01-05 22:00:00,1.0528,1.0529,1.0514,1.052,715.0,-0.08547820305820908
2023-01-06 02:00:00,1.0519,1.0535,1.0518,1.0531,760.0,0.10456273764256618
2023-01-06 06:00:00,1.053,1.0533,1.0506,1.0512,1083.0,-0.18041971322761974
2023-01-06 10:00:00,1.0511,1.053,1.0491,1.0492,1860.0,-0.19025875190258335
2023-01-06 14:00:00,1.0493,1.0611,1.0482,1.06,4156.0,1.0293556995806474
2023-01-06 18:00:00,1.0601,1.0647,1.0596,1.0644,1748.0,0.41509433962263476
2023-01-06 22:00:00,1.0643,1.0647,1.064,1.0641,349.0,-0.02818489289740933
2023-01-07 18:00:00,1.0641,1.0641,1.0641,1.0641,2.0,0.0
2023-01-08 02:00:00,1.0641,1.0641,1.0641,1.0641,1.0,0.0
2023-01-08 22:00:00,1.0639,1.0662,1.0636,1.0662,432.0,0.1973498731322243
2023-01-09 02:00:00,1.0661,1.0676,1.065,1.0666,1321.0,0.03751641343088252
2023-01-09 06:00:00,1.0665,1.0693,1.0665,1.0671,1387.0,0.046877929870614565
2023-01-09 10:00:00,1.0672,1.0698,1.0659,1.0683,1941.0,0.11245431543436268
2023-01-09 14:00:00,1.0682,1.0748,1.0679,1.0739,2303.0,0.5241973228493846
2023-01-09 18:00:00,1.074,1.0759,1.0736,1.075,1564.0,0.10243039389141728
2023-01-09 22:00:00,1.0749,1.0753,1.0727,1.0731,1344.0,-0.17674418604651798
2023-01-10 02:00:00,1.073,1.0741,1.0719,1.0731,1153.0,0.0
2023-01-10 06:00:00,1.0732,1.0743,1.072,1.073,1052.0,-0.009318796011559272
2023-01-10 10:00:00,1.0731,1.075,1.0728,1.0734,1817.0,0.03727865796829821
2023-01-10 14:00:00,1.0733,1.0758,1.0711,1.0726,2818.0,-0.07452953232717219
2023-01-10 18:00:00,1.0727,1.0742,1.0723,1.0739,1463.0,0.12120082043634017
2023-01-10 22:00:00,1.074,1.0743,1.0729,1.0737,885.0,-0.018623707980258697
2023-01-11 02:00:00,1.0738,1.0744,1.0724,1.0732,767.0,-0.0465679426283061
2023-01-11 06:00:00,1.0733,1.0756,1.0731,1.0745,906.0,0.12113306000747226
2023-01-11 10:00:00,1.0746,1.0754,1.0725,1.0747,1688.0,0.018613308515580407
2023-01-11 14:00:00,1.0748,1.0775,1.0727,1.0753,2119.0,0.05582953382339273
2023-01-11 18:00:00,1.0754,1.0766,1.0734,1.0762,1363.0,0.08369757277040257
2023-01-11 22:00:00,1.0761,1.0766,1.075,1.0764,906.0,0.01858390633711071
2023-01-12 02:00:00,1.0765,1.0773,1.0759,1.0767,922.0,0.02787068004459492
2023-01-12 06:00:00,1.0766,1.0774,1.0754,1.0761,926.0,-0.05572582892170441
2023-01-12 10:00:00,1.0762,1.0772,1.0742,1.076,1734.0,-0.009292816652728408
2023-01-12 14:00:00,1.0761,1.0837,1.073,1.0805,4955.0,0.4182156133828885
2023-01-12 18:00:00,1.0806,1.0865,1.0801,1.0848,2250.0,0.3979639055992523
2023-01-12 22:00:00,1.0847,1.0859,1.084,1.0859,701.0,0.1014011799410186
2023-01-13 02:00:00,1.0858,1.0867,1.083,1.0844,1293.0,-0.13813426650705063
2023-01-13 06:00:00,1.0845,1.085,1.083,1.0847,1196.0,0.02766506824050108
2023-01-13 10:00:00,1.0848,1.0863,1.0807,1.0811,2166.0,-0.33188900156725376
2023-01-13 14:00:00,1.081,1.0837,1.0779,1.0827,2880.0,0.14799741004531963
2023-01-13 18:00:00,1.0828,1.0834,1.08,1.0828,1350.0,0.009236168837167824
2023-01-13 22:00:00,1.0827,1.0834,1.0826,1.0831,292.0,0.02770594754339939
2023-01-14 02:00:00,1.0831,1.0831,1.0831,1.0831,1.0,0.0
2023-01-14 18:00:00,1.0831,1.0831,1.0831,1.0831,23.0,0.0
2023-01-15 22:00:00,1.083,1.0834,1.0819,1.0821,378.0,-0.09232757824760851
2023-01-16 02:00:00,1.0822,1.0873,1.082,1.0859,1196.0,0.3511690231956299
2023-01-16 06:00:00,1.0858,1.0863,1.0825,1.083,1159.0,-0.2670595819136312
2023-01-16 10:00:00,1.0829,1.0835,1.08,1.0826,1802.0,-0.036934441366565096
2023-01-16 14:00:00,1.0825,1.0828,1.0805,1.0824,1357.0,-0.01847404396821961
2023-01-16 18:00:00,1.0823,1.0825,1.0809,1.0818,485.0,-0.05543237250553723
2023-01-16 22:00:00,1.0819,1.0831,1.0816,1.0828,556.0,0.09243852837861333
2023-01-17 02:00:00,1.0829,1.0832,1.0805,1.0824,1021.0,-0.036941263391199186
2023-01-17 06:00:00,1.0823,1.0834,1.0811,1.0827,1139.0,0.027716186252768615
2023-01-17 10:00:00,1.0828,1.0837,1.0808,1.083,2169.0,0.027708506511503472
2023-01-17 14:00:00,1.0831,1.0868,1.0794,1.08,3546.0,-0.27700831024929373
2023-01-17 18:00:00,1.0799,1.0808,1.0773,1.0792,1656.0,-0.07407407407408195
2023-01-17 22:00:00,1.0793,1.0796,1.0784,1.0788,702.0,-0.03706449221645425
2023-01-18 02:00:00,1.0787,1.0798,1.0765,1.0772,1692.0,-0.14831294030404063
2023-01-18 06:00:00,1.0773,1.0835,1.0766,1.0824,1950.0,0.4827330115113382
2023-01-18 10:00:00,1.0825,1.087,1.081,1.0814,2386.0,-0.09238728750924352
2023-01-18 14:00:00,1.0813,1.0886,1.0813,1.0832,3982.0,0.16645089698539284
2023-01-18 18:00:00,1.0831,1.0834,1.0785,1.0794,2237.0,-0.3508124076809449
2023-01-18 22:00:00,1.0793,1.0797,1.0786,1.0796,633.0,0.018528812303131303
2023-01-19 02:00:00,1.0797,1.0804,1.0781,1.0799,1029.0,0.027788069655443337
2023-01-19 06:00:00,1.08,1.0813,1.0782,1.0806,1160.0,0.06482081674228368
2023-01-19 10:00:00,1.0807,1.0837,1.0802,1.082,2027.0,0.12955765315565415
2023-01-19 14:00:00,1.0821,1.0826,1.0783,1.0788,2973.0,-0.29574861367838157
2023-01-19 18:00:00,1.0789,1.0834,1.0786,1.0829,1810.0,0.38005190952909995
2023-01-19 22:00:00,1.0828,1.0839,1.0826,1.0832,551.0,0.02770338904791725
2023-01-20 02:00:00,1.0833,1.0843,1.0827,1.0833,811.0,0.009231905465290069
2023-01-20 06:00:00,1.0834,1.0845,1.0819,1.0839,989.0,0.05538631957908713
2023-01-20 10:00:00,1.084,1.0857,1.0823,1.0823,1891.0,-0.14761509364332737
2023-01-20 14:00:00,1.0824,1.0846,1.0801,1.0829,2278.0,0.05543749422525224
2023-01-20 18:00:00,1.083,1.0857,1.0826,1.0853,1394.0,0.2216271123834046
2023-01-20 22:00:00,1.0852,1.0857,1.0851,1.0855,271.0,0.01842808440062349
2023-01-22 18:00:00,1.0855,1.0855,1.0855,1.0855,7.0,0.0
2023-01-22 22:00:00,1.0864,1.0868,1.086,1.0863,308.0,0.07369875633349565
2023-01-23 02:00:00,1.0864,1.0902,1.0864,1.0897,928.0,0.3129890453833939
2023-01-23 06:00:00,1.0896,1.0926,1.0886,1.0913,1412.0,0.14682940258787802
2023-01-23 10:00:00,1.0912,1.0919,1.0877,1.088,1729.0,-0.30239164299458166
2023-01-23 14:00:00,1.0879,1.0882,1.0845,1.0864,2504.0,-0.14705882352941124
2023-01-23 18:00:00,1.0863,1.0874,1.0846,1.0858,1386.0,-0.055228276877750115
2023-01-23 22:00:00,1.0857,1.0875,1.0856,1.087,608.0,0.11051759071651901
2023-01-24 02:00:00,1.0871,1.0882,1.0866,1.0873,639.0,0.02759889604415644
2023-01-24 06:00:00,1.0872,1.0896,1.0868,1.0887,829.0,0.12875931205740265
2023-01-24 10:00:00,1.0888,1.0894,1.0851,1.0865,1889.0,-0.2020758703040304
2023-01-24 14:00:00,1.0866,1.0879,1.0834,1.0873,2522.0,0.07363092498848811
2023-01-24 18:00:00,1.0874,1.0888,1.0866,1.0883,1272.0,0.09197093718384952
2023-01-24 22:00:00,1.0882,1.0889,1.0878,1.0889,508.0,0.05513185702470391
2023-01-25 02:00:00,1.0888,1.09,1.0879,1.0896,801.0,0.06428505831572728
2023-01-25 06:00:00,1.0897,1.091,1.0878,1.088,876.0,-0.1468428781203901
2023-01-25 10:00:00,1.0879,1.0891,1.0856,1.0863,1710.0,-0.15625000000000222
2023-01-25 14:00:00,1.0864,1.0922,1.0857,1.0901,2355.0,0.3498112860167657
2023-01-25 18:00:00,1.09,1.0916,1.0873,1.0913,1317.0,0.11008164388586206
2023-01-25 22:00:00,1.0912,1.0921,1.0905,1.0919,483.0,0.05498029872630372
2023-01-26 02:00:00,1.092,1.0923,1.0905,1.0912,707.0,-0.06410843483837247
2023-01-26 06:00:00,1.0913,1.0928,1.0905,1.0919,856.0,0.06414956011731032
2023-01-26 10:00:00,1.0918,1.0927,1.0891,1.0901,1493.0,-0.16485026101291655
2023-01-26 14:00:00,1.0902,1.0916,1.085,1.0854,2764.0,-0.43115310521971706
2023-01-26 18:00:00,1.0853,1.0889,1.0849,1.0888,1449.0,0.3132485719550493
2023-01-26 22:00:00,1.0887,1.0895,1.0885,1.0892,512.0,0.03673769287289019
2023-01-27 02:00:00,1.0893,1.0899,1.0869,1.0872,657.0,-0.1836210062431176
2023-01-27 06:00:00,1.0871,1.0878,1.0864,1.0873,691.0,0.009197939661520493
2023-01-27 10:00:00,1.0872,1.0894,1.0864,1.0878,1355.0,0.04598546859193586
2023-01-27 14:00:00,1.0877,1.0879,1.0836,1.0837,2341.0,-0.37690751976465764
2023-01-27 18:00:00,1.0838,1.0871,1.0837,1.0868,1390.0,0.2860570268524487
2023-01-27 22:00:00,1.0867,1.0871,1.0863,1.0866,259.0,-0.01840264998159702
2023-01-29 14:00:00,1.0866,1.0866,1.0866,1.0866,7.0,0.0
2023-01-29 18:00:00,1.0866,1.0866,1.0866,1.0866,1.0,0.0
2023-01-29 22:00:00,1.0857,1.0871,1.0857,1.087,203.0,0.0368120743603928
2023-01-30 02:00:00,1.0871,1.0874,1.086,1.0867,739.0,-0.02759889604415644
2023-01-30 06:00:00,1.0868,1.0878,1.0852,1.0858,1058.0,-0.08281954541270453
2023-01-30 10:00:00,1.0862,1.0912,1.0861,1.0895,1688.0,0.3407625713759188
2023-01-30 14:00:00,1.0894,1.091,1.0866,1.0869,2013.0,-0.2386415787058227
2023-01-30 18:00:00,1.087,1.0873,1.0838,1.0845,1330.0,-0.2208114821970697
2023-01-30 22:00:00,1.0844,1.0853,1.0843,1.0849,590.0,0.03688335638543094
2023-01-31 02:00:00,1.0848,1.0859,1.0843,1.0843,655.0,-0.05530463637201111
2023-01-31 06:00:00,1.0844,1.0848,1.083,1.0843,895.0,0.0
2023-01-31 10:00:00,1.0842,1.0843,1.0801,1.0834,1882.0,-0.08300285898737991
2023-01-31 14:00:00,1.0835,1.0863,1.0824,1.0858,2684.0,0.22152482924129302
2023-01-31 18:00:00,1.0859,1.0873,1.0849,1.0862,1345.0,0.03683919690551374
2023-01-31 22:00:00,1.0863,1.0872,1.0858,1.0859,478.0,-0.027619222979191616
2023-02-01 02:00:00,1.0858,1.0863,1.0851,1.0862,524.0,0.027626853301399024
2023-02-01 06:00:00,1.0861,1.0882,1.0861,1.088,893.0,0.1657153378751719
2023-02-01 10:00:00,1.0879,1.0896,1.0868,1.0891,1588.0,0.10110294117646745
2023-02-01 14:00:00,1.0892,1.0923,1.0887,1.0919,2121.0,0.2570930125792126
2023-02-01 18:00:00,1.0918,1.0984,1.0888,1.0977,2982.0,0.5311841743749213
2023-02-01 22:00:00,1.0976,1.1032,1.0968,1.1011,1941.0,0.3097385442288436
2023-02-02 02:00:00,1.1012,1.1025,1.1005,1.1016,941.0,0.045409136318230736
2023-02-02 06:00:00,1.1015,1.1024,1.099,1.0992,964.0,-0.2178649237472685
2023-02-02 10:00:00,1.0994,1.1009,1.0979,1.0998,1684.0,0.05458515283844889
2023-02-02 14:00:00,1.0999,1.1003,1.0884,1.0935,4524.0,-0.5728314238952703
2023-02-02 18:00:00,1.0936,1.0947,1.0904,1.0906,1806.0,-0.2652034750800114
2023-02-02 22:00:00,1.0907,1.0915,1.0903,1.0903,724.0,-0.027507793874925746
2023-02-03 02:00:00,1.0904,1.0904,1.0886,1.0892,908.0,-0.10088966339540928
2023-02-03 06:00:00,1.0893,1.0905,1.088,1.0898,959.0,0.055086301872941945
2023-02-03 10:00:00,1.0897,1.0936,1.0884,1.0928,1709.0,0.27527986786566316
2023-02-03 14:00:00,1.0927,1.0939,1.0808,1.0856,4139.0,-0.6588579795022032
2023-02-03 18:00:00,1.0857,1.086,1.08,1.0803,1812.0,-0.48820928518790163
2023-02-03 22:00:00,1.0802,1.0803,1.0791,1.0792,461.0,-0.10182356752754806
2023-02-05 02:00:00,1.0792,1.0792,1.0792,1.0792,5.0,0.0
2023-02-05 22:00:00,1.0789,1.0797,1.0784,1.0788,551.0,-0.03706449221645425
2023-02-06 02:00:00,1.0787,1.0797,1.078,1.0789,1181.0,0.009269558769009478
2023-02-06 06:00:00,1.0788,1.0798,1.0778,1.0778,1113.0,-0.10195569561589624
2023-02-06 10:00:00,1.0779,1.0794,1.0755,1.0765,1853.0,-0.12061606977176176
2023-02-06 14:00:00,1.0764,1.0782,1.0721,1.0729,2143.0,-0.3344170924291734
2023-02-06 18:00:00,1.0728,1.0738,1.0708,1.0723,1328.0,-0.05592319880696195
2023-02-06 22:00:00,1.0724,1.0729,1.0717,1.0728,827.0,0.04662874195653366
2023-02-07 02:00:00,1.0727,1.0741,1.0727,1.0737,717.0,0.0838926174496768
2023-02-07 06:00:00,1.0736,1.0742,1.0722,1.0723,1029.0,-0.13039023935923488
2023-02-07 10:00:00,1.0722,1.0733,1.0696,1.0704,2167.0,-0.177189219434859
2023-02-07 14:00:00,1.0705,1.0711,1.0668,1.0691,2068.0,-0.12144992526159637
2023-02-07 18:00:00,1.069,1.0765,1.0686,1.0718,3825.0,0.25254887288375105
2023-02-07 22:00:00,1.0719,1.073,1.0707,1.0729,560.0,0.10263108788952646
2023-02-08 02:00:00,1.0728,1.0734,1.0722,1.0731,762.0,0.018641066268987316
2023-02-08 06:00:00,1.073,1.0758,1.0722,1.0757,778.0,0.24228869630045224
2023-02-08 10:00:00,1.0756,1.076,1.0731,1.0733,1633.0,-0.22311053267641823
2023-02-08 14:00:00,1.0734,1.0748,1.0712,1.0724,2124.0,-0.0838535358240855
2023-02-08 18:00:00,1.0723,1.0739,1.0717,1.0722,1382.0,-0.01864975755314635
2023-02-08 22:00:00,1.0723,1.0723,1.0708,1.0714,782.0,-0.07461294534603091
2023-02-09 02:00:00,1.0715,1.0732,1.0708,1.0728,722.0,0.13067015120404868
2023-02-09 06:00:00,1.0729,1.0743,1.0723,1.0732,1075.0,0.037285607755399575
2023-02-09 10:00:00,1.0733,1.0777,1.0731,1.0762,1711.0,0.2795378307864471
2023-02-09 14:00:00,1.0761,1.0789,1.0758,1.0761,2035.0,-0.009291953168555356
2023-02-09 18:00:00,1.076,1.0762,1.0732,1.0736,1576.0,-0.2323204163181769
2023-02-09 22:00:00,1.0737,1.0739,1.073,1.0738,588.0,0.018628912071538828
2023-02-10 02:00:00,1.0737,1.0738,1.0716,1.072,743.0,-0.16762898118830583
2023-02-10 06:00:00,1.0719,1.0743,1.0716,1.074,1157.0,0.1865671641791078
2023-02-10 10:00:00,1.0739,1.0751,1.069,1.0697,2476.0,-0.40037243947858014
2023-02-10 14:00:00,1.0698,1.0706,1.0673,1.0676,2672.0,-0.1963167243152264
2023-02-10 18:00:00,1.0675,1.0685,1.0665,1.0672,1536.0,-0.03746721618584914
2023-02-10 22:00:00,1.0673,1.0679,1.0672,1.0677,346.0,0.04685157421291386
2023-02-11 14:00:00,1.0677,1.0677,1.0677,1.0677,1.0,0.0
2023-02-11 18:00:00,1.0677,1.0677,1.0677,1.0677,1.0,0.0
2023-02-12 02:00:00,1.0677,1.0677,1.0677,1.0677,6.0,0.0
2023-02-12 10:00:00,1.0677,1.0677,1.0677,1.0677,7.0,0.0
2023-02-12 22:00:00,1.0681,1.0681,1.067,1.0676,384.0,-0.00936592675845338
2023-02-13 02:00:00,1.0675,1.0677,1.0654,1.066,1113.0,-0.14986886474335215
2023-02-13 06:00:00,1.0659,1.0688,1.0659,1.0682,961.0,0.20637898686679534
2023-02-13 10:00:00,1.0683,1.0684,1.0662,1.0674,1725.0,-0.074892342258015
2023-02-13 14:00:00,1.0675,1.0726,1.0672,1.0718,2131.0,0.41221660108676783
2023-02-13 18:00:00,1.0719,1.0728,1.0709,1.0715,1088.0,-0.027990296697166794
2023-02-13 22:00:00,1.0716,1.0731,1.0713,1.073,484.0,0.13999066728884735
2023-02-14 02:00:00,1.0729,1.0736,1.0724,1.0733,1016.0,0.02795899347622921
2023-02-14 06:00:00,1.0732,1.0745,1.0727,1.0731,1113.0,-0.018634119072014066
2023-02-14 10:00:00,1.073,1.0765,1.0728,1.0754,1960.0,0.21433230826577443
2023-02-14 14:00:00,1.0753,1.0803,1.0705,1.0714,5149.0,-0.37195462153617465
2023-02-14 18:00:00,1.0715,1.0744,1.0711,1.0738,2679.0,0.22400597349263585
2023-02-14 22:00:00,1.0737,1.0741,1.0731,1.0734,618.0,-0.03725088470852844
2023-02-15 02:00:00,1.0733,1.0743,1.0716,1.0717,881.0,-0.1583752561952534
2023-02-15 06:00:00,1.0718,1.072,1.0699,1.0707,1150.0,-0.09330969487730822
2023-02-15 10:00:00,1.0708,1.0732,1.0704,1.071,1539.0,0.028019052955996493
2023-02-15 14:00:00,1.0709,1.0717,1.0664,1.0675,2873.0,-0.326797385620925
2023-02-15 18:00:00,1.0674,1.0686,1.0659,1.0679,1572.0,0.03747072599533663
2023-02-15 22:00:00,1.068,1.0691,1.0678,1.069,780.0,0.10300589942877636
2023-02-16 02:00:00,1.0691,1.0714,1.0683,1.0708,1105.0,0.16838166510757535
2023-02-16 06:00:00,1.0707,1.0709,1.0695,1.0708,911.0,0.0
2023-02-16 10:00:00,1.0707,1.0721,1.0688,1.0704,1756.0,-0.037355248412396236
2023-02-16 14:00:00,1.0705,1.0707,1.0653,1.0672,3038.0,-0.2989536621823663
2023-02-16 18:00:00,1.0671,1.0696,1.0667,1.0689,1668.0,0.1592953523238405
2023-02-16 22:00:00,1.069,1.069,1.0661,1.0664,958.0,-0.233885302647574
2023-02-17 02:00:00,1.0662,1.0664,1.0647,1.0651,793.0,-0.12190547636909965
2023-02-17 06:00:00,1.065,1.0652,1.0628,1.0643,931.0,-0.0751103182799695
2023-02-17 10:00:00,1.0642,1.066,1.0622,1.0624,1668.0,-0.17852109367659796
2023-02-17 14:00:00,1.0625,1.0681,1.0611,1.0661,2500.0,0.34826807228915957
2023-02-17 18:00:00,1.066,1.0696,1.0655,1.0695,1459.0,0.318919425945019
2023-02-17 22:00:00,1.0694,1.0697,1.0691,1.0692,380.0,-0.028050490883591017
2023-02-19 18:00:00,1.0692,1.0692,1.0692,1.0692,16.0,0.0
2023-02-19 22:00:00,1.0685,1.0691,1.0681,1.0683,240.0,-0.08417508417507547
2023-02-20 02:00:00,1.0684,1.0685,1.0672,1.0681,723.0,-0.018721332958904213
2023-02-20 06:00:00,1.068,1.0702,1.068,1.07,881.0,0.17788596573353743
2023-02-20 10:00:00,1.0699,1.0703,1.0677,1.0683,1273.0,-0.1588785046728991
2023-02-20 14:00:00,1.0684,1.0692,1.0669,1.0685,1309.0,0.018721332958904213
2023-02-20 18:00:00,1.0686,1.0689,1.0682,1.0686,457.0,0.00935891436593117
2023-02-20 22:00:00,1.0685,1.0688,1.0681,1.0681,391.0,-0.04679019277559204
2023-02-21 02:00:00,1.068,1.0684,1.0661,1.0665,778.0,-0.14979870798614847
2023-02-21 06:00:00,1.0666,1.0672,1.0659,1.0668,637.0,0.028129395217990627
2023-02-21 10:00:00,1.0669,1.0687,1.0642,1.0656,2404.0,-0.11248593925757833
2023-02-21 14:00:00,1.0655,1.0697,1.0643,1.0684,2770.0,0.26276276276275823
2023-02-21 18:00:00,1.0683,1.0683,1.0636,1.0647,1332.0,-0.346312242605773
2023-02-21 22:00:00,1.0648,1.0652,1.0642,1.065,764.0,0.028176951253877647
2023-02-22 02:00:00,1.0649,1.0663,1.0647,1.0658,1093.0,0.07511737089203052
2023-02-22 06:00:00,1.0659,1.0662,1.065,1.0652,731.0,-0.05629574028900297
2023-02-22 10:00:00,1.0653,1.0656,1.0623,1.0628,1773.0,-0.22530980097633657
2023-02-22 14:00:00,1.0629,1.0659,1.0624,1.0626,2202.0,-0.018818216033122948
2023-02-22 18:00:00,1.0625,1.0635,1.0599,1.06,2108.0,-0.24468285337849727
2023-02-22 22:00:00,1.0599,1.0608,1.0598,1.0604,542.0,0.037735849056597104
2023-02-23 02:00:00,1.0605,1.0623,1.0604,1.0621,645.0,0.16031686156168234
2023-02-23 06:00:00,1.062,1.0626,1.0609,1.0615,815.0,-0.056491855757456744
2023-02-23 10:00:00,1.0614,1.0616,1.0584,1.0603,1483.0,-0.1130475741874748
2023-02-23 14:00:00,1.0602,1.062,1.0586,1.0596,2554.0,-0.06601905121191853
2023-02-23 18:00:00,1.0595,1.0601,1.0576,1.0594,1446.0,-0.01887504718763866
2023-02-23 22:00:00,1.0595,1.0602,1.0591,1.0596,566.0,0.01887861053428974
2023-02-24 02:00:00,1.0597,1.0613,1.0592,1.0598,1254.0,0.018875047187605354
2023-02-24 06:00:00,1.0599,1.0601,1.0587,1.0588,891.0,-0.09435742592943663
2023-02-24 10:00:00,1.0587,1.0595,1.0572,1.0578,1464.0,-0.09444654325651003
2023-02-24 14:00:00,1.0577,1.0577,1.0535,1.0541,3324.0,-0.34978256759312654
2023-02-24 18:00:00,1.054,1.0558,1.0539,1.0549,1433.0,0.07589412769186676
2023-02-24 22:00:00,1.055,1.0554,1.0543,1.0544,320.0,-0.04739785761682658
2023-02-25 02:00:00,1.0544,1.0544,1.0544,1.0544,2.0,0.0
2023-02-25 06:00:00,1.0544,1.0544,1.0544,1.0544,2.0,0.0
2023-02-25 10:00:00,1.0544,1.0544,1.0544,1.0544,1.0,0.0
2023-02-25 14:00:00,1.0544,1.0544,1.0544,1.0544,3.0,0.0
2023-02-25 18:00:00,1.0544,1.0544,1.0544,1.0544,2.0,0.0
2023-02-26 02:00:00,1.0544,1.0544,1.0544,1.0544,2.0,0.0
2023-02-26 06:00:00,1.0544,1.0544,1.0544,1.0544,2.0,0.0
2023-02-26 10:00:00,1.0544,1.0544,1.0544,1.0544,1.0,0.0
2023-02-26 18:00:00,1.0544,1.0544,1.0544,1.0544,1.0,0.0
2023-02-26 22:00:00,1.0544,1.0554,1.0544,1.0552,237.0,0.07587253414262918
2023-02-27 02:00:00,1.0553,1.0559,1.0539,1.0543,842.0,-0.08529188779377028
2023-02-27 06:00:00,1.0542,1.0552,1.0532,1.0546,1014.0,0.028454898985108557
2023-02-27 10:00:00,1.0547,1.0568,1.0547,1.0561,1452.0,0.14223402237816263
2023-02-27 14:00:00,1.0562,1.0618,1.0549,1.06,1974.0,0.3692832118170619
2023-02-27 18:00:00,1.0599,1.0612,1.0578,1.0606,1179.0,0.056603773584895656
2023-02-27 22:00:00,1.0607,1.061,1.0603,1.0608,692.0,0.018857250612858145
2023-02-28 02:00:00,1.0607,1.0613,1.0584,1.0591,605.0,-0.1602564102564097
2023-02-28 06:00:00,1.059,1.0596,1.0581,1.0592,869.0,0.009441979038804504
2023-02-28 10:00:00,1.0594,1.0624,1.0594,1.0608,2023.0,0.15105740181269312
2023-02-28 14:00:00,1.0607,1.0644,1.06,1.0604,2215.0,-0.037707390648566985
2023-02-28 18:00:00,1.0603,1.0616,1.0581,1.0583,1351.0,-0.19803847604676905
2023-02-28 22:00:00,1.0582,1.0583,1.0573,1.0576,931.0,-0.06614381555324345
2023-03-01 02:00:00,1.0575,1.0594,1.0564,1.0592,978.0,0.15128593040845129
2023-03-01 06:00:00,1.0591,1.0643,1.0587,1.064,1221.0,0.45317220543807935
2023-03-01 10:00:00,1.0639,1.0672,1.0624,1.0668,2258.0,0.2631578947368318
2023-03-01 14:00:00,1.0667,1.069,1.0642,1.0671,2819.0,0.028121484814391806
2023-03-01 18:00:00,1.067,1.0677,1.0645,1.0656,1684.0,-0.14056789429293115
2023-03-01 22:00:00,1.0655,1.0671,1.0655,1.0667,626.0,0.10322822822821376
2023-03-02 02:00:00,1.0666,1.0671,1.0643,1.0644,1024.0,-0.21561826192930678
2023-03-02 06:00:00,1.0645,1.0649,1.0631,1.0635,1011.0,-0.08455467869222799
2023-03-02 10:00:00,1.0636,1.0641,1.0612,1.0623,2152.0,-0.11283497884342353
2023-03-02 14:00:00,1.0624,1.063,1.0581,1.0607,2601.0,-0.1506165866516085
2023-03-02 18:00:00,1.0608,1.0612,1.0575,1.0589,1779.0,-0.16969925520882168
2023-03-02 22:00:00,1.059,1.0605,1.0585,1.0597,591.0,0.07555009915951594
2023-03-03 02:00:00,1.0598,1.0613,1.0595,1.0605,841.0,0.07549306407472756
2023-03-03 06:00:00,1.0606,1.0622,1.0604,1.0608,845.0,0.028288543140031486
2023-03-03 10:00:00,1.0609,1.0628,1.0599,1.0613,1671.0,0.04713423831070873
2023-03-03 14:00:00,1.0614,1.0628,1.0587,1.0596,2332.0,-0.1601809102044438
2023-03-03 18:00:00,1.0597,1.0634,1.0591,1.0633,1387.0,0.34918837297091
2023-03-03 22:00:00,1.0632,1.0637,1.0629,1.0632,321.0,-0.009404683532399094
2023-03-05 18:00:00,1.0632,1.0632,1.0632,1.0632,19.0,0.0
2023-03-05 22:00:00,1.0632,1.0632,1.0622,1.0624,228.0,-0.07524454477049192
2023-03-06 02:00:00,1.0625,1.0649,1.0623,1.0644,937.0,0.18825301204818956
2023-03-06 06:00:00,1.0645,1.0656,1.0636,1.0647,985.0,0.028184892897398228
2023-03-06 10:00:00,1.0646,1.0656,1.0621,1.0638,1785.0,-0.08453085376161074
2023-03-06 14:00:00,1.0637,1.0688,1.0631,1.0677,2152.0,0.36661026508741923
2023-03-06 18:00:00,1.0676,1.0693,1.0667,1.0674,1256.0,-0.028097780275371242
2023-03-06 22:00:00,1.0673,1.0685,1.0671,1.0684,657.0,0.09368559115610076
2023-03-07 02:00:00,1.0683,1.0691,1.0675,1.069,760.0,0.0561587420441656
2023-03-07 06:00:00,1.0689,1.0693,1.0673,1.0684,1033.0,-0.056127221702517716
2023-03-07 10:00:00,1.0685,1.0685,1.0653,1.0655,1908.0,-0.27143391988020404
2023-03-07 14:00:00,1.0656,1.0671,1.0573,1.0584,3266.0,-0.6663538244955358
2023-03-07 18:00:00,1.0583,1.0595,1.0545,1.055,2392.0,-0.32123960695390474
2023-03-07 22:00:00,1.0551,1.0556,1.0546,1.0547,488.0,-0.028436018957345155
2023-03-08 02:00:00,1.0548,1.0549,1.0526,1.0528,692.0,-0.18014601308429246
2023-03-08 06:00:00,1.0529,1.0546,1.0523,1.0542,892.0,0.13297872340425343
2023-03-08 10:00:00,1.054,1.0547,1.0533,1.0536,1299.0,-0.05691519635742104
2023-03-08 14:00:00,1.0535,1.0573,1.0528,1.0551,2956.0,0.14236902050113187
2023-03-08 18:00:00,1.0552,1.0566,1.0538,1.0545,1796.0,-0.05686664771110683
2023-03-08 22:00:00,1.0544,1.0549,1.054,1.0548,592.0,0.02844950213372055
2023-03-09 02:00:00,1.0547,1.0552,1.0537,1.0548,782.0,0.0
2023-03-09 06:00:00,1.0546,1.0558,1.0545,1.0555,798.0,0.06636329161928689
2023-03-09 10:00:00,1.0554,1.058,1.0547,1.057,1539.0,0.1421127427759128
2023-03-09 14:00:00,1.0569,1.0585,1.0551,1.0567,2233.0,-0.02838221381267214
2023-03-09 18:00:00,1.0568,1.059,1.0562,1.0574,1494.0,0.06624396706726987
2023-03-09 22:00:00,1.0575,1.0585,1.0571,1.0584,810.0,0.0945715906941702
2023-03-10 02:00:00,1.0585,1.0598,1.0578,1.0595,1193.0,0.10393046107333159
2023-03-10 06:00:00,1.0594,1.0605,1.058,1.0593,1186.0,-0.01887682869279317
2023-03-10 10:00:00,1.0594,1.0602,1.0573,1.0588,1879.0,-0.04720098178041532
2023-03-10 14:00:00,1.0587,1.0699,1.0579,1.0686,4665.0,0.9255761239138627
2023-03-10 18:00:00,1.0685,1.0686,1.0635,1.0642,2732.0,-0.4117536964252211
2023-03-10 22:00:00,1.0641,1.0647,1.0635,1.0638,641.0,-0.037586919751919634
2023-03-12 14:00:00,1.0638,1.0638,1.0638,1.0638,1.0,0.0
2023-03-12 18:00:00,1.0638,1.0638,1.0638,1.0638,14.0,0.0
2023-03-12 22:00:00,1.07,1.0703,1.0674,1.068,1351.0,0.3948110547095318
2023-03-13 02:00:00,1.0681,1.0735,1.0663,1.0716,2394.0,0.3370786516853963
2023-03-13 06:00:00,1.0717,1.0736,1.0712,1.0724,1836.0,0.0746547219111493
2023-03-13 10:00:00,1.0725,1.0728,1.0656,1.0663,4314.0,-0.5688176053711302
2023-03-13 14:00:00,1.0664,1.0732,1.0649,1.0732,4945.0,0.6470974397448925
2023-03-13 18:00:00,1.0731,1.0747,1.072,1.0728,2704.0,-0.0372717107715248
2023-03-13 22:00:00,1.0729,1.0733,1.0721,1.0721,712.0,-0.0652498135719548
2023-03-14 02:00:00,1.0722,1.0723,1.0697,1.0701,1396.0,-0.1865497621490575
2023-03-14 06:00:00,1.0702,1.0714,1.0677,1.0689,1866.0,-0.11213905242501987
2023-03-14 10:00:00,1.0688,1.0727,1.0682,1.072,2578.0,0.29001777528301353
2023-03-14 14:00:00,1.0719,1.0748,1.0697,1.072,4233.0,0.0
2023-03-14 18:00:00,1.0721,1.0748,1.0709,1.074,2177.0,0.1865671641791078
2023-03-14 22:00:00,1.0741,1.0741,1.0724,1.0726,385.0,-0.13035381750465813
2023-03-15 02:00:00,1.0725,1.0758,1.0724,1.075,1020.0,0.22375536080552205
2023-03-15 06:00:00,1.0749,1.0753,1.0726,1.0736,1259.0,-0.13023255813952028
2023-03-15 10:00:00,1.0735,1.0742,1.0579,1.0586,3530.0,-1.3971684053651345
2023-03-15 14:00:00,1.0587,1.0593,1.0515,1.0533,4695.0,-0.5006612507084895
2023-03-15 18:00:00,1.0532,1.0591,1.0526,1.0578,3442.0,0.4272287097693228
2023-03-15 22:00:00,1.0579,1.0587,1.0573,1.058,709.0,0.01890716581585128
2023-03-16 02:00:00,1.0579,1.0598,1.0572,1.0597,1632.0,0.16068052930056087
2023-03-16 06:00:00,1.0598,1.0627,1.0591,1.0624,1376.0,0.2547890912522277
2023-03-16 10:00:00,1.0623,1.0634,1.0599,1.0612,2334.0,-0.11295180722892262
2023-03-16 14:00:00,1.0613,1.0625,1.0549,1.062,5292.0,0.07538635506973979
2023-03-16 18:00:00,1.0619,1.0624,1.059,1.0613,2059.0,-0.06591337099812744
2023-03-16 22:00:00,1.0612,1.0616,1.0607,1.0612,590.0,-0.009422406482617607
2023-03-17 02:00:00,1.0613,1.0643,1.061,1.0639,1166.0,0.25442894836036345
2023-03-17 06:00:00,1.0638,1.0668,1.0638,1.0661,1213.0,0.2067863521007629
2023-03-17 10:00:00,1.066,1.0668,1.0614,1.0628,1997.0,-0.3095394428290099
2023-03-17 14:00:00,1.0627,1.0646,1.0611,1.0645,2503.0,0.1599548362815284
2023-03-17 18:00:00,1.0646,1.0684,1.0641,1.066,1534.0,0.1409112259276757
2023-03-17 22:00:00,1.0661,1.0664,1.0657,1.0664,195.0,0.037523452157595116
2023-03-18 10:00:00,1.0664,1.0664,1.0664,1.0664,1.0,0.0
2023-03-18 14:00:00,1.0664,1.0664,1.0664,1.0664,7.0,0.0
2023-03-19 22:00:00,1.0664,1.0687,1.0664,1.0679,462.0,0.140660165041262
2023-03-20 02:00:00,1.068,1.0689,1.0663,1.0668,1445.0,-0.10300589942879856
2023-03-20 06:00:00,1.0667,1.068,1.064,1.0654,2161.0,-0.1312335958005284
2023-03-20 10:00:00,1.0656,1.0707,1.063,1.0706,2937.0,0.488079594518509
2023-03-20 14:00:00,1.0705,1.0729,1.07,1.072,2148.0,0.13076779376051118
2023-03-20 18:00:00,1.0719,1.0727,1.0705,1.0722,1279.0,0.018656716417897456
2023-03-20 22:00:00,1.0721,1.0723,1.0714,1.0717,505.0,-0.04663309084125267
2023-03-21 02:00:00,1.0718,1.0724,1.0713,1.0714,858.0,-0.02799290846320357
2023-03-21 06:00:00,1.0713,1.072,1.0703,1.0718,953.0,0.03733432891546151
2023-03-21 10:00:00,1.0717,1.0783,1.0715,1.0777,1939.0,0.5504758350438621
2023-03-21 14:00:00,1.0778,1.0787,1.0759,1.0767,1766.0,-0.09279020135474214
2023-03-21 18:00:00,1.0768,1.0777,1.0755,1.0768,959.0,0.009287638153621103
2023-03-21 22:00:00,1.0767,1.0772,1.0764,1.0771,361.0,0.02786032689450213
2023-03-22 02:00:00,1.0772,1.0775,1.0764,1.0769,943.0,-0.01856837805217504
2023-03-22 06:00:00,1.0768,1.0774,1.0758,1.0764,876.0,-0.04642956634784978
2023-03-22 10:00:00,1.0765,1.0797,1.0764,1.0796,1533.0,0.29728725380897547
2023-03-22 14:00:00,1.0795,1.0799,1.0774,1.079,1546.0,-0.05557613931085337
2023-03-22 18:00:00,1.0791,1.0911,1.0787,1.0864,3808.0,0.6858202038924954
2023-03-22 22:00:00,1.0863,1.087,1.0853,1.0868,716.0,0.03681885125184081
2023-03-23 02:00:00,1.0869,1.0904,1.0867,1.09,1218.0,0.2944423997055745
2023-03-23 06:00:00,1.0899,1.0928,1.0893,1.0905,1406.0,0.04587155963302614
2023-03-23 10:00:00,1.0904,1.0909,1.0865,1.0874,1961.0,-0.28427326914260975
2023-03-23 14:00:00,1.0875,1.0906,1.0868,1.0888,2194.0,0.12874747103182038
2023-03-23 18:00:00,1.0889,1.0897,1.0823,1.0839,2112.0,-0.45003673769286046
2023-03-23 22:00:00,1.0838,1.0839,1.0826,1.0833,607.0,-0.05535566011626303
2023-03-24 02:00:00,1.0834,1.0834,1.0816,1.0827,1117.0,-0.05538631957905382
2023-03-24 06:00:00,1.0826,1.0836,1.0821,1.0827,967.0,0.0
2023-03-24 10:00:00,1.0828,1.0829,1.0712,1.0737,3529.0,-0.8312551953449598
2023-03-24 14:00:00,1.0738,1.0766,1.0722,1.076,2869.0,0.21421253609015256
2023-03-24 18:00:00,1.0759,1.0766,1.075,1.0757,1194.0,-0.027881040892185904
2023-03-24 22:00:00,1.0758,1.0761,1.0757,1.0759,141.0,0.018592544389695043
2023-03-26 02:00:00,1.0759,1.0759,1.0759,1.0759,32.0,0.0
2023-03-26 07:00:00,1.0759,1.0759,1.0759,1.0759,1.0,0.0
2023-03-26 15:00:00,1.0759,1.0759,1.0759,1.0759,1.0,0.0
2023-03-26 19:00:00,1.0759,1.0759,1.0759,1.0759,9.0,0.0
2023-03-26 23:00:00,1.077,1.0778,1.0764,1.0776,561.0,0.15800724974437408
2023-03-27 03:00:00,1.0775,1.0775,1.0756,1.077,979.0,-0.055679287305121505
2023-03-27 07:00:00,1.0769,1.0781,1.0744,1.075,1321.0,-0.18570102135562205
2023-03-27 11:00:00,1.0749,1.0779,1.0749,1.077,1645.0,0.18604651162790198
2023-03-27 15:00:00,1.0771,1.0793,1.0767,1.0787,1790.0,0.1578458681522843
2023-03-27 19:00:00,1.0786,1.0797,1.0785,1.0796,851.0,0.08343376286270576
2023-03-27 23:00:00,1.0797,1.0807,1.0794,1.0805,366.0,0.0833642089662856
2023-03-28 03:00:00,1.0806,1.0818,1.0802,1.0814,873.0,0.08329477093937943
2023-03-28 07:00:00,1.0813,1.0833,1.0805,1.0819,1185.0,0.04623636027374367
2023-03-28 11:00:00,1.0818,1.0835,1.0809,1.083,1302.0,0.10167298271557268
2023-03-28 15:00:00,1.0829,1.0845,1.0815,1.0841,1843.0,0.10156971375809842
2023-03-28 19:00:00,1.0842,1.0847,1.083,1.0846,629.0,0.04612120653075813
2023-03-28 23:00:00,1.0845,1.0846,1.0835,1.0837,349.0,-0.08297990042410719
2023-03-29 03:00:00,1.0838,1.0848,1.0833,1.0835,802.0,-0.018455292055019612
2023-03-29 07:00:00,1.0834,1.0843,1.0817,1.0835,1161.0,0.0
2023-03-29 11:00:00,1.0836,1.087,1.0825,1.0854,1532.0,0.17535763728657727
2023-03-29 15:00:00,1.0855,1.0859,1.0823,1.0824,1886.0,-0.2763957987838461
2023-03-29 19:00:00,1.0825,1.0847,1.0822,1.0838,845.0,0.1293422025129498
2023-03-29 23:00:00,1.0839,1.0847,1.0837,1.0841,366.0,0.027680383834649547
2023-03-30 03:00:00,1.0842,1.0842,1.0825,1.0832,744.0,-0.08301817175538906
2023-03-30 07:00:00,1.0831,1.0856,1.0823,1.0853,1441.0,0.19387001477104704
2023-03-30 11:00:00,1.0854,1.0883,1.0849,1.0878,1502.0,0.23035105500783803
2023-03-30 15:00:00,1.0877,1.0925,1.0877,1.0897,2115.0,0.17466446037872618
2023-03-30 19:00:00,1.0896,1.0906,1.0891,1.0905,865.0,0.07341470129393901
2023-03-30 23:00:00,1.0906,1.0906,1.0901,1.0903,272.0,-0.018340210912426436
2023-03-31 03:00:00,1.0904,1.0924,1.09,1.0905,956.0,0.018343575162793613
2023-03-31 07:00:00,1.0906,1.0909,1.0879,1.0883,1193.0,-0.2017423200366797
2023-03-31 11:00:00,1.0884,1.0895,1.0863,1.0866,1619.0,-0.1562069282367018
2023-03-31 15:00:00,1.0867,1.09,1.0856,1.087,2360.0,0.0368120743603928
2023-03-31 19:00:00,1.0871,1.0871,1.0842,1.0844,1109.0,-0.23919043238269655
2023-03-31 23:00:00,1.0845,1.0845,1.0835,1.0842,113.0,-0.01844337882700442
2023-04-02 19:00:00,1.0842,1.0842,1.0842,1.0842,7.0,0.0
2023-04-02 23:00:00,1.084,1.0842,1.08,1.0801,683.0,-0.3781590112525324
2023-04-03 03:00:00,1.0802,1.0815,1.0787,1.0789,1262.0,-0.11110082399778953
2023-04-03 07:00:00,1.079,1.084,1.0788,1.0838,1341.0,0.45416628047085794
2023-04-03 11:00:00,1.0837,1.0876,1.0829,1.0875,1496.0,0.341391400627411
2023-04-03 15:00:00,1.0874,1.0915,1.086,1.0889,2277.0,0.12873563218391837
2023-04-03 19:00:00,1.0888,1.0906,1.0878,1.0905,852.0,0.14693727615024965
2023-04-03 23:00:00,1.0904,1.0908,1.0899,1.0905,308.0,0.0
2023-04-04 03:00:00,1.0906,1.0908,1.0887,1.0887,918.0,-0.16506189821182682
2023-04-04 07:00:00,1.0888,1.0937,1.0881,1.0924,1385.0,0.33985487278405113
2023-04-04 11:00:00,1.0923,1.0935,1.0894,1.0896,1670.0,-0.2563163676309155
2023-04-04 15:00:00,1.0897,1.0972,1.0885,1.0949,2477.0,0.48641703377387824
2023-04-04 19:00:00,1.095,1.0957,1.0942,1.0956,1043.0,0.06393277924923169
2023-04-04 23:00:00,1.0957,1.096,1.0949,1.0956,277.0,0.0
2023-04-05 03:00:00,1.0957,1.0968,1.0954,1.0958,847.0,0.018254837531972434
2023-04-05 07:00:00,1.0957,1.0968,1.0945,1.0949,1158.0,-0.08213177587151899
2023-04-05 11:00:00,1.0948,1.0959,1.0934,1.094,1260.0,-0.08219928760616613
2023-04-05 15:00:00,1.0941,1.0965,1.0901,1.0916,2482.0,-0.2193784277879529
2023-04-05 19:00:00,1.0917,1.0918,1.089,1.0902,664.0,-0.1282521069988829
2023-04-05 23:00:00,1.0903,1.0909,1.0898,1.0902,427.0,0.0
2023-04-06 03:00:00,1.0903,1.0903,1.0883,1.0891,599.0,-0.10089891762979919
2023-04-06 07:00:00,1.0892,1.0916,1.0888,1.0905,945.0,0.12854650628959519
2023-04-06 11:00:00,1.0904,1.0915,1.0891,1.0914,1231.0,0.08253094910590786
2023-04-06 15:00:00,1.0915,1.0927,1.0885,1.0925,1820.0,0.10078797874291112
2023-04-06 19:00:00,1.0926,1.0936,1.092,1.0922,693.0,-0.027459954233410855
2023-04-06 23:00:00,1.0921,1.0922,1.0914,1.0918,218.0,-0.03662332906060328
2023-04-07 03:00:00,1.0919,1.0923,1.0913,1.0918,298.0,0.0
2023-04-07 07:00:00,1.0919,1.0919,1.091,1.0914,304.0,-0.036636746656915076
2023-04-07 11:00:00,1.0913,1.092,1.0909,1.0916,314.0,0.018325087044157584
2023-04-07 15:00:00,1.0915,1.0916,1.0875,1.091,1213.0,-0.054965188713806956
2023-04-07 19:00:00,1.0911,1.0912,1.09,1.0905,314.0,-0.045829514207140765
2023-04-07 23:00:00,1.0903,1.0907,1.0896,1.0898,92.0,-0.06419073819348142
2023-04-08 07:00:00,1.0898,1.0898,1.0898,1.0898,1.0,0.0
2023-04-08 15:00:00,1.0898,1.0898,1.0898,1.0898,1.0,0.0
2023-04-08 19:00:00,1.0898,1.0898,1.0898,1.0898,4.0,0.0
2023-04-09 07:00:00,1.0898,1.0898,1.0898,1.0898,13.0,0.0
2023-04-09 11:00:00,1.0898,1.0898,1.0898,1.0898,3.0,0.0
2023-04-09 23:00:00,1.09,1.0912,1.0898,1.0912,275.0,0.12846393833729763
2023-04-10 03:00:00,1.0913,1.0913,1.0895,1.0897,627.0,-0.1374633431085126
2023-04-10 07:00:00,1.0896,1.0916,1.0889,1.0915,717.0,0.16518307791135722
2023-04-10 11:00:00,1.0916,1.0916,1.0885,1.0888,855.0,-0.24736601007786518
2023-04-10 15:00:00,1.0887,1.089,1.083,1.0838,1858.0,-0.459221160911083
2023-04-10 19:00:00,1.0839,1.0862,1.0837,1.0861,670.0,0.21221627606569093
2023-04-10 23:00:00,1.086,1.0869,1.0856,1.0867,319.0,0.055243531903137466
2023-04-11 03:00:00,1.0868,1.0886,1.0866,1.088,843.0,0.11962823226281394
2023-04-11 07:00:00,1.0881,1.0903,1.0879,1.0894,1232.0,0.12867647058822929
2023-04-11 11:00:00,1.0893,1.0925,1.0893,1.0904,1323.0,0.09179364787956779
2023-04-11 15:00:00,1.0903,1.0927,1.0901,1.0903,1700.0,-0.009170946441672267
2023-04-11 19:00:00,1.0904,1.0916,1.0895,1.0913,621.0,0.09171787581399027
2023-04-11 23:00:00,1.0912,1.0916,1.091,1.0915,151.0,0.01832676624209384
2023-04-12 03:00:00,1.0916,1.0927,1.0913,1.0923,509.0,0.07329363261567856
2023-04-12 07:00:00,1.0922,1.0936,1.0914,1.0925,986.0,0.018309988098508256
2023-04-12 11:00:00,1.0926,1.0935,1.0917,1.0921,1113.0,-0.03661327231120337
2023-04-12 15:00:00,1.0922,1.0998,1.0918,1.0985,2691.0,0.5860269206116708
2023-04-12 19:00:00,1.0984,1.0999,1.0984,1.0987,940.0,0.01820664542557804
2023-04-12 23:00:00,1.0988,1.0998,1.0985,1.0996,246.0,0.08191499044323258
2023-04-13 03:00:00,1.0995,1.1004,1.0982,1.0987,987.0,-0.0818479447071585
2023-04-13 07:00:00,1.0988,1.0999,1.0976,1.0998,995.0,0.1001183216528645
2023-04-13 11:00:00,1.0999,1.103,1.0999,1.1009,1152.0,0.10001818512455074
2023-04-13 15:00:00,1.1008,1.1066,1.1007,1.1052,2229.0,0.3905895176673502
2023-04-13 19:00:00,1.1051,1.1058,1.1043,1.1045,637.0,-0.06333695258775585
2023-04-13 23:00:00,1.1046,1.105,1.1044,1.105,195.0,0.045269352648258376
2023-04-14 03:00:00,1.1051,1.1074,1.1047,1.1069,749.0,0.17194570135745657
2023-04-14 07:00:00,1.1068,1.1074,1.1058,1.1064,887.0,-0.04517119884360765
2023-04-14 11:00:00,1.1065,1.1065,1.1046,1.1052,1141.0,-0.10845986984816536
2023-04-14 15:00:00,1.1053,1.1072,1.0974,1.0978,2731.0,-0.6695620702135252
2023-04-14 19:00:00,1.0977,1.0998,1.0971,1.0995,868.0,0.15485516487518947
2023-04-14 23:00:00,1.0994,1.0996,1.0992,1.0993,61.0,-0.018190086402913863
2023-04-16 11:00:00,1.0993,1.0993,1.0993,1.0993,10.0,0.0
2023-04-16 19:00:00,1.0993,1.0993,1.0993,1.0993,5.0,0.0
2023-04-16 23:00:00,1.0989,1.0994,1.0982,1.0983,271.0,-0.09096697898661743
2023-04-17 03:00:00,1.0982,1.099,1.096,1.0975,871.0,-0.07283984339434557
2023-04-17 07:00:00,1.0974,1.0998,1.0974,1.0991,1016.0,0.14578587699316525
2023-04-17 11:00:00,1.099,1.0992,1.0963,1.0975,1233.0,-0.14557365116913967
2023-04-17 15:00:00,1.0976,1.0983,1.0908,1.0913,2141.0,-0.5649202733485126
2023-04-17 19:00:00,1.0912,1.093,1.0909,1.093,789.0,0.15577751305781984
2023-04-17 23:00:00,1.0929,1.0929,1.0922,1.0923,250.0,-0.06404391582799374
2023-04-18 03:00:00,1.0924,1.0937,1.0921,1.0934,725.0,0.1007049345417732
2023-04-18 07:00:00,1.0933,1.0969,1.0932,1.0969,1142.0,0.3201024327784907
2023-04-18 11:00:00,1.0968,1.0982,1.0964,1.0965,1232.0,-0.03646640532408707
2023-04-18 15:00:00,1.0966,1.0977,1.0942,1.0956,1840.0,-0.08207934336526002
2023-04-18 19:00:00,1.0955,1.0973,1.0953,1.097,764.0,0.1277838627236294
2023-04-18 23:00:00,1.0969,1.0975,1.0967,1.0973,387.0,0.027347310847769535
2023-04-19 03:00:00,1.0974,1.0983,1.0964,1.0973,828.0,0.0
2023-04-19 07:00:00,1.0972,1.0973,1.0945,1.0961,1404.0,-0.10935933655334962
2023-04-19 11:00:00,1.0962,1.0962,1.0916,1.093,1684.0,-0.28282091050088054
2023-04-19 15:00:00,1.0931,1.0978,1.0926,1.0952,1702.0,0.2012808783165676
2023-04-19 19:00:00,1.0951,1.0965,1.095,1.0954,996.0,0.01826150474799615
2023-04-19 23:00:00,1.0953,1.0958,1.0946,1.095,349.0,-0.03651634106262014
2023-04-20 03:00:00,1.0951,1.096,1.0948,1.0958,914.0,0.07305936073060959
2023-04-20 07:00:00,1.0957,1.0972,1.0949,1.096,1293.0,0.01825150574921164
2023-04-20 11:00:00,1.0959,1.0977,1.0952,1.0953,1687.0,-0.06386861313869563
2023-04-20 15:00:00,1.0952,1.0988,1.0932,1.0968,2325.0,0.1369487811558434
2023-04-20 19:00:00,1.0969,1.0971,1.0955,1.0962,904.0,-0.0547045951859948
2023-04-20 23:00:00,1.0963,1.0971,1.0962,1.0966,342.0,0.036489691662100476
2023-04-21 03:00:00,1.0965,1.0972,1.096,1.0963,674.0,-0.027357286157214666
2023-04-21 07:00:00,1.0962,1.0962,1.0937,1.0955,1272.0,-0.07297272644349873
2023-04-21 11:00:00,1.0956,1.0984,1.0948,1.098,1501.0,0.22820629849384932
2023-04-21 15:00:00,1.0981,1.0992,1.0941,1.0971,2387.0,-0.08196721311476418
2023-04-21 19:00:00,1.0972,1.0989,1.0968,1.0989,1022.0,0.1640689089417613
2023-04-21 23:00:00,1.0988,1.0992,1.0984,1.0988,151.0,-0.009100009100004858
2023-04-23 03:00:00,1.0988,1.0988,1.0988,1.0988,6.0,0.0
2023-04-23 19:00:00,1.0988,1.0988,1.0988,1.0988,6.0,0.0
2023-04-23 23:00:00,1.0988,1.0995,1.0985,1.099,225.0,0.01820167455406363
2023-04-24 03:00:00,1.0989,1.0994,1.0978,1.098,909.0,-0.09099181073702889
2023-04-24 07:00:00,1.0979,1.0987,1.0964,1.0985,1203.0,0.04553734061929493
2023-04-24 11:00:00,1.0986,1.1019,1.0983,1.1001,1790.0,0.1456531634046465
2023-04-24 15:00:00,1.1002,1.1036,1.0998,1.1024,1866.0,0.20907190255430308
2023-04-24 19:00:00,1.1023,1.1049,1.1023,1.1042,798.0,0.16328011611030924
2023-04-24 23:00:00,1.1043,1.1056,1.1042,1.1056,443.0,0.12678862524904133
2023-04-25 03:00:00,1.1055,1.1066,1.105,1.1052,955.0,-0.03617945007236001
2023-04-25 07:00:00,1.1051,1.1057,1.1023,1.1031,1398.0,-0.19001085776330084
2023-04-25 11:00:00,1.103,1.1043,1.1008,1.1015,1487.0,-0.14504578007433766
2023-04-25 15:00:00,1.1016,1.1028,1.0967,1.0967,2163.0,-0.43576940535632325
2023-04-25 19:00:00,1.0966,1.0975,1.0963,1.0969,1188.0,0.018236527765114197
2023-04-25 23:00:00,1.0968,1.0979,1.0968,1.0977,577.0,0.07293281064817414
2023-04-26 03:00:00,1.0976,1.0979,1.0967,1.0974,922.0,-0.027329871549597318
2023-04-26 07:00:00,1.0973,1.1025,1.0971,1.1018,1268.0,0.4009476945507462
2023-04-26 11:00:00,1.1017,1.1061,1.1015,1.1045,2260.0,0.24505354873844976
2023-04-26 15:00:00,1.1046,1.1094,1.1034,1.1049,2660.0,0.0362154821186067
2023-04-26 19:00:00,1.1048,1.1051,1.1031,1.1034,1091.0,-0.1357588922074493
2023-04-26 23:00:00,1.1035,1.1045,1.1034,1.1044,312.0,0.0906289650172365
2023-04-27 03:00:00,1.1043,1.1052,1.1038,1.1044,888.0,0.0
2023-04-27 07:00:00,1.1045,1.1062,1.1038,1.1048,1333.0,0.03621876131836288
2023-04-27 11:00:00,1.1049,1.1058,1.1029,1.1033,1455.0,-0.13577118030413393
2023-04-27 15:00:00,1.1032,1.1056,1.0991,1.1014,2864.0,-0.1722106408048596
2023-04-27 19:00:00,1.1015,1.1029,1.1004,1.1023,984.0,0.08171418195026536
2023-04-27 23:00:00,1.1022,1.1032,1.1022,1.103,453.0,0.06350358341649098
2023-04-28 03:00:00,1.1031,1.1038,1.1011,1.1018,1290.0,-0.10879419764280307
2023-04-28 07:00:00,1.1019,1.1035,1.0993,1.1007,2218.0,-0.09983663096749806
2023-04-28 11:00:00,1.1006,1.1008,1.0971,1.0972,2039.0,-0.31797946761152884
2023-04-28 15:00:00,1.0973,1.1044,1.0961,1.1038,3291.0,0.6015311702515458
2023-04-28 19:00:00,1.1037,1.1039,1.1011,1.1018,1241.0,-0.18119224497191722
2023-04-28 23:00:00,1.1017,1.1019,1.1013,1.1015,161.0,-0.027228172082049973
2023-04-30 15:00:00,1.1015,1.1015,1.1015,1.1015,1.0,0.0
2023-04-30 23:00:00,1.1023,1.1023,1.1009,1.1009,480.0,-0.054471175669534855
2023-05-01 03:00:00,1.101,1.1013,1.0999,1.1013,989.0,0.03633390862021191
2023-05-01 07:00:00,1.1012,1.1012,1.0993,1.1002,1153.0,-0.09988195768636521
2023-05-01 11:00:00,1.1001,1.1013,1.0987,1.1012,1305.0,0.09089256498817644
2023-05-01 15:00:00,1.1011,1.1034,1.0965,1.0968,2080.0,-0.39956411187794805
2023-05-01 19:00:00,1.0967,1.0974,1.0963,1.0971,1206.0,0.027352297592986297
2023-05-01 23:00:00,1.0972,1.0975,1.0966,1.0968,369.0,-0.027344818156960216
2023-05-02 03:00:00,1.0967,1.0993,1.0967,1.0983,776.0,0.1367614879649981
2023-05-02 07:00:00,1.0982,1.1005,1.0978,1.0984,1303.0,0.009104980424301523
2023-05-02 11:00:00,1.0985,1.0985,1.0947,1.0966,1903.0,-0.163874726875457
2023-05-02 15:00:00,1.0967,1.0996,1.0941,1.0995,2557.0,0.26445376618637884
2023-05-02 19:00:00,1.0994,1.1007,1.0993,1.1004,906.0,0.08185538881311238
2023-05-02 23:00:00,1.1005,1.1012,1.0997,1.1009,423.0,0.04543802253724749
2023-05-03 03:00:00,1.101,1.1029,1.1004,1.1028,842.0,0.17258606594603432
2023-05-03 07:00:00,1.1027,1.104,1.1013,1.1033,943.0,0.04533913674282797
2023-05-03 11:00:00,1.1034,1.1045,1.1028,1.1038,1438.0,0.045318589685483524
2023-05-03 15:00:00,1.1039,1.1058,1.102,1.1046,2206.0,0.07247689798877133
2023-05-03 19:00:00,1.1047,1.109,1.1036,1.1053,3149.0,0.06337135614702394
2023-05-03 23:00:00,1.1052,1.1077,1.105,1.1067,992.0,0.1266624445851905
2023-05-04 03:00:00,1.1068,1.1086,1.1067,1.108,1356.0,0.1174663413752608
2023-05-04 07:00:00,1.1081,1.109,1.1051,1.1057,1583.0,-0.20758122743683716
2023-05-04 11:00:00,1.1056,1.1075,1.1035,1.1073,1680.0,0.1447047119471856
2023-05-04 15:00:00,1.1074,1.1083,1.0985,1.1007,4331.0,-0.5960444324031422
2023-05-04 19:00:00,1.1008,1.103,1.1007,1.1013,1260.0,0.054510765876258915
2023-05-04 23:00:00,1.1012,1.1023,1.1009,1.1022,394.0,0.08172160174340082
2023-05-05 03:00:00,1.1021,1.1043,1.1018,1.1043,907.0,0.19052803483941005
2023-05-05 07:00:00,1.1042,1.1047,1.1024,1.1025,1285.0,-0.16299918500407573
2023-05-05 11:00:00,1.1026,1.103,1.1007,1.1008,1477.0,-0.1541950113378765
2023-05-05 15:00:00,1.1009,1.1026,1.0965,1.1023,2740.0,0.13626453488373436
2023-05-05 19:00:00,1.1024,1.1035,1.1008,1.1017,1243.0,-0.054431642928431945
2023-05-05 23:00:00,1.1016,1.1018,1.1015,1.1017,104.0,0.0
2023-05-07 23:00:00,1.1021,1.1022,1.1013,1.1017,246.0,0.0
2023-05-08 03:00:00,1.1016,1.1038,1.1015,1.1037,855.0,0.18153762367250081
2023-05-08 07:00:00,1.1038,1.1049,1.1035,1.1048,1186.0,0.09966476397573754
2023-05-08 11:00:00,1.1049,1.1052,1.1022,1.1034,1391.0,-0.12671976828385612
2023-05-08 15:00:00,1.1035,1.1043,1.101,1.1018,1475.0,-0.14500634402755397
2023-05-08 19:00:00,1.1019,1.1028,1.0999,1.1,867.0,-0.16336903249226653
2023-05-08 23:00:00,1.0999,1.1004,1.0994,1.0995,361.0,-0.045454545454559625
2023-05-09 03:00:00,1.0996,1.0996,1.0984,1.0993,698.0,-0.018190086402913863
2023-05-09 07:00:00,1.0994,1.0999,1.0971,1.0977,1243.0,-0.1455471663786123
2023-05-09 11:00:00,1.0976,1.0985,1.0958,1.0962,1097.0,-0.1366493577480088
2023-05-09 15:00:00,1.0963,1.0966,1.094,1.0951,1774.0,-0.10034665207080407
2023-05-09 19:00:00,1.0952,1.0971,1.0948,1.0961,1107.0,0.09131586156516658
2023-05-09 23:00:00,1.0962,1.0968,1.0944,1.0963,395.0,0.01824651035489122
2023-05-10 03:00:00,1.0964,1.0976,1.0963,1.0975,600.0,0.10945908966522033
2023-05-10 07:00:00,1.0974,1.0981,1.0961,1.0963,999.0,-0.10933940774485729
2023-05-10 11:00:00,1.0962,1.0962,1.0944,1.0948,1500.0,-0.13682386208154762
2023-05-10 15:00:00,1.0947,1.1005,1.094,1.0964,3023.0,0.1461454146876262
2023-05-10 19:00:00,1.0965,1.0984,1.096,1.0981,1409.0,0.15505290040132014
2023-05-10 23:00:00,1.098,1.0986,1.0978,1.0981,362.0,0.0
2023-05-11 03:00:00,1.0982,1.0997,1.0972,1.0973,728.0,-0.072853109917137
2023-05-11 07:00:00,1.0972,1.0981,1.0923,1.0929,1547.0,-0.4009842340289782
2023-05-11 11:00:00,1.093,1.0937,1.0916,1.093,2030.0,0.009149967975119466
2023-05-11 15:00:00,1.0929,1.0947,1.0899,1.0914,2659.0,-0.14638609332113806
2023-05-11 19:00:00,1.0915,1.0928,1.0909,1.0916,844.0,0.018325087044157584
2023-05-11 23:00:00,1.0915,1.0916,1.0914,1.0914,26.0,-0.018321729571268985
2023-05-11 23:00:00,1.0915,1.0919,1.091,1.0911,381.0,-0.02748763056624748
2023-05-12 03:00:00,1.0912,1.0924,1.0911,1.0921,751.0,0.09165062780680522
2023-05-12 07:00:00,1.092,1.0934,1.0905,1.0906,1391.0,-0.13735005951835966
2023-05-12 11:00:00,1.0905,1.0916,1.0888,1.089,1356.0,-0.14670823399963728
2023-05-12 15:00:00,1.0891,1.0896,1.0853,1.0854,1938.0,-0.33057851239669533
2023-05-12 19:00:00,1.0853,1.0856,1.0847,1.085,986.0,-0.036852773171180964
2023-05-12 23:00:00,1.0851,1.0851,1.0847,1.0848,118.0,-0.018433179723498228
2023-05-14 19:00:00,1.0848,1.0848,1.0848,1.0848,17.0,0.0
2023-05-14 23:00:00,1.0852,1.0854,1.0844,1.0852,218.0,0.03687315634217647
2023-05-15 03:00:00,1.0853,1.0863,1.0847,1.0858,890.0,0.05528934758571857
2023-05-15 07:00:00,1.0859,1.0876,1.0856,1.0872,1108.0,0.12893718916926478
2023-05-15 11:00:00,1.0873,1.0879,1.0854,1.0876,1244.0,0.03679175864605977
2023-05-15 15:00:00,1.0877,1.0889,1.0863,1.0872,1703.0,-0.036778227289435694
2023-05-15 19:00:00,1.0871,1.0878,1.0866,1.0874,586.0,0.018395879323018782
2023-05-15 23:00:00,1.0875,1.0876,1.0871,1.0872,211.0,-0.018392495861685454
2023-05-16 03:00:00,1.0873,1.0883,1.0867,1.0881,756.0,0.08278145695366224
2023-05-16 07:00:00,1.088,1.0893,1.0862,1.0887,1229.0,0.055141990625862114
2023-05-16 11:00:00,1.0888,1.0903,1.0884,1.0885,1083.0,-0.018370533664002764
2023-05-16 15:00:00,1.0886,1.0889,1.0854,1.0863,2042.0,-0.20211299954064899
2023-05-16 19:00:00,1.0864,1.0871,1.0857,1.0862,785.0,-0.00920556015833185
2023-05-16 23:00:00,1.0861,1.0864,1.0859,1.0864,342.0,0.01841281531946848
2023-05-17 03:00:00,1.0865,1.0872,1.0861,1.0864,768.0,0.0
2023-05-17 07:00:00,1.0863,1.0866,1.083,1.083,1097.0,-0.312960235640658
2023-05-17 11:00:00,1.0831,1.0847,1.0819,1.0824,1468.0,-0.055401662049858746
2023-05-17 15:00:00,1.0825,1.0837,1.0809,1.0828,1865.0,0.036954915003684086
2023-05-17 19:00:00,1.0829,1.0848,1.0828,1.0838,921.0,0.09235315847802017
2023-05-17 23:00:00,1.0839,1.0845,1.0834,1.0837,406.0,-0.009226794611549849
2023-05-18 03:00:00,1.0836,1.0847,1.0834,1.0838,773.0,0.009227646027487602
2023-05-18 07:00:00,1.0839,1.0839,1.0808,1.0815,1012.0,-0.21221627606571314
2023-05-18 11:00:00,1.0816,1.0821,1.0804,1.0814,1062.0,-0.00924641701340878
2023-05-18 15:00:00,1.0813,1.0816,1.0762,1.0774,1756.0,-0.3698908821897495
2023-05-18 19:00:00,1.0773,1.078,1.0761,1.0773,849.0,-0.009281603861144294
2023-05-18 23:00:00,1.0772,1.0775,1.0768,1.0774,388.0,0.00928246542282185
2023-05-19 03:00:00,1.0775,1.0779,1.0759,1.0767,827.0,-0.06497122702802116
2023-05-19 07:00:00,1.0768,1.079,1.0759,1.0776,1178.0,0.08358874338254552
2023-05-19 11:00:00,1.0775,1.0808,1.077,1.0807,1467.0,0.2876763177431352
2023-05-19 15:00:00,1.0808,1.0825,1.0781,1.0817,2515.0,0.09253261774777588
2023-05-19 19:00:00,1.0816,1.0827,1.0796,1.0805,1070.0,-0.11093648886013607
2023-05-19 23:00:00,1.0806,1.0807,1.08,1.0804,152.0,-0.009254974548822403
2023-05-20 19:00:00,1.0804,1.0804,1.0804,1.0804,5.0,0.0
2023-05-21 11:00:00,1.0804,1.0804,1.0804,1.0804,1.0,0.0
2023-05-21 23:00:00,1.0806,1.0823,1.0806,1.0821,213.0,0.157349129951867
2023-05-22 03:00:00,1.082,1.0828,1.0815,1.0819,1046.0,-0.01848258016818871
2023-05-22 07:00:00,1.0818,1.0823,1.0794,1.0806,1362.0,-0.12015897957298183
2023-05-22 11:00:00,1.0805,1.0828,1.0798,1.082,1408.0,0.12955765315565415
2023-05-22 15:00:00,1.0821,1.083,1.0795,1.0804,1878.0,-0.14787430683919078
2023-05-22 19:00:00,1.0805,1.082,1.0801,1.081,968.0,0.05553498704182758
2023-05-22 23:00:00,1.0809,1.0814,1.0805,1.0809,396.0,-0.009250693802032028
2023-05-23 03:00:00,1.081,1.0819,1.0801,1.0807,798.0,-0.018503099269129297
2023-05-23 07:00:00,1.0806,1.0812,1.0784,1.0802,1328.0,-0.04626630887387684
2023-05-23 11:00:00,1.0801,1.0807,1.0768,1.0772,1536.0,-0.2777263469727953
2023-05-23 15:00:00,1.0771,1.0794,1.0762,1.0769,2124.0,-0.027849981433347715
2023-05-23 19:00:00,1.077,1.0779,1.0759,1.0766,938.0,-0.02785773980871209
2023-05-23 23:00:00,1.0767,1.0773,1.0765,1.0768,367.0,0.018577001671937765
2023-05-24 03:00:00,1.0769,1.0778,1.0766,1.0778,800.0,0.0928677563150071
2023-05-24 07:00:00,1.0777,1.0788,1.0769,1.0782,1220.0,0.03711263685284294
2023-05-24 11:00:00,1.0783,1.0793,1.0747,1.0779,1741.0,-0.027824151363375904
2023-05-24 15:00:00,1.078,1.08,1.0753,1.0757,2049.0,-0.20410056591519954
2023-05-24 19:00:00,1.0756,1.0765,1.0748,1.0748,1408.0,-0.083666449753661
2023-05-24 23:00:00,1.0749,1.0755,1.0741,1.0754,426.0,0.05582433941198062
2023-05-25 03:00:00,1.0753,1.0754,1.0735,1.0736,827.0,-0.1673795796912625
2023-05-25 07:00:00,1.0735,1.0742,1.0713,1.072,1113.0,-0.14903129657228842
2023-05-25 11:00:00,1.0721,1.0737,1.0718,1.0732,1340.0,0.11194029850745135
2023-05-25 15:00:00,1.0731,1.0739,1.0706,1.0723,2344.0,-0.08386134923592525
2023-05-25 19:00:00,1.0722,1.0728,1.071,1.0719,1033.0,-0.03730299356522471
2023-05-25 23:00:00,1.072,1.0727,1.072,1.0722,383.0,0.027987685418406905
2023-05-26 03:00:00,1.0723,1.0737,1.0718,1.0736,777.0,0.130572654355543
2023-05-26 07:00:00,1.0735,1.0743,1.0724,1.0739,884.0,0.02794336810729714
2023-05-26 11:00:00,1.0738,1.0757,1.0724,1.0751,1200.0,0.11174224788152998
2023-05-26 15:00:00,1.0752,1.0756,1.07,1.0711,2512.0,-0.3720584131708726
2023-05-26 19:00:00,1.0712,1.0731,1.0712,1.0728,715.0,0.15871533937075188
2023-05-26 23:00:00,1.0729,1.0729,1.0724,1.0724,114.0,-0.037285607755399575
2023-05-28 19:00:00,1.0724,1.0724,1.0724,1.0724,7.0,0.0
2023-05-28 23:00:00,1.0721,1.0728,1.0717,1.072,234.0,-0.037299515106303804
2023-05-29 03:00:00,1.0719,1.0734,1.0716,1.0729,649.0,0.08395522388058296
2023-05-29 07:00:00,1.0728,1.0742,1.0723,1.0727,578.0,-0.018641066268987316
2023-05-29 11:00:00,1.0728,1.0728,1.0709,1.0709,786.0,-0.16780087629346685
2023-05-29 15:00:00,1.071,1.0714,1.0705,1.0713,559.0,0.03735176020169817
2023-05-29 19:00:00,1.0712,1.0714,1.0708,1.0708,197.0,-0.04667226733874319
2023-05-29 23:00:00,1.0707,1.0712,1.0704,1.0705,244.0,-0.028016436309297177
2023-05-30 03:00:00,1.0706,1.0725,1.07,1.0705,936.0,0.0
2023-05-30 07:00:00,1.0706,1.0707,1.0671,1.0689,1485.0,-0.1494628678187837
2023-05-30 11:00:00,1.069,1.0743,1.0686,1.0743,1585.0,0.5051922537187892
2023-05-30 15:00:00,1.0742,1.0745,1.0717,1.072,1807.0,-0.21409289770082385
2023-05-30 19:00:00,1.0721,1.0729,1.0713,1.0728,744.0,0.07462686567163423
2023-05-30 23:00:00,1.0727,1.0734,1.0726,1.073,331.0,0.01864280387771089
2023-05-31 03:00:00,1.0731,1.0734,1.0693,1.0697,795.0,-0.3075489282385657
2023-05-31 07:00:00,1.0696,1.0699,1.0669,1.0673,1357.0,-0.22436197064599206
2023-05-31 11:00:00,1.0671,1.0686,1.0657,1.0678,1306.0,0.046847184484222204
2023-05-31 15:00:00,1.0679,1.0704,1.065,1.0651,2217.0,-0.2528563401386186
2023-05-31 19:00:00,1.0652,1.0688,1.0634,1.0685,1527.0,0.31921885268988426
2023-05-31 23:00:00,1.0684,1.0696,1.0683,1.0692,476.0,0.06551240056151819
2023-06-01 03:00:00,1.0693,1.0694,1.0679,1.0686,1031.0,-0.056116722783383644
2023-06-01 07:00:00,1.0685,1.069,1.066,1.0668,1068.0,-0.16844469399214246
2023-06-01 11:00:00,1.0669,1.0714,1.0663,1.0704,1237.0,0.3374578177727905
2023-06-01 15:00:00,1.0705,1.0752,1.0683,1.0749,2511.0,0.42040358744395157
2023-06-01 19:00:00,1.075,1.0767,1.0746,1.0761,1040.0,0.11163829193414632
2023-06-01 23:00:00,1.076,1.0764,1.0757,1.0759,384.0,-0.018585633305456817
2023-06-02 03:00:00,1.0758,1.0768,1.0757,1.0767,782.0,0.07435635282089237
2023-06-02 07:00:00,1.0766,1.0777,1.0759,1.076,958.0,-0.06501346707531441
2023-06-02 11:00:00,1.0761,1.0776,1.0756,1.0756,1143.0,-0.03717472118960341
2023-06-02 15:00:00,1.0758,1.077,1.0716,1.0722,2498.0,-0.3161026403867506
2023-06-02 19:00:00,1.0721,1.0722,1.0704,1.0706,905.0,-0.14922589069203962
2023-06-02 23:00:00,1.0707,1.0707,1.0704,1.0705,74.0,-0.00934055669717937
2023-06-04 15:00:00,1.0705,1.0705,1.0705,1.0705,4.0,0.0
2023-06-04 19:00:00,1.0705,1.0705,1.0705,1.0705,5.0,0.0
2023-06-04 23:00:00,1.0705,1.0708,1.0692,1.0695,312.0,-0.09341429238675092
2023-06-05 03:00:00,1.0696,1.0703,1.0689,1.0701,823.0,0.05610098176720424
2023-06-05 07:00:00,1.0702,1.0702,1.0682,1.0688,1230.0,-0.12148397346043449
2023-06-05 11:00:00,1.0689,1.0698,1.0684,1.0688,1000.0,0.0
2023-06-05 15:00:00,1.0689,1.0721,1.0673,1.0719,1872.0,0.2900449101796543
2023-06-05 19:00:00,1.0718,1.072,1.0706,1.0711,703.0,-0.07463382778245542
2023-06-05 23:00:00,1.0712,1.0714,1.0706,1.071,400.0,-0.00933619643357364
2023-06-06 03:00:00,1.0711,1.0723,1.0709,1.0715,679.0,0.046685340802987696
2023-06-06 07:00:00,1.0714,1.0731,1.0706,1.0713,1442.0,-0.018665422305175206
2023-06-06 11:00:00,1.0712,1.0713,1.0675,1.0676,1261.0,-0.34537477830671737
2023-06-06 15:00:00,1.0675,1.0696,1.0666,1.0693,1717.0,0.15923566878979223
2023-06-06 19:00:00,1.0692,1.0696,1.0681,1.0691,680.0,-0.01870382493219802
2023-06-06 23:00:00,1.069,1.0698,1.0689,1.0697,231.0,0.05612197175195455
2023-06-07 03:00:00,1.0698,1.0703,1.0687,1.0691,678.0,-0.05609049266150912
2023-06-07 07:00:00,1.0692,1.0694,1.0667,1.0683,940.0,-0.07482929566924312
2023-06-07 11:00:00,1.0682,1.0722,1.0678,1.0714,1102.0,0.2901806608630375
2023-06-07 15:00:00,1.0715,1.0738,1.0694,1.07,1905.0,-0.13067015120401537
2023-06-07 19:00:00,1.0701,1.0705,1.069,1.0692,896.0,-0.07476635514019891
2023-06-07 23:00:00,1.0693,1.0706,1.0692,1.0706,334.0,0.13093901982792477
2023-06-08 03:00:00,1.0705,1.071,1.0701,1.0707,636.0,0.009340556697168267
2023-06-08 07:00:00,1.0708,1.0718,1.0699,1.0712,1001.0,0.04669842159334969
2023-06-08 11:00:00,1.0711,1.0738,1.0708,1.0734,1155.0,0.205377147124719
2023-06-08 15:00:00,1.0735,1.0782,1.0732,1.0777,2161.0,0.4005962362586324
2023-06-08 19:00:00,1.0778,1.0785,1.0772,1.0778,731.0,0.009279020135477545
2023-06-08 23:00:00,1.0779,1.0784,1.0779,1.078,349.0,0.01855631842642147
2023-06-09 03:00:00,1.0781,1.0784,1.0774,1.0776,708.0,-0.03710575139148631
2023-06-09 07:00:00,1.0777,1.0783,1.0766,1.0774,993.0,-0.018559762435044203
2023-06-09 11:00:00,1.0773,1.078,1.0755,1.0772,1053.0,-0.01856320772228859
2023-06-09 15:00:00,1.0773,1.0783,1.0745,1.0747,1987.0,-0.23208317861120875
2023-06-09 19:00:00,1.0748,1.0751,1.0742,1.0743,636.0,-0.03721968921559515
2023-06-09 23:00:00,1.0744,1.0749,1.0743,1.0748,95.0,0.04654193428277331
2023-06-10 19:00:00,1.0748,1.0748,1.0748,1.0748,4.0,0.0
2023-06-11 11:00:00,1.0748,1.0748,1.0748,1.0748,1.0,0.0
2023-06-11 15:00:00,1.0748,1.0748,1.0748,1.0748,1.0,0.0
2023-06-11 23:00:00,1.0747,1.075,1.0742,1.0749,255.0,0.009304056568670838
2023-06-12 03:00:00,1.0748,1.0748,1.0732,1.074,614.0,-0.08372871895059308
2023-06-12 07:00:00,1.0739,1.0771,1.0738,1.0768,951.0,0.26070763500929406
2023-06-12 11:00:00,1.0767,1.0789,1.076,1.0761,1451.0,-0.06500742942049387
2023-06-12 15:00:00,1.0762,1.077,1.0742,1.0745,1484.0,-0.14868506644364343
2023-06-12 19:00:00,1.0744,1.0762,1.0742,1.0759,735.0,0.13029315960912946
2023-06-12 23:00:00,1.0758,1.0763,1.0752,1.0761,242.0,0.018589088205223092
2023-06-13 03:00:00,1.0762,1.0779,1.0758,1.0778,549.0,0.15797788309637184
2023-06-13 07:00:00,1.0777,1.0806,1.0775,1.0798,1195.0,0.1855631842642369
2023-06-13 11:00:00,1.0797,1.0809,1.0791,1.0793,1112.0,-0.0463048712724734
2023-06-13 15:00:00,1.0794,1.0822,1.0777,1.079,2500.0,-0.027795793569906913
2023-06-13 19:00:00,1.0789,1.0803,1.0782,1.079,807.0,0.0
2023-06-13 23:00:00,1.0789,1.0794,1.0787,1.0788,320.0,-0.01853568118628246
2023-06-14 03:00:00,1.0789,1.0795,1.0784,1.0789,725.0,0.009269558769009478
2023-06-14 07:00:00,1.0788,1.0795,1.0773,1.0788,825.0,-0.009268699601450159
2023-06-14 11:00:00,1.0787,1.0809,1.0785,1.0802,831.0,0.12977382276604388
2023-06-14 15:00:00,1.0803,1.0857,1.0802,1.0857,1573.0,0.5091649694501044
2023-06-14 19:00:00,1.0856,1.0863,1.08,1.0825,2630.0,-0.294740720272646
2023-06-14 23:00:00,1.0824,1.0841,1.0823,1.0841,441.0,0.14780600461894444
2023-06-15 03:00:00,1.0842,1.0843,1.0807,1.0812,861.0,-0.2675029978784327
2023-06-15 07:00:00,1.0811,1.0828,1.0802,1.0826,1069.0,0.12948575656679395
2023-06-15 11:00:00,1.0825,1.0848,1.0817,1.0817,1108.0,-0.08313319785699935
2023-06-15 15:00:00,1.0816,1.0935,1.0814,1.0932,3364.0,1.0631413515762134
2023-06-15 19:00:00,1.0933,1.0952,1.0931,1.0947,812.0,0.13721185510429112
2023-06-15 23:00:00,1.0946,1.095,1.094,1.0945,309.0,-0.018269845619800495
2023-06-16 03:00:00,1.0944,1.095,1.0935,1.0937,827.0,-0.07309273640933034
2023-06-16 07:00:00,1.0936,1.0961,1.0933,1.0942,1149.0,0.04571637560575326
2023-06-16 11:00:00,1.0941,1.0965,1.0937,1.096,1450.0,0.1645037470297872
2023-06-16 15:00:00,1.0959,1.097,1.0917,1.0923,2436.0,-0.33759124087591186
2023-06-16 19:00:00,1.0924,1.0945,1.0924,1.0934,791.0,0.1007049345417732
2023-06-16 23:00:00,1.0935,1.0941,1.0934,1.094,108.0,0.054874702762042205
2023-06-18 03:00:00,1.094,1.094,1.094,1.094,5.0,0.0
2023-06-18 07:00:00,1.094,1.094,1.094,1.094,1.0,0.0
2023-06-18 19:00:00,1.094,1.094,1.094,1.094,3.0,0.0
2023-06-18 23:00:00,1.0936,1.0942,1.0934,1.0939,234.0,-0.009140767824500351
2023-06-19 03:00:00,1.094,1.0945,1.0933,1.0936,673.0,-0.027424810311749148
2023-06-19 07:00:00,1.0935,1.094,1.0924,1.0928,1007.0,-0.0731528895391298
2023-06-19 11:00:00,1.0929,1.0938,1.0906,1.092,1094.0,-0.07320644216690653
2023-06-19 15:00:00,1.0921,1.0928,1.0911,1.0921,1120.0,0.009157509157509125
2023-06-19 19:00:00,1.0922,1.0925,1.0915,1.0918,243.0,-0.027470011903674152
2023-06-19 23:00:00,1.0917,1.0925,1.0917,1.0923,269.0,0.045795933321124416
2023-06-20 03:00:00,1.0922,1.0925,1.091,1.0919,836.0,-0.03661997619701651
2023-06-20 07:00:00,1.092,1.0945,1.0911,1.0943,1188.0,0.21980034801720727
2023-06-20 11:00:00,1.0944,1.0944,1.0921,1.0928,1121.0,-0.13707392853880007
2023-06-20 15:00:00,1.0929,1.0935,1.0891,1.0899,2316.0,-0.26537335285504726
2023-06-20 19:00:00,1.09,1.0917,1.0895,1.0912,793.0,0.11927699788969459
2023-06-20 23:00:00,1.0911,1.0921,1.0911,1.0919,311.0,0.06414956011731032
2023-06-21 03:00:00,1.0918,1.092,1.0911,1.0914,973.0,-0.04579173917026447
2023-06-21 07:00:00,1.0915,1.0919,1.0905,1.0912,1495.0,-0.018325087044157584
2023-06-21 11:00:00,1.0911,1.0933,1.0908,1.0923,1260.0,0.10080645161292257
2023-06-21 15:00:00,1.0924,1.0963,1.0907,1.095,2486.0,0.24718483932983926
2023-06-21 19:00:00,1.0949,1.0989,1.0949,1.0987,1065.0,0.3378995433789944
2023-06-21 23:00:00,1.0988,1.0991,1.0983,1.0991,425.0,0.036406662419219415
2023-06-22 03:00:00,1.099,1.0994,1.0986,1.0992,491.0,0.009098353198067066
2023-06-22 07:00:00,1.0993,1.0999,1.0979,1.0994,1156.0,0.018195050946134828
2023-06-22 11:00:00,1.0995,1.1011,1.0986,1.0988,1627.0,-0.05457522284881833
2023-06-22 15:00:00,1.0989,1.1001,1.0951,1.0951,2355.0,-0.3367309792500994
2023-06-22 19:00:00,1.095,1.0961,1.0948,1.0957,801.0,0.054789516939091065
2023-06-22 23:00:00,1.0958,1.0958,1.0952,1.0955,399.0,-0.018253171488546993
2023-06-23 03:00:00,1.0954,1.0958,1.0931,1.0935,751.0,-0.18256503879506836
2023-06-23 07:00:00,1.0936,1.0936,1.0853,1.0869,1988.0,-0.6035665294924497
2023-06-23 11:00:00,1.0868,1.0878,1.0843,1.0875,1689.0,0.055202870549253547
2023-06-23 15:00:00,1.0876,1.0902,1.0875,1.0885,2491.0,0.09195402298851629
2023-06-23 19:00:00,1.0886,1.0895,1.0882,1.089,816.0,0.045934772622868714
2023-06-23 23:00:00,1.0889,1.0894,1.0889,1.0894,62.0,0.036730945821861205
2023-06-24 15:00:00,1.0894,1.0894,1.0894,1.0894,4.0,0.0
2023-06-24 19:00:00,1.0894,1.0894,1.0894,1.0894,4.0,0.0
2023-06-24 23:00:00,1.0894,1.0894,1.0894,1.0894,1.0,0.0
2023-06-25 23:00:00,1.0894,1.0906,1.0894,1.0905,341.0,0.10097301266753789
2023-06-26 03:00:00,1.0906,1.0909,1.0898,1.0905,919.0,0.0
2023-06-26 07:00:00,1.0904,1.091,1.0895,1.0901,1335.0,-0.03668042182484177
2023-06-26 11:00:00,1.09,1.0917,1.0887,1.0916,1174.0,0.13760205485733312
2023-06-26 15:00:00,1.0915,1.0919,1.0902,1.0908,1394.0,-0.07328691828507594
2023-06-26 19:00:00,1.0909,1.0914,1.0899,1.0905,956.0,-0.02750275027502136
2023-06-26 23:00:00,1.0906,1.0911,1.0903,1.0909,253.0,0.03668042182485287
2023-06-27 03:00:00,1.0908,1.0934,1.0901,1.0926,985.0,0.15583463195527614
2023-06-27 07:00:00,1.0925,1.0941,1.0915,1.0938,1033.0,0.10982976386602061
2023-06-27 11:00:00,1.0937,1.0952,1.0925,1.0944,1272.0,0.05485463521666123
2023-06-27 15:00:00,1.0943,1.0976,1.0941,1.0959,2621.0,0.13706140350877583
2023-06-27 19:00:00,1.096,1.0965,1.0954,1.0962,767.0,0.02737476047083298
2023-06-27 23:00:00,1.0961,1.0962,1.0954,1.0957,298.0,-0.04561211457764225
2023-06-28 03:00:00,1.0956,1.0961,1.0941,1.095,901.0,-0.06388610020990892
2023-06-28 07:00:00,1.0951,1.0956,1.0935,1.0952,1195.0,0.018264840182635744
2023-06-28 11:00:00,1.0953,1.0961,1.0937,1.094,1552.0,-0.10956902848793248
2023-06-28 15:00:00,1.0941,1.0944,1.0896,1.0902,2537.0,-0.3473491773309023
2023-06-28 19:00:00,1.0903,1.0923,1.0902,1.0915,693.0,0.11924417538065057
2023-06-28 23:00:00,1.0914,1.0918,1.091,1.0914,205.0,-0.009161704076954269
2023-06-29 03:00:00,1.0915,1.0915,1.089,1.0892,1042.0,-0.20157595748580004
2023-06-29 07:00:00,1.0891,1.092,1.088,1.0915,1329.0,0.21116415717958859
2023-06-29 11:00:00,1.0916,1.0939,1.091,1.0938,1161.0,0.2107191937700481
2023-06-29 15:00:00,1.0937,1.094,1.0859,1.0879,3061.0,-0.539403912963976
2023-06-29 19:00:00,1.088,1.0883,1.0865,1.0868,956.0,-0.10111223458039165
2023-06-29 23:00:00,1.0867,1.0869,1.0862,1.0867,292.0,-0.009201324990792958
2023-06-30 03:00:00,1.0868,1.0875,1.0859,1.087,913.0,0.02760651513757928
2023-06-30 07:00:00,1.0871,1.0875,1.0853,1.0856,1225.0,-0.1287948482060819
2023-06-30 11:00:00,1.0855,1.0858,1.0834,1.0853,1299.0,-0.027634487840821897
2023-06-30 15:00:00,1.0855,1.0931,1.0852,1.0918,2916.0,0.5989127430203744
2023-06-30 19:00:00,1.0919,1.0922,1.0908,1.0912,1222.0,-0.05495511998535596
2023-06-30 23:00:00,1.0911,1.0912,1.0907,1.091,147.0,-0.01832844574779502
2023-07-02 19:00:00,1.091,1.091,1.091,1.091,4.0,0.0
2023-07-02 23:00:00,1.091,1.0913,1.0906,1.0907,180.0,-0.02749770852428224
2023-07-03 03:00:00,1.0906,1.0917,1.09,1.0912,644.0,0.04584211973961416
2023-07-03 07:00:00,1.0913,1.0917,1.0869,1.0874,1133.0,-0.3482404692082164
2023-07-03 11:00:00,1.0873,1.0904,1.0872,1.0898,1364.0,0.22070995034026986
2023-07-03 15:00:00,1.0899,1.0933,1.0893,1.0917,2748.0,0.17434391631490076
2023-07-03 19:00:00,1.0916,1.092,1.0908,1.0908,599.0,-0.08244023083263663
2023-07-03 23:00:00,1.0909,1.0915,1.0908,1.0912,146.0,0.03667033370002848
2023-07-04 03:00:00,1.0911,1.0915,1.0902,1.0904,522.0,-0.07331378299119118
2023-07-04 07:00:00,1.0903,1.0914,1.0893,1.0902,976.0,-0.018341892883344535
2023-07-04 11:00:00,1.0901,1.0904,1.0889,1.0897,1004.0,-0.045863144377189524
2023-07-04 15:00:00,1.0898,1.0906,1.0893,1.09,681.0,0.02753051298525211
2023-07-04 19:00:00,1.0899,1.09,1.088,1.0882,301.0,-0.16513761467890076
2023-07-04 23:00:00,1.0881,1.0886,1.0876,1.0882,279.0,0.0
2023-07-05 03:00:00,1.0884,1.089,1.0874,1.0877,600.0,-0.045947436133075836
2023-07-05 07:00:00,1.0876,1.0907,1.0867,1.0885,1452.0,0.07354969201067707
2023-07-05 11:00:00,1.0886,1.0895,1.0865,1.0878,1747.0,-0.06430868167202064
2023-07-05 15:00:00,1.0879,1.0901,1.0864,1.0866,2036.0,-0.11031439602868787
2023-07-05 19:00:00,1.0865,1.0866,1.085,1.0854,790.0,-0.1104362230811784
2023-07-05 23:00:00,1.0855,1.0858,1.0851,1.0855,291.0,0.00921319329278969
2023-07-06 03:00:00,1.0854,1.0855,1.0839,1.0839,696.0,-0.147397512666958
2023-07-06 07:00:00,1.084,1.0874,1.0833,1.0855,1514.0,0.14761509364331626
2023-07-06 11:00:00,1.0854,1.0897,1.0845,1.0894,1831.0,0.359281437125758
2023-07-06 15:00:00,1.0893,1.09,1.0833,1.0871,3999.0,-0.21112539012300147
2023-07-06 19:00:00,1.0872,1.0888,1.087,1.0887,939.0,0.14718057216447367
2023-07-06 23:00:00,1.0886,1.0894,1.0884,1.0889,210.0,0.018370533664002764
2023-07-07 03:00:00,1.089,1.0891,1.0882,1.0887,524.0,-0.01836715951877288
2023-07-07 07:00:00,1.0888,1.0899,1.0871,1.0875,1360.0,-0.11022320198402769
2023-07-07 11:00:00,1.0874,1.0896,1.0866,1.0887,1908.0,0.11034482758620623
2023-07-07 15:00:00,1.0888,1.0963,1.0874,1.0962,3873.0,0.6888950124001259
2023-07-07 19:00:00,1.0963,1.0972,1.0962,1.0966,866.0,0.036489691662100476
2023-07-07 23:00:00,1.0967,1.0968,1.0964,1.0966,65.0,0.0
2023-07-09 23:00:00,1.096,1.0969,1.096,1.0966,416.0,0.0
2023-07-10 03:00:00,1.0967,1.0968,1.0952,1.0955,996.0,-0.10031004924312414
2023-07-10 07:00:00,1.0956,1.0965,1.0944,1.0954,1274.0,-0.009128251939749532
2023-07-10 11:00:00,1.0955,1.0972,1.0952,1.0953,1323.0,-0.00912908526565781
2023-07-10 15:00:00,1.0954,1.0992,1.0943,1.0989,2142.0,0.32867707477404196
2023-07-10 19:00:00,1.099,1.0999,1.0982,1.0997,945.0,0.07280007280006107
2023-07-10 23:00:00,1.0996,1.1005,1.0996,1.1005,221.0,0.07274711284896984
2023-07-11 03:00:00,1.1004,1.1019,1.1001,1.1016,824.0,0.09995456610629727
2023-07-11 07:00:00,1.1017,1.1026,1.1005,1.1007,1544.0,-0.08169934640521737
2023-07-11 11:00:00,1.1006,1.1015,1.0982,1.0983,1580.0,-0.21804306350503566
2023-07-11 15:00:00,1.0984,1.0994,1.0976,1.0991,1854.0,0.07283984339432337
2023-07-11 19:00:00,1.0992,1.1008,1.099,1.1005,665.0,0.12737694477300554
2023-07-11 23:00:00,1.1006,1.1013,1.1004,1.1013,238.0,0.0726942298954869
2023-07-12 03:00:00,1.1012,1.1033,1.1011,1.1029,1101.0,0.14528284754382614
2023-07-12 07:00:00,1.1028,1.1036,1.102,1.1027,1328.0,-0.01813401033637918
2023-07-12 11:00:00,1.1026,1.103,1.1013,1.1014,1326.0,-0.11789244581482672
2023-07-12 15:00:00,1.1015,1.1124,1.1015,1.1121,3787.0,0.9714908298529279
2023-07-12 19:00:00,1.1122,1.1139,1.1119,1.1136,1551.0,0.13487995683840737
2023-07-12 23:00:00,1.1135,1.114,1.1128,1.114,480.0,0.035919540229900626
2023-07-13 03:00:00,1.1139,1.1148,1.1136,1.1145,987.0,0.04488330341112512
2023-07-13 07:00:00,1.1144,1.1157,1.1129,1.1154,1663.0,0.08075370121130021
2023-07-13 11:00:00,1.1155,1.1177,1.1149,1.1174,1728.0,0.17930787161557493
2023-07-13 15:00:00,1.1173,1.1196,1.1161,1.1192,2972.0,0.16108824055844906
2023-07-13 19:00:00,1.1193,1.1226,1.1191,1.1225,989.0,0.29485346676199065
2023-07-13 23:00:00,1.1224,1.1229,1.1213,1.1223,531.0,-0.017817371937633997
2023-07-14 03:00:00,1.1222,1.1242,1.1213,1.124,1130.0,0.15147465027176565
2023-07-14 07:00:00,1.1239,1.1239,1.1204,1.1221,1343.0,-0.16903914590747915
2023-07-14 11:00:00,1.122,1.1244,1.1215,1.1223,1485.0,0.0178237233758205
2023-07-14 15:00:00,1.1224,1.1243,1.1209,1.1235,2883.0,0.10692328254475747
2023-07-14 19:00:00,1.1236,1.1242,1.1225,1.1225,1086.0,-0.08900756564307333
2023-07-14 23:00:00,1.1226,1.1228,1.1224,1.1228,96.0,0.026726057906456546
2023-07-15 15:00:00,1.1228,1.1228,1.1228,1.1228,2.0,0.0
2023-07-16 03:00:00,1.1228,1.1228,1.1228,1.1228,6.0,0.0
2023-07-16 19:00:00,1.1228,1.1228,1.1228,1.1228,11.0,0.0
2023-07-16 23:00:00,1.1227,1.1232,1.1223,1.1226,295.0,-0.01781261132881573
2023-07-17 03:00:00,1.1227,1.1229,1.1214,1.1226,874.0,0.0
2023-07-17 07:00:00,1.1225,1.1244,1.1221,1.1244,1205.0,0.16034206306787535
2023-07-17 11:00:00,1.1243,1.1248,1.1228,1.1233,1295.0,-0.09782995375312575
2023-07-17 15:00:00,1.1234,1.1237,1.1202,1.1234,2162.0,0.008902341315764062
2023-07-17 19:00:00,1.1235,1.1245,1.1229,1.1243,617.0,0.08011393982554349
2023-07-17 23:00:00,1.1242,1.1243,1.1234,1.1236,356.0,-0.0622609623766035
2023-07-18 03:00:00,1.1237,1.1255,1.1234,1.1253,1032.0,0.15129939480242882
2023-07-18 07:00:00,1.1254,1.1275,1.124,1.1253,1706.0,0.0
2023-07-18 11:00:00,1.1252,1.1259,1.1227,1.1253,1758.0,0.0
2023-07-18 15:00:00,1.1254,1.1269,1.1216,1.1221,3863.0,-0.2843686128143452
2023-07-18 19:00:00,1.1222,1.123,1.1208,1.1229,1023.0,0.07129489350323759
2023-07-18 23:00:00,1.123,1.1232,1.1224,1.1227,514.0,-0.017811025024483396
2023-07-19 03:00:00,1.1228,1.1232,1.1215,1.1225,996.0,-0.017814197915733132
2023-07-19 07:00:00,1.1226,1.1236,1.1195,1.1226,2037.0,0.008908685968811447
2023-07-19 11:00:00,1.1225,1.1239,1.1209,1.1212,1630.0,-0.12471049349724872
2023-07-19 15:00:00,1.1213,1.1224,1.1174,1.1193,2536.0,-0.16946129147342726
2023-07-19 19:00:00,1.1194,1.1204,1.1179,1.1203,927.0,0.08934155275619471
2023-07-19 23:00:00,1.1202,1.1204,1.1196,1.1204,354.0,0.008926180487378588
2023-07-20 03:00:00,1.1205,1.1228,1.1203,1.1225,1025.0,0.18743305962156676
2023-07-20 07:00:00,1.1226,1.1226,1.1197,1.1205,1422.0,-0.17817371937639548
2023-07-20 11:00:00,1.1204,1.1216,1.1198,1.1206,1464.0,0.008924587237846282
2023-07-20 15:00:00,1.1205,1.1206,1.1131,1.1134,2714.0,-0.6425129394967088
2023-07-20 19:00:00,1.1135,1.1138,1.1118,1.1131,1025.0,-0.026944494341651914
2023-07-20 23:00:00,1.113,1.1137,1.1128,1.1134,442.0,0.02695175635611946
2023-07-21 03:00:00,1.1133,1.1141,1.1129,1.1135,981.0,0.00898149811388027
2023-07-21 07:00:00,1.1134,1.1144,1.1124,1.1127,1578.0,-0.071845532105963
2023-07-21 11:00:00,1.1126,1.1137,1.1116,1.1117,1990.0,-0.08987148377820331
2023-07-21 15:00:00,1.1118,1.1137,1.1107,1.1119,2152.0,0.01799046505353008
2023-07-21 19:00:00,1.1118,1.1129,1.1115,1.1125,948.0,0.053961687202086495
2023-07-21 23:00:00,1.1124,1.1128,1.1124,1.1125,162.0,0.0
2023-07-23 07:00:00,1.1125,1.1125,1.1125,1.1125,1.0,0.0
2023-07-23 23:00:00,1.1125,1.1131,1.1123,1.1123,436.0,-0.017977528089885286
2023-07-24 03:00:00,1.1124,1.1132,1.1119,1.1125,906.0,0.017980760586167044
2023-07-24 07:00:00,1.1124,1.1146,1.1074,1.108,1823.0,-0.4044943820224689
2023-07-24 11:00:00,1.1081,1.1108,1.1065,1.1096,2201.0,0.14440433212994375
2023-07-24 15:00:00,1.1097,1.1103,1.1068,1.1081,2419.0,-0.13518385003603584
2023-07-24 19:00:00,1.1082,1.1084,1.1059,1.1059,806.0,-0.1985380380832069
2023-07-24 23:00:00,1.106,1.1068,1.1059,1.1062,318.0,0.027127226693179907
2023-07-25 03:00:00,1.1063,1.1081,1.1062,1.1077,1025.0,0.13559934912310556
2023-07-25 07:00:00,1.1076,1.1086,1.1068,1.107,1463.0,-0.06319400559717803
2023-07-25 11:00:00,1.1069,1.107,1.1039,1.1048,1574.0,-0.19873532068653832
2023-07-25 15:00:00,1.1049,1.1053,1.102,1.1048,1707.0,0.0
2023-07-25 19:00:00,1.1049,1.1054,1.1034,1.1051,965.0,0.027154236060833448
2023-07-25 23:00:00,1.1052,1.1057,1.1048,1.1049,398.0,-0.018097909691427994
2023-07-26 03:00:00,1.105,1.1052,1.1037,1.1049,868.0,0.0
2023-07-26 07:00:00,1.1048,1.1074,1.1045,1.1069,1310.0,0.18101185627659166
2023-07-26 11:00:00,1.1068,1.1085,1.1059,1.1062,1327.0,-0.06323967838105515
2023-07-26 15:00:00,1.1061,1.1079,1.1056,1.1076,2005.0,0.12655939251489112
2023-07-26 19:00:00,1.1075,1.1106,1.1056,1.1096,3426.0,0.18057060310581186
2023-07-26 23:00:00,1.1095,1.1096,1.1077,1.1077,419.0,-0.171232876712335
2023-07-27 03:00:00,1.1078,1.1117,1.1077,1.1099,964.0,0.19860973187688646
2023-07-27 07:00:00,1.11,1.1133,1.1087,1.1128,1290.0,0.2612848004324597
2023-07-27 11:00:00,1.1127,1.1149,1.1124,1.1138,1546.0,0.08986340762040523
2023-07-27 15:00:00,1.1137,1.1138,1.0983,1.0996,5164.0,-1.2749147064104904
2023-07-27 19:00:00,1.0997,1.1009,1.0965,1.0966,2287.0,-0.2728264823572135
2023-07-27 23:00:00,1.0965,1.0983,1.0965,1.0977,328.0,0.10031004924311304
2023-07-28 03:00:00,1.0978,1.0987,1.0971,1.0976,1511.0,-0.009109957183195405
2023-07-28 07:00:00,1.0977,1.099,1.0943,1.0951,2933.0,-0.22776967930028258
2023-07-28 11:00:00,1.0952,1.1017,1.0947,1.1008,1900.0,0.5205004109213762
2023-07-28 15:00:00,1.1009,1.1046,1.0992,1.1037,3596.0,0.263444767441845
2023-07-28 19:00:00,1.1038,1.1042,1.1014,1.1022,1075.0,-0.13590649633050678
2023-07-28 23:00:00,1.1021,1.1023,1.1014,1.1016,226.0,-0.05443658138269969
2023-07-30 23:00:00,1.102,1.1027,1.1017,1.1023,398.0,0.06354393609295794
2023-07-31 03:00:00,1.1022,1.1027,1.1008,1.1012,1340.0,-0.09979134536878265
2023-07-31 07:00:00,1.1011,1.1028,1.1004,1.1019,1621.0,0.06356701779877127
2023-07-31 11:00:00,1.1018,1.1039,1.1011,1.1026,1633.0,0.06352663581086215
2023-07-31 15:00:00,1.1025,1.1045,1.1011,1.1018,2304.0,-0.07255577725377993
2023-07-31 19:00:00,1.1019,1.1019,1.0993,1.0994,952.0,-0.21782537665637758
2023-07-31 23:00:00,1.0995,1.1002,1.0993,1.0996,335.0,0.01819174094961351
2023-08-01 03:00:00,1.0997,1.1001,1.0979,1.0985,749.0,-0.10003637686429867
2023-08-01 07:00:00,1.0984,1.0999,1.0969,1.0979,1162.0,-0.054619936276734116
2023-08-01 11:00:00,1.0978,1.0986,1.0965,1.0975,1511.0,-0.036433190636686597
2023-08-01 15:00:00,1.0974,1.0988,1.0951,1.097,2486.0,-0.04555808656035998
2023-08-01 19:00:00,1.0969,1.0984,1.0962,1.0981,988.0,0.10027347310848089
2023-08-01 23:00:00,1.098,1.1019,1.098,1.1007,960.0,0.23677260723067306
2023-08-02 03:00:00,1.1006,1.1006,1.0979,1.0986,1063.0,-0.1907876805669062
2023-08-02 07:00:00,1.0987,1.1,1.0981,1.099,1462.0,0.036409976333517946
2023-08-02 11:00:00,1.0989,1.0992,1.0968,1.0977,1888.0,-0.11828935395815643
2023-08-02 15:00:00,1.0978,1.0986,1.0917,1.0937,2717.0,-0.36439828732804935
2023-08-02 19:00:00,1.0938,1.0957,1.0934,1.0938,837.0,0.009143275121159533
2023-08-02 23:00:00,1.0939,1.0945,1.0934,1.0942,420.0,0.03656975681112229
2023-08-03 03:00:00,1.0941,1.0948,1.093,1.0934,932.0,-0.07311277645769554
2023-08-03 07:00:00,1.0933,1.0942,1.0913,1.0918,1622.0,-0.1463325406987237
2023-08-03 11:00:00,1.0917,1.0948,1.0911,1.0934,1969.0,0.14654698662757148
2023-08-03 15:00:00,1.0933,1.0955,1.0915,1.0946,3315.0,0.1097494055240622
2023-08-03 19:00:00,1.0945,1.0962,1.0938,1.0943,787.0,-0.02740727206285154
2023-08-03 23:00:00,1.0944,1.0953,1.0942,1.095,446.0,0.06396783331810152
2023-08-04 03:00:00,1.0951,1.0961,1.0946,1.0953,1185.0,0.02739726027396472
2023-08-04 07:00:00,1.0954,1.0957,1.0943,1.0947,1428.0,-0.054779512462332924
2023-08-04 11:00:00,1.0946,1.0952,1.0934,1.0937,1319.0,-0.09134922809903578
2023-08-04 15:00:00,1.0936,1.1041,1.0934,1.1034,4151.0,0.8868976867514089
2023-08-04 19:00:00,1.1035,1.1038,1.1003,1.1006,1252.0,-0.2537611020482111
2023-08-04 23:00:00,1.1005,1.1011,1.1003,1.1011,112.0,0.04542976558239431
2023-08-06 07:00:00,1.1011,1.1011,1.1011,1.1011,5.0,0.0
2023-08-06 23:00:00,1.1013,1.1016,1.1,1.1002,403.0,-0.08173644537280422
2023-08-07 03:00:00,1.1001,1.1011,1.0994,1.0995,736.0,-0.06362479549174571
2023-08-07 07:00:00,1.0994,1.0996,1.097,1.0992,1335.0,-0.027285129604359692
2023-08-07 11:00:00,1.0991,1.0991,1.0964,1.0983,1102.0,-0.08187772925762893
2023-08-07 15:00:00,1.0984,1.1011,1.0979,1.0998,1445.0,0.13657470636438962
2023-08-07 19:00:00,1.0997,1.1009,1.0991,1.1003,1069.0,0.04546281142026043
2023-08-07 23:00:00,1.1002,1.1006,1.0998,1.1002,271.0,-0.0090884304280614
2023-08-08 03:00:00,1.1003,1.1004,1.0976,1.0981,1301.0,-0.19087438647518162
2023-08-08 07:00:00,1.098,1.101,1.0973,1.0976,1493.0,-0.04553319369822173
2023-08-08 11:00:00,1.0975,1.0986,1.0936,1.0941,1793.0,-0.31887755102039117
2023-08-08 15:00:00,1.094,1.0955,1.0928,1.0949,2562.0,0.07311945891599336
2023-08-08 19:00:00,1.095,1.0961,1.0947,1.0956,795.0,0.06393277924923169
2023-08-08 23:00:00,1.0957,1.0959,1.0951,1.0958,301.0,0.018254837531972434
2023-08-09 03:00:00,1.0959,1.097,1.0954,1.0966,854.0,0.07300602299689096
2023-08-09 07:00:00,1.0965,1.0984,1.0962,1.0983,1364.0,0.15502462155754237
2023-08-09 11:00:00,1.0984,1.0988,1.0969,1.0969,1534.0,-0.1274697259400992
2023-08-09 15:00:00,1.0968,1.0994,1.0961,1.0973,2093.0,0.03646640532408707
2023-08-09 19:00:00,1.0974,1.0991,1.0972,1.0973,920.0,0.0
2023-08-09 23:00:00,1.0974,1.0981,1.097,1.0976,334.0,0.02733983413834018
2023-08-10 03:00:00,1.0975,1.0981,1.0966,1.0978,867.0,0.01822157434403504
2023-08-10 07:00:00,1.0979,1.1018,1.0978,1.1007,1226.0,0.2641646930223951
2023-08-10 11:00:00,1.1008,1.1029,1.1007,1.1016,1123.0,0.08176614881438837
2023-08-10 15:00:00,1.1015,1.1064,1.1007,1.1014,4521.0,-0.018155410312270526
2023-08-10 19:00:00,1.1015,1.1018,1.0975,1.0978,2017.0,-0.32685672780096153
2023-08-10 23:00:00,1.0979,1.0984,1.0977,1.0981,396.0,0.027327382036790304
2023-08-11 03:00:00,1.098,1.0997,1.0979,1.0986,803.0,0.045533193698199526
2023-08-11 07:00:00,1.0987,1.1001,1.0983,1.0992,1304.0,0.05461496450027692
2023-08-11 11:00:00,1.0991,1.1002,1.0975,1.0996,1434.0,0.03639010189229186
2023-08-11 15:00:00,1.0997,1.1004,1.095,1.0955,3472.0,-0.3728628592215344
2023-08-11 19:00:00,1.0956,1.0964,1.0942,1.0946,772.0,-0.082154267457768
2023-08-11 23:00:00,1.0945,1.0948,1.0944,1.0947,111.0,0.009135757354283847
2023-08-12 07:00:00,1.0947,1.0947,1.0947,1.0947,1.0,0.0
2023-08-13 03:00:00,1.0947,1.0947,1.0947,1.0947,6.0,0.0
2023-08-13 07:00:00,1.0947,1.0947,1.0947,1.0947,1.0,0.0
2023-08-13 11:00:00,1.0947,1.0947,1.0947,1.0947,7.0,0.0
2023-08-13 23:00:00,1.095,1.0953,1.0939,1.0942,311.0,-0.04567461404950679
2023-08-14 03:00:00,1.0943,1.0946,1.0928,1.0931,1165.0,-0.10053006762932304
2023-08-14 07:00:00,1.0932,1.0955,1.0925,1.0951,1323.0,0.18296587686397192
2023-08-14 11:00:00,1.095,1.0959,1.0936,1.0938,1291.0,-0.1187106200346899
2023-08-14 15:00:00,1.0939,1.094,1.0874,1.092,2887.0,-0.1645639056500281
2023-08-14 19:00:00,1.0921,1.0935,1.0902,1.0902,1007.0,-0.16483516483516425
2023-08-14 23:00:00,1.0903,1.0908,1.0902,1.0907,422.0,0.04586314437717842
2023-08-15 03:00:00,1.0908,1.0917,1.09,1.0914,1129.0,0.06417896763546427
2023-08-15 07:00:00,1.0913,1.093,1.0905,1.0923,1578.0,0.08246289169875354
2023-08-15 11:00:00,1.0922,1.0944,1.0917,1.0928,1959.0,0.04577497024627064
2023-08-15 15:00:00,1.0929,1.0951,1.0896,1.0926,3629.0,-0.01830161054172663
2023-08-15 19:00:00,1.0927,1.0927,1.0898,1.0905,915.0,-0.19220208676551387
2023-08-15 23:00:00,1.0904,1.0908,1.0901,1.0903,491.0,-0.018340210912426436
2023-08-16 03:00:00,1.0902,1.0911,1.0898,1.0906,1051.0,0.02751536274419042
2023-08-16 07:00:00,1.0905,1.0926,1.0905,1.0922,1549.0,0.14670823399964839
2023-08-16 11:00:00,1.0923,1.0934,1.0906,1.0913,1451.0,-0.08240249038639069
2023-08-16 15:00:00,1.0912,1.0922,1.0895,1.0901,2725.0,-0.10996059745256304
2023-08-16 19:00:00,1.0902,1.0904,1.0871,1.0874,2041.0,-0.2476836987432507
2023-08-16 23:00:00,1.0873,1.089,1.0873,1.0874,358.0,0.0
2023-08-17 03:00:00,1.0873,1.0874,1.0861,1.0863,1121.0,-0.10115872723927
2023-08-17 07:00:00,1.0862,1.0886,1.0862,1.0879,1600.0,0.1472889625333762
2023-08-17 11:00:00,1.0878,1.0895,1.0863,1.0894,1809.0,0.13788031988233307
2023-08-17 15:00:00,1.0893,1.0917,1.0866,1.0873,2830.0,-0.19276666054709457
2023-08-17 19:00:00,1.0874,1.0889,1.0855,1.0871,1703.0,-0.018394187436765463
2023-08-17 23:00:00,1.087,1.0875,1.0865,1.0874,452.0,0.02759635728084575
2023-08-18 03:00:00,1.0873,1.0893,1.0871,1.0885,1168.0,0.1011587272393033
2023-08-18 07:00:00,1.0886,1.0887,1.0863,1.0872,1798.0,-0.11943040881948752
2023-08-18 11:00:00,1.0873,1.0876,1.0859,1.0862,1459.0,-0.09197939661514942
2023-08-18 15:00:00,1.0863,1.0881,1.0844,1.0873,2565.0,0.10127048425703222
2023-08-18 19:00:00,1.0872,1.088,1.0867,1.0872,1095.0,-0.009197093718382732
2023-08-18 23:00:00,1.0871,1.0873,1.0868,1.0872,149.0,0.0
2023-08-19 03:00:00,1.0872,1.0872,1.0872,1.0872,2.0,0.0
2023-08-20 11:00:00,1.0872,1.0872,1.0872,1.0872,6.0,0.0
2023-08-20 19:00:00,1.0872,1.0872,1.0872,1.0872,6.0,0.0
2023-08-20 23:00:00,1.087,1.0878,1.087,1.0874,255.0,0.018395879323018782
2023-08-21 03:00:00,1.0875,1.0883,1.0869,1.088,966.0,0.055177487585078566
2023-08-21 07:00:00,1.0879,1.0888,1.0872,1.0888,1543.0,0.07352941176470562
2023-08-21 11:00:00,1.0887,1.0913,1.0881,1.0908,1280.0,0.18368846436442876
2023-08-21 15:00:00,1.0909,1.0912,1.0874,1.0887,2185.0,-0.19251925192519392
2023-08-21 19:00:00,1.0888,1.0903,1.0888,1.0895,768.0,0.07348213465601106
2023-08-21 23:00:00,1.0894,1.0901,1.0892,1.0897,265.0,0.018357044515826537
2023-08-22 03:00:00,1.0898,1.0915,1.0892,1.0914,755.0,0.15600624024960652
2023-08-22 07:00:00,1.0915,1.0929,1.0904,1.0925,1096.0,0.10078797874291112
2023-08-22 11:00:00,1.0924,1.0928,1.088,1.0884,1434.0,-0.37528604118992615
2023-08-22 15:00:00,1.0885,1.089,1.0832,1.0845,2460.0,-0.35832414553472747
2023-08-22 19:00:00,1.0844,1.0854,1.0843,1.0845,833.0,0.0
2023-08-22 23:00:00,1.0844,1.0848,1.0843,1.0846,303.0,0.009220839096357736
2023-08-23 03:00:00,1.0845,1.0859,1.0844,1.0857,827.0,0.10141987829614951
2023-08-23 07:00:00,1.0856,1.0871,1.0811,1.0817,1747.0,-0.36842590034079636
2023-08-23 11:00:00,1.0818,1.0829,1.0803,1.081,1685.0,-0.06471295183508863
2023-08-23 15:00:00,1.0811,1.0862,1.0802,1.086,2919.0,0.46253469010177906
2023-08-23 19:00:00,1.0861,1.0869,1.0855,1.0863,1291.0,0.02762430939227123
2023-08-23 23:00:00,1.0862,1.0867,1.086,1.0865,500.0,0.0184111203166637
2023-08-24 03:00:00,1.0864,1.0874,1.0858,1.0865,808.0,0.0
2023-08-24 07:00:00,1.0864,1.0876,1.0851,1.0855,1232.0,-0.09203865623562679
2023-08-24 11:00:00,1.0854,1.0863,1.0841,1.0842,1182.0,-0.11976047904190823
2023-08-24 15:00:00,1.0841,1.0848,1.0813,1.0825,2767.0,-0.156797638812034
2023-08-24 19:00:00,1.0824,1.0827,1.0805,1.0805,766.0,-0.18475750577366945
2023-08-24 23:00:00,1.0804,1.0815,1.0792,1.0798,355.0,-0.06478482184173462
2023-08-25 03:00:00,1.0797,1.0803,1.0779,1.078,794.0,-0.16669753658085096
2023-08-25 07:00:00,1.0781,1.0791,1.0768,1.077,988.0,-0.09276437847867136
2023-08-25 11:00:00,1.0771,1.081,1.0765,1.0801,1433.0,0.28783658310120863
2023-08-25 15:00:00,1.0802,1.0841,1.0765,1.0785,3577.0,-0.1481344319970379
2023-08-25 19:00:00,1.0786,1.0812,1.0785,1.0802,1248.0,0.15762633286973138
2023-08-25 23:00:00,1.0801,1.0802,1.0791,1.0793,101.0,-0.0833179040918508
2023-08-26 07:00:00,1.0793,1.0793,1.0793,1.0793,2.0,0.0
2023-08-26 23:00:00,1.0793,1.0793,1.0793,1.0793,3.0,0.0
2023-08-27 15:00:00,1.0793,1.0793,1.0793,1.0793,5.0,0.0
2023-08-27 23:00:00,1.0796,1.08,1.0793,1.0796,212.0,0.027795793569906913
2023-08-28 03:00:00,1.0795,1.0809,1.0795,1.0809,871.0,0.12041496850685451
2023-08-28 07:00:00,1.0808,1.082,1.0804,1.0808,807.0,-0.009251549634559098
2023-08-28 11:00:00,1.0809,1.0821,1.0798,1.0804,927.0,-0.03700962250184903
2023-08-28 15:00:00,1.0803,1.0813,1.0798,1.0808,1992.0,0.03702332469455172
2023-08-28 19:00:00,1.0809,1.0819,1.0803,1.0817,725.0,0.08327165062917974
2023-08-28 23:00:00,1.0816,1.0829,1.0813,1.0825,262.0,0.07395765924007591
2023-08-29 03:00:00,1.0826,1.0837,1.0821,1.0835,770.0,0.09237875288683473
2023-08-29 07:00:00,1.0834,1.0835,1.0807,1.082,857.0,-0.13844023996306687
2023-08-29 11:00:00,1.0819,1.0822,1.0803,1.0803,1476.0,-0.15711645101663674
2023-08-29 15:00:00,1.0804,1.0856,1.0781,1.0849,3240.0,0.4258076460242455
2023-08-29 19:00:00,1.085,1.0891,1.0846,1.0884,1488.0,0.3226103788367629
2023-08-29 23:00:00,1.0883,1.0885,1.0868,1.0868,491.0,-0.14700477765527964
2023-08-30 03:00:00,1.0869,1.0871,1.0863,1.0868,1016.0,0.0
2023-08-30 07:00:00,1.0867,1.0876,1.0855,1.0863,1636.0,-0.046006624953986996
2023-08-30 11:00:00,1.0864,1.0893,1.0854,1.0878,1434.0,0.13808340237504435
2023-08-30 15:00:00,1.0877,1.0945,1.0874,1.0925,3195.0,0.43206471777899047
2023-08-30 19:00:00,1.0924,1.0932,1.0916,1.0921,1222.0,-0.03661327231120337
2023-08-30 23:00:00,1.092,1.0931,1.092,1.0929,361.0,0.0732533650764422
2023-08-31 03:00:00,1.0928,1.0939,1.0919,1.092,867.0,-0.08234971177599748
2023-08-31 07:00:00,1.0919,1.0924,1.0889,1.0892,1283.0,-0.2564102564102666
2023-08-31 11:00:00,1.0891,1.0892,1.0857,1.0868,1689.0,-0.22034520749173447
2023-08-31 15:00:00,1.0867,1.0884,1.0836,1.0838,3288.0,-0.2760397497239553
2023-08-31 19:00:00,1.0837,1.0853,1.0834,1.0843,903.0,0.046133973057749245
2023-08-31 23:00:00,1.0842,1.0846,1.084,1.0841,440.0,-0.01844507977496468
2023-09-01 03:00:00,1.0842,1.0853,1.0835,1.0841,1030.0,0.0
2023-09-01 07:00:00,1.084,1.0859,1.0828,1.0855,1399.0,0.12913937828611388
2023-09-01 11:00:00,1.0856,1.0856,1.0832,1.0832,1456.0,-0.2118839244587667
2023-09-01 15:00:00,1.0833,1.0881,1.0785,1.0786,4581.0,-0.42466765140324325
2023-09-01 19:00:00,1.0785,1.0788,1.0771,1.0774,874.0,-0.11125533098461649
2023-09-01 23:00:00,1.0775,1.0776,1.0772,1.0773,53.0,-0.009281603861144294
2023-09-02 19:00:00,1.0773,1.0773,1.0773,1.0773,8.0,0.0
2023-09-03 23:00:00,1.0777,1.0781,1.0771,1.0775,204.0,0.018564930845621497
2023-09-04 03:00:00,1.0774,1.0786,1.0772,1.0785,578.0,0.09280742459398805
2023-09-04 07:00:00,1.0784,1.0806,1.078,1.0794,888.0,0.08344923504866042
2023-09-04 11:00:00,1.0795,1.0808,1.079,1.0799,1103.0,0.04632203075785046
2023-09-04 15:00:00,1.08,1.0804,1.0782,1.0798,963.0,-0.009260116677467511
2023-09-04 19:00:00,1.0799,1.0799,1.0791,1.0793,193.0,-0.0463048712724734
2023-09-04 23:00:00,1.0794,1.0797,1.079,1.079,161.0,-0.027795793569906913
2023-09-05 03:00:00,1.0791,1.0797,1.078,1.0788,642.0,-0.01853568118628246
2023-09-05 07:00:00,1.0787,1.0793,1.0754,1.0755,1499.0,-0.30589543937709074
2023-09-05 11:00:00,1.0756,1.0758,1.0728,1.0732,1700.0,-0.21385402138539567
2023-09-05 15:00:00,1.0733,1.0748,1.0706,1.0726,2871.0,-0.0559075661572761
2023-09-05 19:00:00,1.0725,1.0731,1.0718,1.0721,819.0,-0.04661570016780692
2023-09-05 23:00:00,1.072,1.0727,1.0718,1.0724,221.0,0.02798246432236251
2023-09-06 03:00:00,1.0725,1.0733,1.0713,1.0732,880.0,0.07459903021260761
2023-09-06 07:00:00,1.0733,1.0747,1.0723,1.0728,1456.0,-0.0372717107715248
2023-09-06 11:00:00,1.0727,1.0748,1.0723,1.0743,1508.0,0.13982102908278726
2023-09-06 15:00:00,1.0742,1.0745,1.0702,1.0712,2906.0,-0.28855999255330556
2023-09-06 19:00:00,1.0711,1.0729,1.071,1.0726,926.0,0.1306945481702737
2023-09-06 23:00:00,1.0725,1.0727,1.0721,1.0723,271.0,-0.02796942010068193
2023-09-07 03:00:00,1.0722,1.0731,1.0718,1.0729,672.0,0.055954490347853714
2023-09-07 07:00:00,1.0728,1.0729,1.0707,1.0715,1036.0,-0.13048746388294452
2023-09-07 11:00:00,1.0714,1.0717,1.0702,1.0704,1095.0,-0.10265982267847473
2023-09-07 15:00:00,1.0703,1.071,1.0685,1.0703,2613.0,-0.009342301943193743
2023-09-07 19:00:00,1.0702,1.0709,1.0693,1.0694,771.0,-0.08408857329721409
2023-09-07 23:00:00,1.0695,1.0699,1.0693,1.0697,236.0,0.028053113895665227
2023-09-08 03:00:00,1.0696,1.0722,1.0696,1.0716,994.0,0.1776198934280604
2023-09-08 07:00:00,1.0715,1.0727,1.0707,1.0708,1241.0,-0.0746547219111715
2023-09-08 11:00:00,1.0707,1.0716,1.0693,1.0698,1307.0,-0.09338812103099059
2023-09-08 15:00:00,1.0697,1.0743,1.0697,1.0708,2043.0,0.09347541596558262
2023-09-08 19:00:00,1.0707,1.0713,1.0696,1.0698,792.0,-0.09338812103099059
2023-09-08 23:00:00,1.0699,1.0702,1.0698,1.07,130.0,0.018695083193120965
2023-09-10 11:00:00,1.07,1.07,1.07,1.07,5.0,0.0
2023-09-10 23:00:00,1.0714,1.072,1.0707,1.0715,534.0,0.14018691588784105
2023-09-11 03:00:00,1.0716,1.0727,1.0709,1.0722,1229.0,0.06532897806814653
2023-09-11 07:00:00,1.0721,1.074,1.0721,1.0725,1832.0,0.02797985450475604
2023-09-11 11:00:00,1.0726,1.0733,1.0717,1.0719,1439.0,-0.055944055944046056
2023-09-11 15:00:00,1.0718,1.0758,1.0715,1.0742,2169.0,0.21457225487451215
2023-09-11 19:00:00,1.0743,1.0757,1.0742,1.0748,879.0,0.05585552038724906
2023-09-11 23:00:00,1.0749,1.0752,1.0745,1.0747,309.0,-0.009304056568659735
2023-09-12 03:00:00,1.0746,1.0768,1.0737,1.0746,1102.0,-0.009304922303898788
2023-09-12 07:00:00,1.0745,1.0746,1.0711,1.0713,1197.0,-0.30709101060860666
2023-09-12 11:00:00,1.0712,1.0725,1.0708,1.0717,1434.0,0.037337813871007874
2023-09-12 15:00:00,1.0716,1.0729,1.0705,1.0725,1850.0,0.07464775590182438
2023-09-12 19:00:00,1.0726,1.0737,1.0721,1.0727,848.0,0.018648018648015352
2023-09-12 23:00:00,1.0728,1.0764,1.0727,1.0752,471.0,0.23305677262981384
2023-09-13 03:00:00,1.0753,1.0764,1.0744,1.0746,986.0,-0.05580357142856984
2023-09-13 07:00:00,1.0747,1.0754,1.073,1.0742,1114.0,-0.03722315280103583
2023-09-13 11:00:00,1.0743,1.0744,1.0728,1.0736,1462.0,-0.05585552038726016
2023-09-13 15:00:00,1.0735,1.076,1.071,1.0735,3861.0,-0.009314456035791618
2023-09-13 19:00:00,1.0736,1.0748,1.0727,1.0731,924.0,-0.0372612948299933
2023-09-13 23:00:00,1.073,1.0734,1.0728,1.0732,381.0,0.009318796011559272
2023-09-14 03:00:00,1.0733,1.0746,1.0729,1.0744,958.0,0.1118151323145744
2023-09-14 07:00:00,1.0743,1.0751,1.0732,1.0733,991.0,-0.10238272524200065
2023-09-14 11:00:00,1.0732,1.0739,1.0724,1.073,1472.0,-0.0279511786080322
2023-09-14 15:00:00,1.0729,1.0747,1.0653,1.0658,4823.0,-0.6710158434296232
2023-09-14 19:00:00,1.0659,1.0662,1.0631,1.0642,1190.0,-0.15012197410396722
2023-09-14 23:00:00,1.0641,1.0646,1.0638,1.0639,160.0,-0.02819018981393695
2023-09-14 23:00:00,1.0641,1.0646,1.0634,1.0634,310.0,-0.04699689820473196
2023-09-15 03:00:00,1.0635,1.0647,1.0632,1.0647,890.0,0.12224938875307068
2023-09-15 07:00:00,1.0646,1.0667,1.0644,1.0663,1137.0,0.1502770733539993
2023-09-15 11:00:00,1.0664,1.0668,1.0652,1.0654,988.0,-0.0844040138797797
2023-09-15 15:00:00,1.0653,1.0687,1.0644,1.0671,2467.0,0.1595644828233489
2023-09-15 19:00:00,1.0672,1.0679,1.0659,1.0659,716.0,-0.11245431543434048
2023-09-15 23:00:00,1.066,1.0662,1.0656,1.0662,119.0,0.028145229383613746
2023-09-17 07:00:00,1.0662,1.0662,1.0662,1.0662,1.0,0.0
2023-09-17 11:00:00,1.0662,1.0662,1.0662,1.0662,8.0,0.0
2023-09-17 19:00:00,1.0662,1.0662,1.0662,1.0662,1.0,0.0
2023-09-17 23:00:00,1.066,1.0668,1.066,1.0667,201.0,0.04689551678858095
2023-09-18 03:00:00,1.0668,1.0673,1.066,1.0663,562.0,-0.037498828161619535
2023-09-18 07:00:00,1.0662,1.0677,1.0657,1.0661,782.0,-0.018756447528833764
2023-09-18 11:00:00,1.066,1.0674,1.0655,1.0663,1028.0,0.018759966232062553
2023-09-18 15:00:00,1.0662,1.0698,1.0654,1.0693,1883.0,0.28134671293256197
2023-09-18 19:00:00,1.0694,1.0697,1.0677,1.0686,711.0,-0.06546338726268752
2023-09-18 23:00:00,1.0687,1.0693,1.0684,1.0691,238.0,0.04679019277558094
2023-09-19 03:00:00,1.0692,1.0696,1.068,1.0682,493.0,-0.08418295762789851
2023-09-19 07:00:00,1.0683,1.0694,1.0674,1.0693,775.0,0.1029769706047512
2023-09-19 11:00:00,1.0692,1.0709,1.0681,1.0708,1079.0,0.1402786869914907
2023-09-19 15:00:00,1.0707,1.0717,1.0679,1.0682,2026.0,-0.24280911468060884
2023-09-19 19:00:00,1.0681,1.0691,1.0675,1.068,820.0,-0.0187230855644982
2023-09-19 23:00:00,1.0679,1.0683,1.0678,1.068,287.0,0.0
2023-09-20 03:00:00,1.0681,1.0689,1.0677,1.0679,719.0,-0.00936329588014928
2023-09-20 07:00:00,1.0678,1.0692,1.0672,1.069,1316.0,0.10300589942877636
2023-09-20 11:00:00,1.0689,1.0704,1.0689,1.0701,1008.0,0.10289990645464542
2023-09-20 15:00:00,1.0702,1.0726,1.0691,1.0713,1439.0,0.11213905242499767
2023-09-20 19:00:00,1.0714,1.0736,1.0657,1.0658,3306.0,-0.5133949407262084
2023-09-20 23:00:00,1.0657,1.0663,1.0647,1.0649,454.0,-0.08444361043349335
2023-09-21 03:00:00,1.0648,1.0649,1.0616,1.0636,929.0,-0.12207719034650344
2023-09-21 07:00:00,1.0635,1.0657,1.0632,1.0654,1199.0,0.1692365550958863
2023-09-21 11:00:00,1.0655,1.0664,1.0633,1.0635,1946.0,-0.17833677492021804
2023-09-21 15:00:00,1.0634,1.0673,1.0624,1.0662,3010.0,0.25387870239774735
2023-09-21 19:00:00,1.0663,1.067,1.0654,1.0659,1076.0,-0.02813731007315079
2023-09-21 23:00:00,1.0658,1.0663,1.0657,1.0659,381.0,0.0
2023-09-22 03:00:00,1.066,1.0662,1.064,1.0651,791.0,-0.0750539450229959
2023-09-22 07:00:00,1.0652,1.0667,1.0614,1.0647,2025.0,-0.0375551591399792
2023-09-22 11:00:00,1.0648,1.0651,1.0633,1.0636,1310.0,-0.1033154879308662
2023-09-22 15:00:00,1.0637,1.0671,1.0637,1.0659,1784.0,0.21624670928921397
2023-09-22 19:00:00,1.0658,1.0661,1.0638,1.0643,1001.0,-0.15010789004596958
2023-09-22 23:00:00,1.0644,1.0646,1.0641,1.0643,76.0,0.0
2023-09-24 15:00:00,1.0643,1.0643,1.0643,1.0643,12.0,0.0
2023-09-24 19:00:00,1.0643,1.0643,1.0643,1.0643,2.0,0.0
2023-09-24 23:00:00,1.0652,1.0653,1.0646,1.0647,204.0,0.037583388142437
2023-09-25 03:00:00,1.0648,1.0655,1.0642,1.0647,701.0,0.0
2023-09-25 07:00:00,1.0646,1.0652,1.0631,1.0637,811.0,-0.09392317084623292
2023-09-25 11:00:00,1.0638,1.0643,1.0623,1.063,1344.0,-0.06580802857949486
2023-09-25 15:00:00,1.0631,1.0634,1.0575,1.0589,2063.0,-0.3857008466603973
2023-09-25 19:00:00,1.059,1.0598,1.0585,1.0592,602.0,0.028331287184801823
2023-09-25 23:00:00,1.0591,1.0596,1.0589,1.059,306.0,-0.01888217522658664
2023-09-26 03:00:00,1.0591,1.0591,1.0578,1.0585,925.0,-0.047214353163360645
2023-09-26 07:00:00,1.0586,1.0592,1.0569,1.0584,1146.0,-0.009447331128953351
2023-09-26 11:00:00,1.0585,1.0602,1.0582,1.0598,1028.0,0.1322751322751392
2023-09-26 15:00:00,1.0599,1.0608,1.0567,1.0572,1735.0,-0.2453293074165086
2023-09-26 19:00:00,1.0573,1.0576,1.0561,1.0569,764.0,-0.02837684449489286
2023-09-26 23:00:00,1.057,1.0574,1.0567,1.0568,306.0,-0.009461633077867404
2023-09-27 03:00:00,1.0567,1.0571,1.0555,1.0561,677.0,-0.06623769871308971
2023-09-27 07:00:00,1.0562,1.0573,1.0554,1.0565,811.0,0.037875201212012044
2023-09-27 11:00:00,1.0564,1.0569,1.0534,1.0539,1092.0,-0.24609559867486697
2023-09-27 15:00:00,1.054,1.055,1.0507,1.0508,2255.0,-0.2941455546067062
2023-09-27 19:00:00,1.0509,1.0518,1.0487,1.0505,1731.0,-0.02854967643699524
2023-09-27 23:00:00,1.0504,1.0509,1.0497,1.0504,365.0,-0.009519276534986076
2023-09-28 03:00:00,1.0505,1.0515,1.0498,1.0503,627.0,-0.00952018278750355
2023-09-28 07:00:00,1.0502,1.0518,1.049,1.0508,1339.0,0.04760544606301487
2023-09-28 11:00:00,1.0507,1.0547,1.0504,1.054,1701.0,0.3045298819946751
2023-09-28 15:00:00,1.0541,1.0578,1.0517,1.0575,3469.0,0.33206831119545477
2023-09-28 19:00:00,1.0576,1.0577,1.0549,1.0563,1375.0,-0.11347517730497803
2023-09-28 23:00:00,1.0562,1.0567,1.0559,1.0561,347.0,-0.01893401495787206
2023-09-29 03:00:00,1.0562,1.0582,1.0557,1.0575,478.0,0.13256320424201995
2023-09-29 07:00:00,1.0574,1.061,1.0574,1.0605,1193.0,0.28368794326241176
2023-09-29 11:00:00,1.0604,1.0616,1.0589,1.0593,1602.0,-0.11315417256012594
2023-09-29 15:00:00,1.0594,1.0609,1.0569,1.0582,3371.0,-0.10384215991691148
2023-09-29 19:00:00,1.0583,1.0586,1.0563,1.0572,1522.0,-0.0945000945001051
2023-09-29 23:00:00,1.0571,1.0575,1.0569,1.0572,118.0,0.0
2023-10-01 03:00:00,1.0572,1.0572,1.0572,1.0572,7.0,0.0
2023-10-01 11:00:00,1.0572,1.0572,1.0572,1.0572,2.0,0.0
2023-10-01 19:00:00,1.0572,1.0572,1.0572,1.0572,8.0,0.0
2023-10-01 23:00:00,1.057,1.0572,1.0557,1.0563,322.0,-0.08513053348466748
2023-10-02 03:00:00,1.0564,1.057,1.0561,1.0569,434.0,0.056802044873616175
2023-10-02 07:00:00,1.0568,1.0591,1.0559,1.0571,1081.0,0.018923266155734808
2023-10-02 11:00:00,1.0572,1.0577,1.0529,1.0531,1481.0,-0.3783937186642716
2023-10-02 15:00:00,1.0532,1.0537,1.0491,1.0498,2866.0,-0.3133605545532103
2023-10-02 19:00:00,1.0497,1.0504,1.048,1.048,1289.0,-0.17146123071061226
2023-10-02 23:00:00,1.0481,1.0488,1.0474,1.0479,543.0,-0.009541984732819309
2023-10-03 03:00:00,1.048,1.048,1.0463,1.0468,769.0,-0.10497184845883467
2023-10-03 07:00:00,1.0467,1.0483,1.0459,1.0482,1325.0,0.13374092472298038
2023-10-03 11:00:00,1.0481,1.0493,1.0468,1.0473,1578.0,-0.08586147681741707
2023-10-03 15:00:00,1.0474,1.0485,1.0447,1.0452,4113.0,-0.20051561157261588
2023-10-03 19:00:00,1.0453,1.0479,1.0451,1.0471,1723.0,0.18178339073862126
2023-10-03 23:00:00,1.047,1.0473,1.0462,1.0468,275.0,-0.02865055868589428
2023-10-04 03:00:00,1.0467,1.0475,1.0456,1.0458,860.0,-0.09552923194496854
2023-10-04 07:00:00,1.0459,1.0485,1.0451,1.0484,1314.0,0.24861350162554974
2023-10-04 11:00:00,1.0483,1.0516,1.0478,1.0497,1870.0,0.12399847386495022
2023-10-04 15:00:00,1.0496,1.0531,1.0482,1.0517,3702.0,0.19053062779841312
2023-10-04 19:00:00,1.0516,1.0521,1.0497,1.0514,1477.0,-0.028525244841703934
2023-10-04 23:00:00,1.0515,1.0515,1.0502,1.0506,331.0,-0.07608902415825458
2023-10-05 03:00:00,1.0505,1.0528,1.0501,1.0524,758.0,0.17133066818961762
2023-10-05 07:00:00,1.0525,1.0525,1.0501,1.0508,948.0,-0.15203344735842395
2023-10-05 11:00:00,1.0507,1.0524,1.0502,1.0523,1736.0,0.1427483821849984
2023-10-05 15:00:00,1.0524,1.0536,1.0499,1.0525,3421.0,0.019005986885867188
2023-10-05 19:00:00,1.0524,1.0551,1.0523,1.0549,1539.0,0.22802850356293813
2023-10-05 23:00:00,1.0548,1.0551,1.0543,1.0546,321.0,-0.028438714570100387
2023-10-06 03:00:00,1.0545,1.0547,1.0537,1.0542,754.0,-0.03792907263416856
2023-10-06 07:00:00,1.0541,1.055,1.0531,1.0549,901.0,0.06640106241699861
2023-10-06 11:00:00,1.055,1.0566,1.0541,1.0565,1397.0,0.15167314437387613
2023-10-06 15:00:00,1.0566,1.0599,1.0482,1.0594,5243.0,0.27449124467580077
2023-10-06 19:00:00,1.0593,1.0599,1.0575,1.0589,1723.0,-0.04719652633565774
2023-10-06 23:00:00,1.0588,1.0589,1.0582,1.0583,96.0,-0.05666257436962585
2023-10-07 23:00:00,1.0583,1.0583,1.0583,1.0583,1.0,0.0
2023-10-08 07:00:00,1.0583,1.0583,1.0583,1.0583,4.0,0.0
2023-10-08 11:00:00,1.0583,1.0583,1.0583,1.0583,4.0,0.0
2023-10-08 23:00:00,1.0583,1.0583,1.0548,1.0566,685.0,-0.16063498062931503
2023-10-09 03:00:00,1.0565,1.0574,1.0551,1.0551,953.0,-0.14196479273140827
2023-10-09 07:00:00,1.0552,1.0558,1.0519,1.0522,1198.0,-0.2748554639370626
2023-10-09 11:00:00,1.0521,1.0544,1.0519,1.0527,1257.0,0.04751948298802322
2023-10-09 15:00:00,1.0526,1.0557,1.0522,1.0539,2195.0,0.11399259048163746
2023-10-09 19:00:00,1.0538,1.0569,1.0534,1.0568,1137.0,0.27516842205141945
2023-10-09 23:00:00,1.0567,1.0579,1.0559,1.0578,321.0,0.09462528387587099
2023-10-10 03:00:00,1.0579,1.0582,1.0565,1.0569,997.0,-0.08508224617130855
2023-10-10 07:00:00,1.0568,1.0572,1.0553,1.0571,1556.0,0.018923266155734808
2023-10-10 11:00:00,1.057,1.061,1.0569,1.0575,1852.0,0.03783937186645492
2023-10-10 15:00:00,1.0576,1.0619,1.0573,1.0616,2657.0,0.3877068557919694
2023-10-10 19:00:00,1.0617,1.0619,1.0592,1.0604,1475.0,-0.11303692539563759
2023-10-10 23:00:00,1.0603,1.0609,1.0599,1.0603,229.0,-0.009430403621268901
2023-10-11 03:00:00,1.0604,1.0613,1.06,1.0604,767.0,0.009431293030282006
2023-10-11 07:00:00,1.0605,1.0627,1.0595,1.0599,1238.0,-0.04715201810636671
2023-10-11 11:00:00,1.0598,1.0614,1.0592,1.0603,1695.0,0.03773940937823461
2023-10-11 15:00:00,1.0602,1.0634,1.058,1.0612,3118.0,0.08488163727247144
2023-10-11 19:00:00,1.0611,1.0615,1.0584,1.0612,1377.0,0.0
2023-10-11 23:00:00,1.0611,1.0625,1.0611,1.0622,242.0,0.09423294383716918
2023-10-12 03:00:00,1.0621,1.0628,1.0619,1.0628,826.0,0.05648653737524434
2023-10-12 07:00:00,1.0627,1.0639,1.0619,1.0619,1021.0,-0.08468197214902551
2023-10-12 11:00:00,1.062,1.0626,1.0612,1.0619,1083.0,0.0
2023-10-12 15:00:00,1.0618,1.0625,1.0544,1.0552,3392.0,-0.6309445333835706
2023-10-12 19:00:00,1.0551,1.056,1.0525,1.053,1503.0,-0.20849128127369276
2023-10-12 23:00:00,1.0529,1.0537,1.0526,1.0535,302.0,0.04748338081672632
2023-10-13 03:00:00,1.0536,1.0547,1.0534,1.0545,620.0,0.09492168960607561
2023-10-13 07:00:00,1.0544,1.0557,1.0531,1.0551,996.0,0.056899004267418896
2023-10-13 11:00:00,1.0552,1.0558,1.0513,1.0524,1507.0,-0.2558999147000196
2023-10-13 15:00:00,1.0525,1.0547,1.0495,1.05,2818.0,-0.22805017103761926
2023-10-13 19:00:00,1.0499,1.0515,1.0499,1.0513,1257.0,0.12380952380950383
2023-10-13 23:00:00,1.0512,1.0513,1.0505,1.0506,105.0,-0.0665842290497376
2023-10-14 03:00:00,1.0506,1.0506,1.0506,1.0506,1.0,0.0
2023-10-14 11:00:00,1.0506,1.0506,1.0506,1.0506,14.0,0.0
2023-10-15 23:00:00,1.0513,1.0525,1.0509,1.0521,488.0,0.14277555682467025
2023-10-16 03:00:00,1.0522,1.0525,1.0515,1.0523,720.0,0.019009599847930048
2023-10-16 07:00:00,1.0522,1.0537,1.0521,1.0533,967.0,0.09502993442933594
2023-10-16 11:00:00,1.0534,1.0542,1.0523,1.0536,1210.0,0.028481913984634843
2023-10-16 15:00:00,1.0537,1.0554,1.0525,1.0544,2033.0,0.07593014426725553
2023-10-16 19:00:00,1.0543,1.0562,1.0539,1.0562,740.0,0.17071320182093785
2023-10-16 23:00:00,1.0561,1.0561,1.0552,1.0553,258.0,-0.08521113425489224
2023-10-17 03:00:00,1.0554,1.056,1.0545,1.0549,814.0,-0.037903913579073745
2023-10-17 07:00:00,1.0548,1.0554,1.0533,1.0547,1020.0,-0.018959143046737292
2023-10-17 11:00:00,1.0548,1.0578,1.0532,1.0574,1535.0,0.25599696596187993
2023-10-17 15:00:00,1.0573,1.0592,1.0537,1.0591,2972.0,0.1607717041800738
2023-10-17 19:00:00,1.0592,1.0594,1.0563,1.0576,1279.0,-0.14162968558207867
2023-10-17 23:00:00,1.0575,1.0577,1.0571,1.0572,331.0,-0.037821482602129475
2023-10-18 03:00:00,1.0573,1.0578,1.056,1.0575,987.0,0.028376844494903963
2023-10-18 07:00:00,1.0576,1.0593,1.057,1.0577,1119.0,0.01891252955081857
2023-10-18 11:00:00,1.0578,1.0586,1.0551,1.056,1379.0,-0.1607261038101604
2023-10-18 15:00:00,1.0559,1.0573,1.0525,1.0531,2498.0,-0.2746212121212288
2023-10-18 19:00:00,1.053,1.0553,1.0522,1.0535,1577.0,0.03798309752161
2023-10-18 23:00:00,1.0534,1.0539,1.0533,1.0537,252.0,0.018984337921224004
2023-10-19 03:00:00,1.0538,1.0541,1.0532,1.0533,850.0,-0.03796146910887144
2023-10-19 07:00:00,1.0532,1.0547,1.0527,1.0536,1164.0,0.028481913984634843
2023-10-19 11:00:00,1.0537,1.0563,1.0529,1.0557,1359.0,0.19931662870158462
2023-10-19 15:00:00,1.0556,1.0581,1.0555,1.0569,2336.0,0.11366865586812658
2023-10-19 19:00:00,1.0568,1.0615,1.0555,1.0586,3928.0,0.16084776232379028
2023-10-19 23:00:00,1.0587,1.0588,1.0577,1.0586,375.0,0.0
2023-10-20 03:00:00,1.0585,1.0586,1.0568,1.0575,800.0,-0.10391082561872489
2023-10-20 07:00:00,1.0574,1.0578,1.0564,1.057,1122.0,-0.04728132387707973
2023-10-20 11:00:00,1.0569,1.0598,1.0568,1.059,1328.0,0.18921475875117721
2023-10-20 15:00:00,1.0591,1.06,1.0564,1.059,2538.0,0.0
2023-10-20 19:00:00,1.0589,1.0603,1.058,1.0591,1208.0,0.009442870632669909
2023-10-20 23:00:00,1.0592,1.0595,1.0591,1.0595,80.0,0.03776791615524022
2023-10-22 07:00:00,1.0595,1.0595,1.0595,1.0595,1.0,0.0
2023-10-22 19:00:00,1.0595,1.0595,1.0595,1.0595,9.0,0.0
2023-10-22 23:00:00,1.0594,1.0597,1.0588,1.0589,320.0,-0.0566304860783573
2023-10-23 03:00:00,1.0588,1.0589,1.0573,1.0574,473.0,-0.14165643592407573
2023-10-23 07:00:00,1.0573,1.0597,1.0571,1.0597,873.0,0.2175146585965848
2023-10-23 11:00:00,1.0598,1.0614,1.059,1.0601,1514.0,0.03774653203736378
2023-10-23 15:00:00,1.0602,1.0646,1.059,1.0645,2238.0,0.4150551834732452
2023-10-23 19:00:00,1.0644,1.0677,1.064,1.0665,1221.0,0.18788163457021945
2023-10-23 23:00:00,1.0664,1.0671,1.0663,1.0669,294.0,0.037505860290676374
2023-10-24 03:00:00,1.067,1.0686,1.0666,1.0682,787.0,0.12184834567439129
2023-10-24 07:00:00,1.0681,1.0693,1.0656,1.0661,1050.0,-0.1965923984272644
2023-10-24 11:00:00,1.066,1.0661,1.0621,1.0634,1406.0,-0.25325954413283336
2023-10-24 15:00:00,1.0635,1.0636,1.0582,1.0593,2669.0,-0.38555576452886653
2023-10-24 19:00:00,1.0594,1.0601,1.0583,1.0591,1228.0,-0.018880392712161687
2023-10-24 23:00:00,1.0592,1.0594,1.0588,1.0594,543.0,0.028325937116413513
2023-10-25 03:00:00,1.0595,1.0604,1.0589,1.0601,623.0,0.06607513686993638
2023-10-25 07:00:00,1.0602,1.0606,1.0577,1.0586,779.0,-0.14149608527498359
2023-10-25 11:00:00,1.0585,1.0596,1.0565,1.0572,1070.0,-0.13225014169658822
2023-10-25 15:00:00,1.0573,1.0595,1.0566,1.0582,2192.0,0.09458948164964287
2023-10-25 19:00:00,1.0583,1.0585,1.0565,1.0567,1175.0,-0.1417501417501521
2023-10-25 23:00:00,1.0566,1.0574,1.0559,1.0565,376.0,-0.018926847733502505
2023-10-26 03:00:00,1.0566,1.0568,1.054,1.0546,735.0,-0.17983909133932885
2023-10-26 07:00:00,1.0547,1.0549,1.0532,1.0547,1159.0,0.009482268158533813
2023-10-26 11:00:00,1.0546,1.0552,1.053,1.0535,875.0,-0.11377642931638121
2023-10-26 15:00:00,1.0536,1.0559,1.0522,1.0531,3325.0,-0.03796867584244801
2023-10-26 19:00:00,1.053,1.0564,1.0524,1.0556,1323.0,0.23739435951002363
2023-10-26 23:00:00,1.0555,1.0565,1.0554,1.0563,449.0,0.06631299734747298
2023-10-27 03:00:00,1.0562,1.0566,1.0552,1.0564,611.0,0.009467007478924927
2023-10-27 07:00:00,1.0563,1.0569,1.0551,1.0557,993.0,-0.06626277925028123
2023-10-27 11:00:00,1.0556,1.0566,1.0534,1.0536,956.0,-0.19892014776925482
2023-10-27 15:00:00,1.0537,1.0596,1.0535,1.059,2759.0,0.5125284738040969
2023-10-27 19:00:00,1.0591,1.0596,1.0556,1.057,1253.0,-0.18885741265344258
2023-10-27 23:00:00,1.0569,1.0569,1.0562,1.0564,151.0,-0.05676442762534428
2023-10-29 03:00:00,1.0564,1.0564,1.0564,1.0564,6.0,0.0
2023-10-29 14:00:00,1.0564,1.0564,1.0564,1.0564,6.0,0.0
2023-10-29 18:00:00,1.0564,1.0564,1.0564,1.0564,9.0,0.0
2023-10-29 22:00:00,1.0563,1.0565,1.0557,1.0561,173.0,-0.02839833396440783
2023-10-30 02:00:00,1.056,1.0565,1.0554,1.056,617.0,-0.009468800303003011
2023-10-30 06:00:00,1.0559,1.0567,1.0552,1.0556,582.0,-0.037878787878786735
2023-10-30 10:00:00,1.0551,1.0595,1.0546,1.0584,1229.0,0.2652519893899141
2023-10-30 14:00:00,1.0585,1.0624,1.0581,1.0618,2176.0,0.32123960695389364
2023-10-30 18:00:00,1.0619,1.0621,1.0599,1.0616,1111.0,-0.018835938971550892
2023-10-30 22:00:00,1.0617,1.0617,1.0611,1.0613,242.0,-0.02825923134892605
2023-10-31 02:00:00,1.0612,1.0613,1.059,1.0594,814.0,-0.17902572316970122
2023-10-31 06:00:00,1.0593,1.0625,1.059,1.062,799.0,0.24542193694545578
2023-10-31 10:00:00,1.0621,1.0674,1.0615,1.0655,1661.0,0.3295668549905706
2023-10-31 14:00:00,1.0654,1.066,1.0565,1.0566,2723.0,-0.8352885969028501
2023-10-31 18:00:00,1.0567,1.0585,1.0557,1.058,1314.0,0.13250047321597958
2023-10-31 22:00:00,1.0581,1.0583,1.0569,1.0577,356.0,-0.02835538752362643
2023-11-01 02:00:00,1.0576,1.058,1.0566,1.057,679.0,-0.06618133686301375
2023-11-01 06:00:00,1.0569,1.0577,1.0558,1.0564,629.0,-0.05676442762534428
2023-11-01 10:00:00,1.0565,1.0567,1.054,1.0542,920.0,-0.20825444907232038
2023-11-01 14:00:00,1.0543,1.057,1.0521,1.0536,2726.0,-0.05691519635742104
2023-11-01 18:00:00,1.0537,1.057,1.0516,1.0566,3194.0,0.28473804100226374
2023-11-01 22:00:00,1.0567,1.0586,1.0566,1.0586,456.0,0.18928639030852956
2023-11-02 02:00:00,1.0587,1.0601,1.0583,1.0599,695.0,0.12280370300397081
2023-11-02 06:00:00,1.0598,1.0609,1.0593,1.0602,704.0,0.02830455703368706
2023-11-02 10:00:00,1.0603,1.0638,1.059,1.0633,1477.0,0.29239766081869956
2023-11-02 14:00:00,1.0634,1.0667,1.0616,1.0616,2515.0,-0.1598796200507624
2023-11-02 18:00:00,1.0617,1.0632,1.061,1.0622,1069.0,0.05651846269780769
2023-11-02 22:00:00,1.0621,1.0624,1.0615,1.0615,629.0,-0.0659009602711258
2023-11-03 02:00:00,1.0616,1.0628,1.0614,1.0625,390.0,0.09420631182288641
2023-11-03 06:00:00,1.0624,1.0633,1.0624,1.0628,506.0,0.02823529411764003
2023-11-03 10:00:00,1.0629,1.0652,1.0619,1.0646,1189.0,0.16936394429807322
2023-11-03 14:00:00,1.0645,1.0734,1.0645,1.0731,3859.0,0.7984219425136052
2023-11-03 18:00:00,1.0732,1.0746,1.0721,1.0724,1222.0,-0.0652315720808816
2023-11-03 22:00:00,1.0725,1.0732,1.0724,1.0727,85.0,0.02797463632973063
2023-11-05 06:00:00,1.0727,1.0727,1.0727,1.0727,13.0,0.0
2023-11-05 10:00:00,1.0727,1.0727,1.0727,1.0727,1.0,0.0
2023-11-05 22:00:00,1.0725,1.0733,1.0723,1.0731,170.0,0.03728908362077288
2023-11-05 22:00:00,1.0725,1.0726,1.0724,1.0725,23.0,-0.05591277606932232
2023-11-06 02:00:00,1.073,1.0733,1.0721,1.0733,614.0,0.07459207459206141
2023-11-06 06:00:00,1.0734,1.0743,1.0731,1.0732,609.0,-0.009317059536007033
2023-11-06 10:00:00,1.0733,1.0755,1.0731,1.075,1076.0,0.1677226984718727
2023-11-06 14:00:00,1.0751,1.0753,1.0725,1.0743,1486.0,-0.06511627906976569
2023-11-06 18:00:00,1.0742,1.0748,1.0721,1.0723,824.0,-0.18616773713115986
2023-11-06 22:00:00,1.0722,1.0723,1.0715,1.0717,414.0,-0.05595449034784261
2023-11-07 02:00:00,1.0718,1.0718,1.0705,1.0708,685.0,-0.0839787253895774
2023-11-07 06:00:00,1.0709,1.0711,1.0691,1.0696,818.0,-0.11206574523718871
2023-11-07 10:00:00,1.0697,1.0705,1.0665,1.0673,1230.0,-0.21503365744205416
2023-11-07 14:00:00,1.0674,1.0689,1.0663,1.0684,1662.0,0.10306380586526664
2023-11-07 18:00:00,1.0685,1.0704,1.0672,1.0694,1442.0,0.09359790340695007
2023-11-07 22:00:00,1.0693,1.0701,1.0689,1.0695,524.0,0.009351037965221742
2023-11-08 02:00:00,1.0694,1.0698,1.0685,1.0689,604.0,-0.05610098176717093
2023-11-08 06:00:00,1.0688,1.0692,1.0675,1.068,581.0,-0.08419870895312043
2023-11-08 10:00:00,1.0679,1.0682,1.0658,1.0676,1200.0,-0.03745318352059712
2023-11-08 14:00:00,1.0675,1.0707,1.0659,1.0704,1624.0,0.26227051330085516
2023-11-08 18:00:00,1.0705,1.0715,1.07,1.0701,1288.0,-0.02802690582959233
2023-11-08 22:00:00,1.0702,1.071,1.0699,1.071,459.0,0.0841042893187538
2023-11-09 02:00:00,1.0711,1.0715,1.0702,1.0707,550.0,-0.028011204481792618
2023-11-09 06:00:00,1.0708,1.0711,1.0701,1.0704,589.0,-0.028019052956007595
2023-11-09 10:00:00,1.0705,1.0709,1.068,1.0687,1106.0,-0.15881913303438244
2023-11-09 14:00:00,1.0688,1.0725,1.0686,1.0714,1980.0,0.25264339852155704
2023-11-09 18:00:00,1.0715,1.0716,1.0659,1.0667,2527.0,-0.4386783647563841
2023-11-09 22:00:00,1.0668,1.0675,1.0662,1.0666,669.0,-0.009374707040399333
2023-11-10 02:00:00,1.0665,1.0674,1.0662,1.0669,495.0,0.0281267579223643
2023-11-10 06:00:00,1.0668,1.0671,1.0655,1.0662,563.0,-0.0656106476708107
2023-11-10 10:00:00,1.0663,1.0688,1.0663,1.0676,1164.0,0.13130744700806662
2023-11-10 14:00:00,1.0677,1.0692,1.0662,1.0669,1887.0,-0.06556762832522489
2023-11-10 18:00:00,1.0668,1.0687,1.0662,1.0679,1152.0,0.0937294966726121
2023-11-10 22:00:00,1.0678,1.0687,1.0676,1.0683,217.0,0.03745669070136515
2023-11-11 10:00:00,1.0683,1.0683,1.0683,1.0683,5.0,0.0
2023-11-11 14:00:00,1.0683,1.0683,1.0683,1.0683,6.0,0.0
2023-11-11 18:00:00,1.0683,1.0683,1.0683,1.0683,2.0,0.0
2023-11-12 18:00:00,1.0683,1.0683,1.0683,1.0683,6.0,0.0
2023-11-12 22:00:00,1.0684,1.069,1.0682,1.069,300.0,0.06552466535616475
2023-11-13 02:00:00,1.0689,1.069,1.068,1.0685,382.0,-0.046772684752094396
2023-11-13 06:00:00,1.0684,1.0697,1.0683,1.0692,568.0,0.06551240056151819
2023-11-13 10:00:00,1.0691,1.0701,1.0684,1.0686,1034.0,-0.056116722783383644
2023-11-13 14:00:00,1.0687,1.0692,1.0664,1.0689,1684.0,0.028074115665344124
2023-11-13 18:00:00,1.0688,1.0705,1.0684,1.0701,936.0,0.11226494527085684
2023-11-13 22:00:00,1.07,1.0703,1.0697,1.07,413.0,-0.009344921035414622
2023-11-14 02:00:00,1.0701,1.0701,1.0694,1.0696,468.0,-0.037383177570093906
2023-11-14 06:00:00,1.0695,1.0709,1.0692,1.0706,492.0,0.09349289454001486
2023-11-14 10:00:00,1.0707,1.073,1.0695,1.0718,1106.0,0.11208668036615244
2023-11-14 14:00:00,1.0719,1.0841,1.0716,1.0837,3344.0,1.110281768986754
2023-11-14 18:00:00,1.0838,1.0882,1.0836,1.0881,1479.0,0.40601642520992076
2023-11-14 22:00:00,1.088,1.0887,1.0873,1.0877,385.0,-0.03676132708392288
2023-11-15 02:00:00,1.0876,1.0882,1.0865,1.0881,517.0,0.03677484600534964
2023-11-15 06:00:00,1.0882,1.0883,1.0864,1.0872,650.0,-0.08271298593880427
2023-11-15 10:00:00,1.0873,1.0878,1.0843,1.0865,1397.0,-0.06438557763059904
2023-11-15 14:00:00,1.0866,1.0884,1.0831,1.0864,2663.0,-0.00920386562356379
2023-11-15 18:00:00,1.0865,1.0868,1.084,1.0845,1266.0,-0.17488954344624386
2023-11-15 22:00:00,1.0846,1.0853,1.0842,1.0853,489.0,0.07376671277086189
2023-11-16 02:00:00,1.0854,1.0855,1.0829,1.0832,667.0,-0.19349488620657995
2023-11-16 06:00:00,1.0831,1.0845,1.0831,1.084,488.0,0.07385524372232055
2023-11-16 10:00:00,1.0841,1.086,1.0838,1.0851,994.0,0.1014760147601379
2023-11-16 14:00:00,1.0852,1.0895,1.0838,1.0877,2458.0,0.23960925260344546
2023-11-16 18:00:00,1.0878,1.0882,1.0846,1.0855,1166.0,-0.20226165302932309
2023-11-16 22:00:00,1.0856,1.0857,1.0844,1.0852,543.0,-0.027637033625049767
2023-11-17 02:00:00,1.0853,1.0856,1.0848,1.0853,441.0,0.009214891264286429
2023-11-17 06:00:00,1.0854,1.0855,1.0834,1.0837,572.0,-0.14742467520499902
2023-11-17 10:00:00,1.0836,1.0874,1.0824,1.0865,1544.0,0.2583740887699415
2023-11-17 14:00:00,1.0864,1.0892,1.0857,1.0886,2164.0,0.19328117809480627
2023-11-17 18:00:00,1.0887,1.0904,1.0874,1.0899,1035.0,0.11941943781004216
2023-11-17 22:00:00,1.0898,1.0913,1.0896,1.0913,248.0,0.12845215157353262
2023-11-18 06:00:00,1.0913,1.0913,1.0913,1.0913,1.0,0.0
2023-11-18 10:00:00,1.0913,1.0913,1.0913,1.0913,6.0,0.0
2023-11-19 18:00:00,1.0913,1.0913,1.0913,1.0913,9.0,0.0
2023-11-19 22:00:00,1.0913,1.0913,1.0903,1.0905,223.0,-0.07330706496837536
2023-11-20 02:00:00,1.0904,1.0924,1.0897,1.0923,700.0,0.16506189821183792
2023-11-20 06:00:00,1.0924,1.0935,1.0912,1.0915,740.0,-0.07323995239404413
2023-11-20 10:00:00,1.0916,1.0939,1.0915,1.0922,1233.0,0.06413192853871319
2023-11-20 14:00:00,1.0921,1.0945,1.0918,1.0937,1608.0,0.1373374839772845
2023-11-20 18:00:00,1.0938,1.0951,1.0934,1.0946,1246.0,0.08228947609034698
2023-11-20 22:00:00,1.0945,1.0947,1.0937,1.0944,521.0,-0.018271514708567693
2023-11-21 02:00:00,1.0945,1.0963,1.0941,1.0963,886.0,0.17361111111111605
2023-11-21 06:00:00,1.0962,1.0964,1.095,1.0953,990.0,-0.09121590805437618
2023-11-21 10:00:00,1.0954,1.0963,1.0938,1.0938,1105.0,-0.1369487811558323
2023-11-21 14:00:00,1.0939,1.096,1.0931,1.0933,2043.0,-0.045712196013913964
2023-11-21 18:00:00,1.0932,1.0943,1.0899,1.0914,1372.0,-0.17378578615201423
2023-11-21 22:00:00,1.0913,1.0918,1.0908,1.0916,547.0,0.018325087044157584
2023-11-22 02:00:00,1.0917,1.0922,1.0908,1.0913,633.0,-0.02748259435690903
2023-11-22 06:00:00,1.0914,1.0916,1.0895,1.0914,853.0,0.00916338312104692
2023-11-22 10:00:00,1.0915,1.0919,1.0882,1.0899,1260.0,-0.1374381528312152
2023-11-22 14:00:00,1.0898,1.0917,1.0852,1.0865,2733.0,-0.31195522525002684
2023-11-22 18:00:00,1.0864,1.0887,1.0861,1.0883,1189.0,0.165669581224126
2023-11-22 22:00:00,1.0882,1.0889,1.0881,1.0887,384.0,0.03675457134981741
2023-11-23 02:00:00,1.0888,1.0905,1.0887,1.0904,353.0,0.1561495361440235
2023-11-23 06:00:00,1.0905,1.0917,1.09,1.0913,544.0,0.0825385179750393
2023-11-23 10:00:00,1.0912,1.0929,1.0895,1.0914,1561.0,0.00916338312104692
2023-11-23 14:00:00,1.0913,1.0914,1.0886,1.0909,977.0,-0.04581271761040506
2023-11-23 18:00:00,1.0908,1.0909,1.0902,1.0903,264.0,-0.05500045833715106
2023-11-23 22:00:00,1.0902,1.0907,1.0902,1.0903,155.0,0.0
2023-11-24 02:00:00,1.0904,1.091,1.0894,1.0898,445.0,-0.045858937906995134
2023-11-24 06:00:00,1.0899,1.0911,1.0897,1.0907,543.0,0.08258396035969451
2023-11-24 10:00:00,1.0906,1.092,1.0901,1.0913,1126.0,0.05501054368752811
2023-11-24 14:00:00,1.0912,1.0944,1.0906,1.0939,1700.0,0.23824796114726432
2023-11-24 18:00:00,1.0938,1.0948,1.0927,1.0945,756.0,0.05484962062345389
2023-11-24 22:00:00,1.0946,1.0947,1.0935,1.094,287.0,-0.04568296025582175
2023-11-25 18:00:00,1.094,1.094,1.094,1.094,9.0,0.0
2023-11-26 22:00:00,1.0944,1.0947,1.0938,1.0939,167.0,-0.009140767824500351
2023-11-27 02:00:00,1.094,1.0949,1.0926,1.0944,689.0,0.045708017186218974
2023-11-27 06:00:00,1.0945,1.0958,1.0941,1.0946,702.0,0.01827485380117011
2023-11-27 10:00:00,1.0945,1.0956,1.0938,1.0953,1065.0,0.06395030147998693
2023-11-27 14:00:00,1.0952,1.0954,1.0924,1.0932,2066.0,-0.19172829361818744
2023-11-27 18:00:00,1.0933,1.0956,1.0927,1.0955,1145.0,0.21039151115989085
2023-11-27 22:00:00,1.0954,1.0958,1.0948,1.0958,350.0,0.0273847558192708
2023-11-28 02:00:00,1.0959,1.0962,1.0953,1.0954,462.0,-0.036503011498467686
2023-11-28 06:00:00,1.0953,1.0954,1.0934,1.0936,430.0,-0.16432353478181838
2023-11-28 10:00:00,1.0937,1.0957,1.0937,1.0949,1111.0,0.1188734455010998
2023-11-28 14:00:00,1.0948,1.1001,1.0944,1.098,2473.0,0.28313087953237837
2023-11-28 18:00:00,1.0981,1.1008,1.0972,1.099,1970.0,0.09107468123861207
2023-11-28 22:00:00,1.0989,1.1005,1.0975,1.1003,561.0,0.11828935395814533
2023-11-29 02:00:00,1.1004,1.1016,1.0997,1.0997,909.0,-0.05453058256840171
2023-11-29 06:00:00,1.0996,1.1004,1.0979,1.0979,921.0,-0.16368100391014329
2023-11-29 10:00:00,1.0976,1.0998,1.0968,1.0984,1662.0,0.04554148829583049
2023-11-29 14:00:00,1.0983,1.0994,1.0959,1.0973,2938.0,-0.10014566642390088
2023-11-29 18:00:00,1.0974,1.0994,1.0961,1.0982,1224.0,0.08201950241502054
2023-11-29 22:00:00,1.0981,1.0983,1.0968,1.0972,494.0,-0.09105809506466667
2023-11-30 02:00:00,1.0973,1.0983,1.0966,1.0973,661.0,0.00911410864017359
2023-11-30 06:00:00,1.0974,1.0981,1.094,1.0951,868.0,-0.20049211701448355
2023-11-30 10:00:00,1.095,1.0958,1.0908,1.0915,1620.0,-0.3287371016345575
2023-11-30 14:00:00,1.0916,1.0949,1.0891,1.091,3203.0,-0.04580852038478245
2023-11-30 18:00:00,1.0909,1.0916,1.0883,1.0889,1594.0,-0.19248395967003118
2023-11-30 22:00:00,1.089,1.0894,1.0878,1.0891,630.0,0.01836715951877288
2023-12-01 02:00:00,1.0892,1.0912,1.0891,1.09,613.0,0.08263703975761594
2023-12-01 06:00:00,1.0899,1.0911,1.0894,1.0894,852.0,-0.05504587155964469
2023-12-01 10:00:00,1.0895,1.0904,1.0882,1.0896,1480.0,0.018358729575917998
2023-12-01 14:00:00,1.0897,1.09,1.0832,1.0837,2643.0,-0.5414831130689968
2023-12-01 18:00:00,1.0835,1.0892,1.0828,1.0871,2532.0,0.3137399649349337
2023-12-01 22:00:00,1.0872,1.0881,1.087,1.088,289.0,0.08278907184253725
2023-12-03 10:00:00,1.088,1.088,1.088,1.088,10.0,0.0
2023-12-03 18:00:00,1.088,1.088,1.088,1.088,10.0,0.0
2023-12-03 22:00:00,1.0879,1.0894,1.0878,1.0885,481.0,0.04595588235294379
2023-12-04 02:00:00,1.0884,1.0886,1.0866,1.0879,982.0,-0.05512172714744468
2023-12-04 06:00:00,1.088,1.088,1.0849,1.0853,855.0,-0.23899255446273582
2023-12-04 10:00:00,1.0854,1.088,1.0854,1.0868,1326.0,0.13821063300469838
2023-12-04 14:00:00,1.0867,1.0875,1.0803,1.0814,2627.0,-0.4968715495031306
2023-12-04 18:00:00,1.0813,1.0828,1.0811,1.0827,1255.0,0.12021453671167137
2023-12-04 22:00:00,1.0828,1.0837,1.0827,1.0836,382.0,0.08312551953448821
2023-12-05 02:00:00,1.0837,1.0845,1.0834,1.084,706.0,0.03691399040237631
2023-12-05 06:00:00,1.0839,1.0847,1.0803,1.0806,948.0,-0.3136531365313666
2023-12-05 10:00:00,1.0807,1.0842,1.0805,1.0818,1593.0,0.1110494169905607
2023-12-05 14:00:00,1.0819,1.0838,1.0798,1.0805,2943.0,-0.12017008689222397
2023-12-05 18:00:00,1.0806,1.0812,1.0777,1.0783,1718.0,-0.20360944007403736
2023-12-05 22:00:00,1.0782,1.0798,1.0781,1.0792,387.0,0.08346471297411284
2023-12-06 02:00:00,1.0793,1.0798,1.0787,1.0796,620.0,0.03706449221645425
2023-12-06 06:00:00,1.0795,1.0801,1.0777,1.0789,813.0,-0.06483882919599004
2023-12-06 10:00:00,1.0788,1.0797,1.0774,1.0779,1375.0,-0.09268699601444608
2023-12-06 14:00:00,1.0778,1.0803,1.0772,1.0789,2159.0,0.09277298450689475
2023-12-06 18:00:00,1.079,1.0799,1.0766,1.0767,1132.0,-0.20391139123180357
2023-12-06 22:00:00,1.0768,1.0769,1.0758,1.0765,436.0,-0.018575276307231103
2023-12-07 02:00:00,1.0766,1.0771,1.0759,1.0759,518.0,-0.05573618207151965
2023-12-07 06:00:00,1.076,1.078,1.0754,1.078,910.0,0.19518542615484247
2023-12-07 10:00:00,1.0779,1.0784,1.0763,1.077,1692.0,-0.09276437847867136
2023-12-07 14:00:00,1.0769,1.0797,1.0759,1.0783,2700.0,0.12070566388115989
2023-12-07 18:00:00,1.0784,1.0817,1.0784,1.0797,1719.0,0.1298339979597607
2023-12-07 22:00:00,1.0798,1.0803,1.0789,1.0789,598.0,-0.07409465592295161
2023-12-08 02:00:00,1.079,1.08,1.0783,1.0791,1213.0,0.018537399202900318
2023-12-08 06:00:00,1.079,1.0791,1.0772,1.0778,1011.0,-0.1204707626725865
2023-12-08 10:00:00,1.0779,1.079,1.0772,1.0782,1515.0,0.03711263685284294
2023-12-08 14:00:00,1.0783,1.0785,1.0723,1.0767,3666.0,-0.13912075681692393
2023-12-08 18:00:00,1.0768,1.0769,1.0739,1.0758,1192.0,-0.08358874338254552
2023-12-08 22:00:00,1.0757,1.0766,1.0756,1.0762,220.0,0.037181632273641796
2023-12-10 18:00:00,1.0762,1.0762,1.0762,1.0762,15.0,0.0
2023-12-10 22:00:00,1.0757,1.0767,1.0757,1.0764,147.0,0.01858390633711071
2023-12-11 02:00:00,1.0765,1.0773,1.0763,1.0764,703.0,0.0
2023-12-11 06:00:00,1.0763,1.077,1.0752,1.0755,565.0,-0.08361204013379586
2023-12-11 10:00:00,1.0754,1.0778,1.075,1.0767,1285.0,0.11157601115761029
2023-12-11 14:00:00,1.0768,1.0769,1.0741,1.0743,1535.0,-0.22290331568681765
2023-12-11 18:00:00,1.0744,1.0769,1.0741,1.076,1067.0,0.15824257656149587
2023-12-11 22:00:00,1.0761,1.0764,1.0758,1.0764,362.0,0.037174721189581206
2023-12-12 02:00:00,1.0765,1.0769,1.076,1.0767,461.0,0.02787068004459492
2023-12-12 06:00:00,1.0768,1.0782,1.0763,1.0777,644.0,0.09287638153618882
2023-12-12 10:00:00,1.0776,1.0806,1.0772,1.0795,1176.0,0.167022362438507
2023-12-12 14:00:00,1.0796,1.0827,1.0766,1.0783,2979.0,-0.11116257526631035
2023-12-12 18:00:00,1.0784,1.0798,1.078,1.0789,1393.0,0.055643141982741895
2023-12-12 22:00:00,1.079,1.0798,1.0788,1.0797,540.0,0.07414959681157907
2023-12-13 02:00:00,1.0798,1.0799,1.0783,1.0786,519.0,-0.10188015189405153
2023-12-13 06:00:00,1.0785,1.0791,1.0779,1.0784,657.0,-0.018542555164102748
2023-12-13 10:00:00,1.0783,1.0792,1.0772,1.0783,1304.0,-0.009272997032638841
2023-12-13 14:00:00,1.0782,1.0809,1.078,1.0794,1719.0,0.10201242696836754
2023-12-13 18:00:00,1.0793,1.0891,1.0779,1.0887,2820.0,0.8615897720956056
2023-12-13 22:00:00,1.0888,1.0896,1.0864,1.0882,1678.0,-0.04592633416000691
2023-12-14 02:00:00,1.0883,1.0914,1.0878,1.0905,1388.0,0.21135820621209778
2023-12-14 06:00:00,1.0906,1.0909,1.088,1.088,1626.0,-0.22925263640530824
2023-12-14 10:00:00,1.0881,1.0931,1.0879,1.0929,2200.0,0.4503676470588136
2023-12-14 14:00:00,1.0933,1.0996,1.0906,1.0993,4539.0,0.5855979504071795
2023-12-14 18:00:00,1.0992,1.1008,1.0979,1.0991,1701.0,-0.018193395797327927
2023-12-14 22:00:00,1.099,1.0996,1.0987,1.0992,746.0,0.009098353198067066
2023-12-15 02:00:00,1.0993,1.1,1.0976,1.0998,806.0,0.05458515283844889
2023-12-15 06:00:00,1.0997,1.1003,1.098,1.0993,1031.0,-0.04546281142027153
2023-12-15 10:00:00,1.0994,1.0998,1.0946,1.0967,2172.0,-0.23651414536522974
2023-12-15 14:00:00,1.0968,1.0969,1.0903,1.0915,3076.0,-0.474149721892958
2023-12-15 18:00:00,1.0914,1.0916,1.0888,1.0899,1615.0,-0.1465872652313127
2023-12-15 22:00:00,1.0898,1.0908,1.0891,1.0895,490.0,-0.036700614735307724
2023-12-17 02:00:00,1.0895,1.0895,1.0895,1.0895,5.0,0.0
2023-12-17 06:00:00,1.0895,1.0895,1.0895,1.0895,1.0,0.0
2023-12-17 14:00:00,1.0895,1.0895,1.0895,1.0895,6.0,0.0
2023-12-17 22:00:00,1.0895,1.0898,1.0891,1.0894,258.0,-0.009178522257913269
2023-12-18 02:00:00,1.0895,1.0913,1.0893,1.091,584.0,0.14686983660732178
2023-12-18 06:00:00,1.0909,1.0929,1.0908,1.0921,582.0,0.10082493125573855
2023-12-18 10:00:00,1.092,1.0927,1.0906,1.0912,1377.0,-0.08241003571102246
2023-12-18 14:00:00,1.0914,1.093,1.0908,1.0913,1666.0,0.009164222873891958
2023-12-18 18:00:00,1.0914,1.0927,1.0912,1.0916,1110.0,0.02749014936314076
2023-12-18 22:00:00,1.0915,1.0924,1.0913,1.0922,664.0,0.05496518871381806
2023-12-19 02:00:00,1.0921,1.0928,1.0914,1.0925,950.0,0.027467496795452462
2023-12-19 06:00:00,1.0924,1.094,1.0919,1.0927,1026.0,0.018306636155607237
2023-12-19 10:00:00,1.0928,1.0948,1.0926,1.0936,1373.0,0.08236478447880557
2023-12-19 14:00:00,1.0937,1.0986,1.0937,1.0985,2113.0,0.4480614484272172
2023-12-19 18:00:00,1.0984,1.0985,1.0969,1.0975,1080.0,-0.0910332271279124
2023-12-19 22:00:00,1.0976,1.0984,1.0971,1.0978,387.0,0.027334851936244853
2023-12-20 02:00:00,1.0979,1.0979,1.0966,1.0969,598.0,-0.08198214611041532
2023-12-20 06:00:00,1.0968,1.097,1.095,1.0966,775.0,-0.027349803993070854
2023-12-20 10:00:00,1.0965,1.097,1.0935,1.0937,1575.0,-0.26445376618640104
2023-12-20 14:00:00,1.0936,1.0974,1.0933,1.0973,1868.0,0.3291579043613435
2023-12-20 18:00:00,1.0974,1.0975,1.0942,1.0946,1211.0,-0.24605850724505052
2023-12-20 22:00:00,1.0945,1.0948,1.0929,1.0942,1047.0,-0.036543029417135386
2023-12-21 02:00:00,1.0943,1.0953,1.094,1.0948,671.0,0.054834582343255
2023-12-21 06:00:00,1.0947,1.0955,1.0942,1.0946,704.0,-0.01826817683594495
2023-12-21 10:00:00,1.0945,1.0984,1.0934,1.0979,1431.0,0.30147999269141135
2023-12-21 14:00:00,1.098,1.1001,1.0972,1.0989,2756.0,0.09108297659166098
2023-12-21 18:00:00,1.0988,1.1,1.0977,1.0998,1884.0,0.08190008190009923
2023-12-21 22:00:00,1.0997,1.1012,1.0992,1.1005,679.0,0.0636479359883646
2023-12-22 02:00:00,1.1006,1.1009,1.0995,1.0997,528.0,-0.07269422989550911
2023-12-22 06:00:00,1.0998,1.1007,1.0993,1.0999,587.0,0.018186778212259114
2023-12-22 10:00:00,1.1,1.1029,1.0998,1.1025,1546.0,0.23638512592052408
2023-12-22 14:00:00,1.1026,1.1039,1.1001,1.101,2492.0,-0.13605442176871652
2023-12-22 18:00:00,1.1011,1.1023,1.0999,1.1015,1696.0,0.04541326067211138
2023-12-22 22:00:00,1.1014,1.1015,1.1007,1.1012,306.0,-0.02723558783477298
2023-12-24 10:00:00,1.1012,1.1012,1.1012,1.1012,1.0,0.0
2023-12-25 18:00:00,1.1012,1.1012,1.1012,1.1012,9.0,0.0
2023-12-25 22:00:00,1.1012,1.1012,1.1012,1.1012,2.0,0.0
2023-12-26 06:00:00,1.1026,1.1026,1.102,1.1021,294.0,0.08172902288414718
2023-12-26 10:00:00,1.1022,1.1026,1.1009,1.1013,593.0,-0.07258869431087112
2023-12-26 14:00:00,1.1012,1.1032,1.1008,1.1024,1091.0,0.09988195768637631
2023-12-26 18:00:00,1.1023,1.1044,1.1023,1.1043,887.0,0.17235123367198568
2023-12-26 22:00:00,1.1044,1.1044,1.1039,1.1042,427.0,-0.00905551027799989
2023-12-27 02:00:00,1.1041,1.1042,1.1028,1.1036,672.0,-0.054337982249608174
2023-12-27 06:00:00,1.1037,1.1048,1.1036,1.104,499.0,0.03624501631027677
2023-12-27 10:00:00,1.1039,1.1059,1.1037,1.1058,988.0,0.1630434782608603
2023-12-27 14:00:00,1.1057,1.1115,1.1048,1.1106,1649.0,0.43407487791644606
2023-12-27 18:00:00,1.1107,1.1122,1.1098,1.1101,1312.0,-0.04502070952637771
2023-12-27 22:00:00,1.1102,1.1109,1.11,1.1107,459.0,0.054049184758131474
2023-12-28 02:00:00,1.1108,1.1122,1.1108,1.1118,529.0,0.0990366435581036
2023-12-28 06:00:00,1.1117,1.1125,1.1104,1.1116,562.0,-0.017988846914906986
2023-12-28 10:00:00,1.1115,1.1139,1.1104,1.1119,1391.0,0.026988125224924886
2023-12-28 14:00:00,1.1118,1.1119,1.1071,1.1106,2024.0,-0.11691698893786517
2023-12-28 18:00:00,1.1105,1.1105,1.1054,1.1064,1374.0,-0.3781739600216105
2023-12-28 22:00:00,1.1065,1.107,1.1059,1.1067,529.0,0.027114967462038564
2023-12-29 02:00:00,1.1066,1.1083,1.1063,1.1064,750.0,-0.02710761724044053
2023-12-29 06:00:00,1.1065,1.1075,1.106,1.1065,614.0,0.00903832248735359
2023-12-29 10:00:00,1.1064,1.1077,1.1043,1.1076,1401.0,0.099412562132839
2023-12-29 14:00:00,1.1075,1.108,1.1042,1.1046,2196.0,-0.2708559046587067
2023-12-29 18:00:00,1.1045,1.1066,1.1037,1.104,1793.0,-0.05431830526887449
2023-12-29 22:00:00,1.1039,1.105,1.1033,1.1038,341.0,-0.018115942029006682
2023-12-30 22:00:00,1.1038,1.1038,1.1038,1.1038,1.0,0.0
2024-01-02 06:00:00,1.1032,1.1037,1.1014,1.1016,587.0,-0.19931146946911005
2024-01-02 10:00:00,1.1017,1.1038,1.0966,1.0968,1889.0,-0.43572984749454813
2024-01-02 14:00:00,1.0969,1.0971,1.094,1.0943,2563.0,-0.22793581327498202
2024-01-02 18:00:00,1.0944,1.0961,1.094,1.0946,1580.0,0.027414785707757794
2024-01-02 22:00:00,1.0945,1.095,1.0938,1.0941,481.0,-0.04567878677141923
2024-01-03 02:00:00,1.0942,1.0961,1.094,1.096,710.0,0.17365871492551754
2024-01-03 06:00:00,1.0959,1.0962,1.095,1.0959,797.0,-0.00912408759123906
2024-01-03 10:00:00,1.096,1.0964,1.0915,1.0919,1632.0,-0.3649968062779507
2024-01-03 14:00:00,1.092,1.0938,1.0897,1.0904,2946.0,-0.1373752175107712
2024-01-03 18:00:00,1.0905,1.0925,1.0892,1.0917,2372.0,0.11922230374172837
2024-01-03 22:00:00,1.0918,1.0927,1.0912,1.0925,1006.0,0.07328020518457823
2024-01-04 02:00:00,1.0926,1.093,1.0915,1.0925,788.0,0.0
2024-01-04 06:00:00,1.0926,1.0943,1.092,1.0937,885.0,0.10983981693362121
2024-01-04 10:00:00,1.0938,1.0971,1.0934,1.0947,1755.0,0.09143275121148431
2024-01-04 14:00:00,1.0946,1.0964,1.0932,1.0954,2468.0,0.06394445966930729
2024-01-04 18:00:00,1.0955,1.0963,1.0941,1.0946,1318.0,-0.07303268212524028
2024-01-04 22:00:00,1.0947,1.095,1.0942,1.0946,543.0,0.0
2024-01-05 02:00:00,1.0945,1.0955,1.0938,1.0938,624.0,-0.07308605883427077
2024-01-05 06:00:00,1.0939,1.094,1.0922,1.0922,750.0,-0.14627902724447805
2024-01-05 10:00:00,1.0923,1.093,1.0902,1.0913,1458.0,-0.08240249038639069
2024-01-05 14:00:00,1.0914,1.0998,1.0876,1.0977,4734.0,0.5864565197470917
2024-01-05 18:00:00,1.0978,1.098,1.0934,1.0944,2271.0,-0.300628587045626
2024-01-05 22:00:00,1.0943,1.0946,1.0935,1.094,410.0,-0.03654970760234022
2024-01-07 02:00:00,1.094,1.094,1.094,1.094,10.0,0.0
2024-01-07 22:00:00,1.0943,1.0945,1.0934,1.0941,196.0,0.009140767824500351
2024-01-08 02:00:00,1.094,1.0952,1.0931,1.0932,489.0,-0.08225939128051474
2024-01-08 06:00:00,1.0933,1.0951,1.093,1.0944,694.0,0.1097694840834329
2024-01-08 10:00:00,1.0943,1.095,1.0922,1.0937,1642.0,-0.06396198830410649
2024-01-08 14:00:00,1.0938,1.0974,1.0936,1.0969,2194.0,0.2925848038767498
2024-01-08 18:00:00,1.097,1.0978,1.0948,1.096,1188.0,-0.08204941197920146
2024-01-08 22:00:00,1.0959,1.096,1.0948,1.0949,585.0,-0.10036496350366297
2024-01-09 02:00:00,1.0948,1.0965,1.0948,1.0962,937.0,0.11873230432004611
2024-01-09 06:00:00,1.0961,1.0962,1.0945,1.0956,796.0,-0.05473453749317292
2024-01-09 10:00:00,1.0955,1.0956,1.0928,1.0931,1445.0,-0.22818546914932236
2024-01-09 14:00:00,1.093,1.095,1.0917,1.0917,2330.0,-0.128076113804787
2024-01-09 18:00:00,1.0916,1.0939,1.091,1.0924,1421.0,0.06412017953651983
2024-01-09 22:00:00,1.0925,1.0932,1.0924,1.0931,617.0,0.06407909190770944
2024-01-10 02:00:00,1.0932,1.0935,1.0925,1.0928,841.0,-0.027444881529592458
2024-01-10 06:00:00,1.0929,1.0944,1.0923,1.0925,805.0,-0.027452415812589948
2024-01-10 10:00:00,1.0926,1.0955,1.0922,1.0945,1412.0,0.18306636155607237
2024-01-10 14:00:00,1.0946,1.0968,1.0931,1.0967,1597.0,0.20100502512563345
2024-01-10 18:00:00,1.0966,1.097,1.0952,1.0969,1219.0,0.018236527765114197
2024-01-10 22:00:00,1.097,1.0974,1.0961,1.0973,732.0,0.03646640532408707
2024-01-11 02:00:00,1.0974,1.0984,1.0972,1.0979,480.0,0.054679668276702564
2024-01-11 06:00:00,1.098,1.0988,1.0974,1.0979,527.0,0.0
2024-01-11 10:00:00,1.0978,1.0982,1.0958,1.0978,1243.0,-0.009108297659166098
2024-01-11 14:00:00,1.0979,1.0999,1.0929,1.0946,4423.0,-0.2914920750592187
2024-01-11 18:00:00,1.0945,1.0982,1.0936,1.0981,2451.0,0.31975150739997904
2024-01-11 22:00:00,1.0982,1.0982,1.0955,1.0982,854.0,0.009106638739631023
2024-01-12 02:00:00,1.0983,1.0984,1.0972,1.0977,706.0,-0.045529047532344435
2024-01-12 06:00:00,1.0976,1.0979,1.096,1.0965,711.0,-0.10931948619840037
2024-01-12 10:00:00,1.0964,1.0982,1.0946,1.0949,1480.0,-0.1459188326493388
2024-01-12 14:00:00,1.0948,1.0986,1.0935,1.0965,3065.0,0.14613206685543112
2024-01-12 18:00:00,1.0966,1.0973,1.0946,1.0955,1640.0,-0.09119927040585063
2024-01-12 22:00:00,1.0954,1.0955,1.0947,1.0949,390.0,-0.0547695116385194
2024-01-13 18:00:00,1.095,1.095,1.095,1.095,11.0,0.00913325417846167
2024-01-14 02:00:00,1.095,1.095,1.095,1.095,1.0,0.0
2024-01-14 10:00:00,1.095,1.095,1.095,1.095,8.0,0.0
2024-01-14 18:00:00,1.095,1.095,1.095,1.095,7.0,0.0
2024-01-14 22:00:00,1.095,1.095,1.0943,1.0944,219.0,-0.05479452054794054
2024-01-15 02:00:00,1.0945,1.0967,1.094,1.0963,908.0,0.17361111111111605
2024-01-15 06:00:00,1.0962,1.0966,1.0951,1.0953,696.0,-0.09121590805437618
2024-01-15 10:00:00,1.0954,1.0964,1.0933,1.0944,1250.0,-0.08216926869349939
2024-01-15 14:00:00,1.0945,1.0958,1.0937,1.0949,1460.0,0.045687134502925275
2024-01-15 18:00:00,1.095,1.0953,1.0945,1.095,397.0,0.00913325417846167
2024-01-15 22:00:00,1.0949,1.0951,1.0944,1.0944,317.0,-0.05479452054794054
2024-01-16 02:00:00,1.0943,1.0945,1.0915,1.0918,878.0,-0.23757309941520033
2024-01-16 06:00:00,1.0917,1.0926,1.0908,1.0917,820.0,-0.009159186664242647
2024-01-16 10:00:00,1.0916,1.0922,1.0873,1.0891,1896.0,-0.2381606668498626
2024-01-16 14:00:00,1.0892,1.0897,1.0865,1.0886,2540.0,-0.04590946653199035
2024-01-16 18:00:00,1.0885,1.0894,1.0861,1.0873,2517.0,-0.11941943781004216
2024-01-16 22:00:00,1.0874,1.0878,1.0869,1.0878,590.0,0.04598546859193586
2024-01-17 02:00:00,1.0877,1.0884,1.0864,1.0865,775.0,-0.11950726236441556
2024-01-17 06:00:00,1.0866,1.0873,1.0855,1.0869,1192.0,0.03681546249423295
2024-01-17 10:00:00,1.087,1.0883,1.086,1.0878,1783.0,0.08280430582392473
2024-01-17 14:00:00,1.0877,1.088,1.0844,1.0848,2712.0,-0.27578599007171967
2024-01-17 18:00:00,1.0849,1.0878,1.0847,1.0873,1847.0,0.23045722713863626
2024-01-17 22:00:00,1.0872,1.0885,1.0869,1.0885,482.0,0.11036512462063719
2024-01-18 02:00:00,1.0886,1.0902,1.0879,1.0894,870.0,0.08268259072117257
2024-01-18 06:00:00,1.0895,1.0906,1.0885,1.0887,866.0,-0.06425555351569079
2024-01-18 10:00:00,1.0886,1.0899,1.0876,1.0889,1407.0,0.018370533664002764
2024-01-18 14:00:00,1.0888,1.0893,1.0846,1.0851,2901.0,-0.34897603085682904
2024-01-18 18:00:00,1.085,1.0869,1.0849,1.0861,1613.0,0.09215740484749269
2024-01-18 22:00:00,1.0862,1.088,1.086,1.0879,872.0,0.1657305957094124
2024-01-19 02:00:00,1.0878,1.0889,1.0875,1.0888,699.0,0.08272819192940428
2024-01-19 06:00:00,1.0887,1.0888,1.0874,1.0878,818.0,-0.09184423218221438
2024-01-19 10:00:00,1.0877,1.0892,1.0867,1.0887,1273.0,0.0827357970214937
2024-01-19 14:00:00,1.0886,1.0889,1.0865,1.0882,2108.0,-0.04592633416000691
2024-01-19 18:00:00,1.0881,1.0895,1.0879,1.0891,1383.0,0.08270538503951652
2024-01-19 22:00:00,1.0892,1.0897,1.0889,1.0897,401.0,0.05509135983838842
2024-01-21 02:00:00,1.0897,1.0897,1.0897,1.0897,1.0,0.0
2024-01-21 06:00:00,1.0897,1.0897,1.0897,1.0897,2.0,0.0
2024-01-21 10:00:00,1.0897,1.0897,1.0897,1.0897,2.0,0.0
2024-01-21 18:00:00,1.0897,1.0897,1.0897,1.0897,11.0,0.0
2024-01-21 22:00:00,1.0891,1.0896,1.0888,1.0891,407.0,-0.05506102597044871
2024-01-22 02:00:00,1.0892,1.0908,1.089,1.0901,680.0,0.0918189330640029
2024-01-22 06:00:00,1.0902,1.0909,1.0896,1.0897,826.0,-0.03669388129531326
2024-01-22 10:00:00,1.0896,1.0901,1.0881,1.0889,1223.0,-0.07341470129392791
2024-01-22 14:00:00,1.089,1.0899,1.0879,1.0884,1737.0,-0.0459178987969433
2024-01-22 18:00:00,1.0885,1.0899,1.0879,1.0884,1181.0,0.0
2024-01-22 22:00:00,1.0885,1.0885,1.0876,1.0876,451.0,-0.07350238882765092
2024-01-23 02:00:00,1.0877,1.0894,1.0875,1.0892,936.0,0.1471129091577872
2024-01-23 06:00:00,1.0891,1.0915,1.0891,1.0907,925.0,0.13771575468233266
2024-01-23 10:00:00,1.0908,1.091,1.0859,1.0865,1298.0,-0.3850738058127745
2024-01-23 14:00:00,1.0866,1.0875,1.0821,1.0831,1727.0,-0.31293143120111333
2024-01-23 18:00:00,1.0832,1.0847,1.0824,1.0844,1365.0,0.1200258517219277
2024-01-23 22:00:00,1.0845,1.0858,1.0843,1.0856,408.0,0.11066027296200431
2024-01-24 02:00:00,1.0855,1.0861,1.0851,1.0859,485.0,0.027634487840844102
2024-01-24 06:00:00,1.086,1.0879,1.0857,1.0873,813.0,0.12892531540655838
2024-01-24 10:00:00,1.0874,1.0907,1.0862,1.0892,1658.0,0.1747447806493163
2024-01-24 14:00:00,1.0893,1.0931,1.0887,1.09,2412.0,0.07344840249725593
2024-01-24 18:00:00,1.0901,1.0908,1.0881,1.0888,1617.0,-0.11009174311927827
2024-01-24 22:00:00,1.0887,1.089,1.0877,1.088,719.0,-0.07347538574576928
2024-01-25 02:00:00,1.0879,1.0881,1.0869,1.0877,785.0,-0.027573529411784037
2024-01-25 06:00:00,1.0876,1.089,1.0874,1.0887,748.0,0.09193711501334079
2024-01-25 10:00:00,1.0888,1.0899,1.0882,1.0894,1301.0,0.06429686782400967
2024-01-25 14:00:00,1.0895,1.0901,1.0828,1.0831,3876.0,-0.5782999816412726
2024-01-25 18:00:00,1.083,1.0851,1.0821,1.0835,1839.0,0.036931031299047845
2024-01-25 22:00:00,1.0834,1.0847,1.0833,1.0845,536.0,0.09229349330872605
2024-01-26 02:00:00,1.0844,1.0848,1.0837,1.0844,577.0,-0.009220839096357736
2024-01-26 06:00:00,1.0843,1.0844,1.0812,1.0819,726.0,-0.23054223533750529
2024-01-26 10:00:00,1.0818,1.0875,1.0817,1.0874,1520.0,0.5083649135779522
2024-01-26 14:00:00,1.0873,1.0885,1.0854,1.0863,2339.0,-0.10115872723927
2024-01-26 18:00:00,1.0862,1.0869,1.0853,1.0858,1137.0,-0.04602780079167035
2024-01-26 22:00:00,1.0857,1.0861,1.0851,1.0852,244.0,-0.05525879535827061
2024-01-27 10:00:00,1.0852,1.0852,1.0852,1.0852,6.0,0.0
2024-01-28 10:00:00,1.0852,1.0852,1.0852,1.0852,1.0,0.0
2024-01-28 18:00:00,1.0852,1.0852,1.0852,1.0852,10.0,0.0
2024-01-28 22:00:00,1.0844,1.0849,1.0841,1.0841,422.0,-0.10136380390710631
2024-01-28 22:00:00,1.0844,1.0848,1.0844,1.0844,16.0,0.02767272391845932
2024-01-29 02:00:00,1.0842,1.0848,1.0839,1.0844,659.0,0.0
2024-01-29 06:00:00,1.0845,1.0849,1.0834,1.0836,590.0,-0.07377351530801768
2024-01-29 10:00:00,1.0835,1.0841,1.0813,1.0822,1119.0,-0.12919896640825046
2024-01-29 14:00:00,1.0823,1.0836,1.0795,1.0797,1482.0,-0.23101090371464572
2024-01-29 18:00:00,1.0798,1.0819,1.0795,1.0818,1035.0,0.19449847179771051
2024-01-29 22:00:00,1.0819,1.084,1.0818,1.0833,745.0,0.13865779256792
2024-01-30 02:00:00,1.0834,1.0841,1.0829,1.083,645.0,-0.027693159789532462
2024-01-30 06:00:00,1.0831,1.0833,1.0811,1.0822,738.0,-0.0738688827331413
2024-01-30 10:00:00,1.0826,1.0847,1.0815,1.0841,1351.0,0.17556828682314674
2024-01-30 14:00:00,1.084,1.0856,1.0827,1.0836,2160.0,-0.046121206530780334
2024-01-30 18:00:00,1.0835,1.0846,1.0831,1.0845,1061.0,0.08305647840531893
2024-01-30 22:00:00,1.0846,1.0848,1.0839,1.0842,511.0,-0.027662517289073207
2024-01-31 02:00:00,1.0843,1.0847,1.0815,1.0818,876.0,-0.22136137244050946
2024-01-31 06:00:00,1.0817,1.0821,1.0805,1.0815,575.0,-0.027731558513610644
2024-01-31 10:00:00,1.0816,1.0839,1.0808,1.0838,1554.0,0.21266759130837976
2024-01-31 14:00:00,1.0839,1.0886,1.0833,1.086,2820.0,0.20298948145414109
2024-01-31 18:00:00,1.0861,1.0867,1.0815,1.084,3871.0,-0.18416206261510082
2024-01-31 22:00:00,1.0841,1.0841,1.0794,1.0803,1953.0,-0.34132841328413654
2024-02-01 02:00:00,1.0802,1.0821,1.0801,1.0811,788.0,0.07405350365639052
2024-02-01 06:00:00,1.0812,1.0813,1.0783,1.0792,762.0,-0.17574692442882123
2024-02-01 10:00:00,1.0791,1.0812,1.0779,1.0807,1620.0,0.13899184581172008
2024-02-01 14:00:00,1.0806,1.0831,1.0805,1.0826,2843.0,0.17581197372074087
2024-02-01 18:00:00,1.0827,1.0874,1.0827,1.0871,2239.0,0.41566598928504117
2024-02-01 22:00:00,1.087,1.0875,1.0867,1.0873,591.0,0.018397571520556433
2024-02-02 02:00:00,1.0874,1.0879,1.0869,1.0876,743.0,0.027591281155148195
2024-02-02 06:00:00,1.0875,1.0886,1.0871,1.088,862.0,0.036778227289469
2024-02-02 10:00:00,1.0881,1.0897,1.0873,1.0883,1095.0,0.027573529411761832
2024-02-02 14:00:00,1.0884,1.0885,1.0782,1.0801,3490.0,-0.7534687126711348
2024-02-02 18:00:00,1.0802,1.0803,1.078,1.0792,1714.0,-0.08332561799834215
2024-02-02 22:00:00,1.0791,1.0796,1.0787,1.0788,509.0,-0.03706449221645425
2024-02-03 02:00:00,1.0788,1.0788,1.0788,1.0788,2.0,0.0
2024-02-03 10:00:00,1.0788,1.0788,1.0788,1.0788,3.0,0.0
2024-02-04 18:00:00,1.0788,1.0788,1.0788,1.0788,8.0,0.0
2024-02-04 22:00:00,1.0783,1.0786,1.0769,1.0779,281.0,-0.08342602892101869
2024-02-05 02:00:00,1.0778,1.0782,1.0766,1.0778,973.0,-0.009277298450693916
2024-02-05 06:00:00,1.0777,1.0784,1.0772,1.078,704.0,0.01855631842642147
2024-02-05 10:00:00,1.0779,1.0785,1.0746,1.0754,1290.0,-0.24118738404453888
2024-02-05 14:00:00,1.0755,1.0757,1.0722,1.0724,1863.0,-0.27896596615212266
2024-02-05 18:00:00,1.0725,1.0746,1.0724,1.0742,1240.0,0.16784781797836157
2024-02-05 22:00:00,1.0741,1.0744,1.0736,1.074,436.0,-0.018618506795753387
2024-02-06 02:00:00,1.0741,1.0748,1.0741,1.0743,423.0,0.027932960893850556
2024-02-06 06:00:00,1.0744,1.0761,1.0743,1.0751,903.0,0.0744670948524595
2024-02-06 10:00:00,1.0752,1.0759,1.0723,1.0738,1140.0,-0.12091898428051584
2024-02-06 14:00:00,1.0737,1.0747,1.0722,1.0742,1760.0,0.03725088470851734
2024-02-06 18:00:00,1.0743,1.0754,1.0738,1.0748,1171.0,0.05585552038724906
2024-02-06 22:00:00,1.0749,1.0756,1.0749,1.0756,460.0,0.07443245254930009
2024-02-07 02:00:00,1.0755,1.0766,1.0755,1.0758,436.0,0.01859427296395655
2024-02-07 06:00:00,1.0757,1.0772,1.0756,1.0772,730.0,0.1301357129577907
2024-02-07 10:00:00,1.0771,1.0773,1.0757,1.077,1189.0,-0.018566654288898476
2024-02-07 14:00:00,1.0769,1.0783,1.0755,1.0756,1927.0,-0.12999071494893544
2024-02-07 18:00:00,1.0757,1.0775,1.0755,1.0771,1248.0,0.13945704722946317
2024-02-07 22:00:00,1.0772,1.0776,1.0769,1.0775,279.0,0.03713675610435008
2024-02-08 02:00:00,1.0774,1.0784,1.0774,1.0781,458.0,0.05568445475638839
2024-02-08 06:00:00,1.0782,1.0788,1.0776,1.0779,464.0,-0.018551154809387516
2024-02-08 10:00:00,1.078,1.0785,1.076,1.0762,885.0,-0.15771407366175216
2024-02-08 14:00:00,1.0761,1.0767,1.0741,1.076,1713.0,-0.01858390633711071
2024-02-08 18:00:00,1.0761,1.0782,1.0759,1.0774,975.0,0.13011152416355642
2024-02-08 22:00:00,1.0775,1.0779,1.0773,1.0777,408.0,0.02784481158346619
2024-02-09 02:00:00,1.0778,1.0778,1.0769,1.077,363.0,-0.06495314094833171
2024-02-09 06:00:00,1.0769,1.0782,1.0769,1.0779,321.0,0.08356545961003548
2024-02-09 10:00:00,1.078,1.0784,1.0761,1.0771,1162.0,-0.07421838760554023
2024-02-09 14:00:00,1.077,1.0794,1.0762,1.0785,2235.0,0.12997864636523637
2024-02-09 18:00:00,1.0784,1.079,1.0778,1.0782,579.0,-0.027816411682890507
2024-02-09 22:00:00,1.0781,1.0788,1.0779,1.0784,175.0,0.0185494342422432
2024-02-11 14:00:00,1.0784,1.0784,1.0784,1.0784,18.0,0.0
2024-02-11 18:00:00,1.0784,1.0784,1.0784,1.0784,2.0,0.0
2024-02-11 22:00:00,1.0781,1.0797,1.0778,1.0797,194.0,0.12054896142434934
2024-02-12 02:00:00,1.0796,1.0799,1.079,1.0791,294.0,-0.05557099194222204
2024-02-12 06:00:00,1.0792,1.0805,1.0788,1.0802,528.0,0.10193679918450993
2024-02-12 10:00:00,1.0801,1.0802,1.0762,1.0768,1096.0,-0.31475652656915987
2024-02-12 14:00:00,1.0769,1.0773,1.0755,1.0767,1149.0,-0.00928677563150071
2024-02-12 18:00:00,1.0766,1.0785,1.0764,1.0768,687.0,0.009287638153621103
2024-02-12 22:00:00,1.0769,1.0775,1.0769,1.0771,526.0,0.02786032689450213
2024-02-13 02:00:00,1.0772,1.0774,1.076,1.0761,385.0,-0.09284189026087519
2024-02-13 06:00:00,1.076,1.0777,1.076,1.077,518.0,0.08363534987454457
2024-02-13 10:00:00,1.0771,1.0781,1.0756,1.0777,949.0,0.06499535747448437
2024-02-13 14:00:00,1.0778,1.0794,1.07,1.0716,3249.0,-0.5660202282638971
2024-02-13 18:00:00,1.0717,1.0721,1.07,1.07,1258.0,-0.1493094438223208
2024-02-13 22:00:00,1.0701,1.0711,1.07,1.0708,514.0,0.07476635514018781
2024-02-14 02:00:00,1.0707,1.0713,1.0703,1.0712,612.0,0.037355248412396236
2024-02-14 06:00:00,1.0713,1.0718,1.0704,1.0707,669.0,-0.04667662434651998
2024-02-14 10:00:00,1.0706,1.0709,1.0694,1.0707,978.0,0.0
2024-02-14 14:00:00,1.0708,1.0724,1.07,1.072,1481.0,0.12141589614271808
2024-02-14 18:00:00,1.0719,1.0734,1.0718,1.0727,885.0,0.0652985074626855
2024-02-14 22:00:00,1.0728,1.0731,1.0725,1.0731,409.0,0.03728908362077288
2024-02-15 02:00:00,1.0732,1.0735,1.0724,1.0725,440.0,-0.05591277606932232
2024-02-15 06:00:00,1.0724,1.074,1.0724,1.0732,650.0,0.06526806526805373
2024-02-15 10:00:00,1.0733,1.0739,1.0727,1.0735,1031.0,0.027953783078649153
2024-02-15 14:00:00,1.0736,1.0784,1.0735,1.076,2193.0,0.23288309268749696
2024-02-15 18:00:00,1.0761,1.0771,1.0754,1.0768,1158.0,0.07434944237918462
2024-02-15 22:00:00,1.0767,1.0776,1.0767,1.0772,252.0,0.03714710252600284
2024-02-16 02:00:00,1.0773,1.0773,1.0758,1.0759,585.0,-0.12068325287781789
2024-02-16 06:00:00,1.0758,1.0767,1.0756,1.076,607.0,0.009294544102611546
2024-02-16 10:00:00,1.0761,1.0779,1.0759,1.0776,692.0,0.14869888475834703
2024-02-16 14:00:00,1.0777,1.0777,1.0731,1.077,2270.0,-0.055679287305121505
2024-02-16 18:00:00,1.0771,1.0787,1.0762,1.0776,978.0,0.055710306406675514
2024-02-16 22:00:00,1.0775,1.0777,1.0772,1.0776,326.0,0.0
2024-02-17 14:00:00,1.0776,1.0776,1.0776,1.0776,12.0,0.0
2024-02-17 18:00:00,1.0776,1.0776,1.0776,1.0776,2.0,0.0
2024-02-18 22:00:00,1.0775,1.0784,1.0773,1.0783,234.0,0.06495916852264916
2024-02-19 02:00:00,1.0784,1.0788,1.0774,1.0775,440.0,-0.0741908559770188
2024-02-19 06:00:00,1.0774,1.0789,1.0774,1.0782,333.0,0.06496519721579386
2024-02-19 10:00:00,1.0783,1.0786,1.0771,1.0776,720.0,-0.055648302726785115
2024-02-19 14:00:00,1.0775,1.0779,1.0761,1.0766,822.0,-0.09279881217519881
2024-02-19 18:00:00,1.0765,1.0783,1.0762,1.0778,220.0,0.11146201003158218
2024-02-19 22:00:00,1.0777,1.0781,1.0773,1.0775,269.0,-0.02783447763965441
2024-02-20 02:00:00,1.0776,1.0776,1.0761,1.0767,492.0,-0.07424593967516602
2024-02-20 06:00:00,1.0768,1.0774,1.0764,1.0769,316.0,0.018575276307242206
2024-02-20 10:00:00,1.077,1.0809,1.0768,1.0797,1047.0,0.2600055715479721
2024-02-20 14:00:00,1.0798,1.0838,1.0795,1.0822,1667.0,0.23154579975919187
2024-02-20 18:00:00,1.0821,1.0824,1.0805,1.0806,954.0,-0.14784697837738614
2024-02-20 22:00:00,1.0805,1.0812,1.0803,1.0809,459.0,0.027762354247640175
2024-02-21 02:00:00,1.0808,1.0818,1.0805,1.0817,420.0,0.07401239707651719
2024-02-21 06:00:00,1.0816,1.0818,1.0806,1.081,453.0,-0.06471295183508863
2024-02-21 10:00:00,1.0809,1.0814,1.0789,1.0798,836.0,-0.11100832562440655
2024-02-21 14:00:00,1.0799,1.0819,1.0796,1.0804,1189.0,0.05556584552695032
2024-02-21 18:00:00,1.0805,1.0823,1.0799,1.0816,1275.0,0.11106997408365515
2024-02-21 22:00:00,1.0815,1.0822,1.0812,1.0819,770.0,0.02773668639055593
2024-02-22 02:00:00,1.082,1.0831,1.0818,1.0825,434.0,0.05545799057213863
2024-02-22 06:00:00,1.0826,1.0853,1.0825,1.0852,651.0,0.24942263279446042
2024-02-22 10:00:00,1.0853,1.0887,1.0844,1.0856,1814.0,0.03685956505712351
2024-02-22 14:00:00,1.0857,1.0858,1.0802,1.0809,2032.0,-0.43294030950625784
2024-02-22 18:00:00,1.0808,1.0825,1.0808,1.0821,954.0,0.11101859561477578
2024-02-22 22:00:00,1.0822,1.0825,1.0817,1.0825,481.0,0.03696516033637742
2024-02-23 02:00:00,1.0826,1.0831,1.0814,1.0824,565.0,-0.009237875288681252
2024-02-23 06:00:00,1.0825,1.0831,1.082,1.0829,765.0,0.04619364375462176
2024-02-23 10:00:00,1.0828,1.0832,1.0813,1.0826,931.0,-0.02770338904792835
2024-02-23 14:00:00,1.0825,1.0839,1.0811,1.082,1241.0,-0.055422131904669936
2024-02-23 18:00:00,1.0821,1.0829,1.0814,1.0822,962.0,0.01848428835489191
2024-02-23 22:00:00,1.0823,1.0824,1.0817,1.082,296.0,-0.01848087229716633
2024-02-24 06:00:00,1.082,1.082,1.082,1.082,1.0,0.0
2024-02-25 02:00:00,1.082,1.082,1.082,1.082,9.0,0.0
2024-02-25 10:00:00,1.082,1.082,1.082,1.082,1.0,0.0
2024-02-25 18:00:00,1.082,1.082,1.082,1.082,10.0,0.0
2024-02-25 22:00:00,1.0831,1.0831,1.0818,1.0818,181.0,-0.01848428835489191
2024-02-26 02:00:00,1.0819,1.0819,1.0812,1.0818,409.0,0.0
2024-02-26 06:00:00,1.0817,1.0836,1.0817,1.0831,421.0,0.12017008689220177
2024-02-26 10:00:00,1.0832,1.0853,1.0826,1.0851,753.0,0.18465515649523923
2024-02-26 14:00:00,1.0852,1.0859,1.0838,1.085,1129.0,-0.009215740484747048
2024-02-26 18:00:00,1.0849,1.0855,1.0839,1.0845,653.0,-0.04608294930874557
2024-02-26 22:00:00,1.0846,1.0852,1.0845,1.0849,553.0,0.03688335638543094
2024-02-27 02:00:00,1.085,1.0853,1.0845,1.0852,709.0,0.027652318186000002
2024-02-27 06:00:00,1.0853,1.0862,1.0846,1.0855,681.0,0.027644673792837082
2024-02-27 10:00:00,1.0854,1.0865,1.0841,1.0857,934.0,0.018424689083396117
2024-02-27 14:00:00,1.0856,1.0862,1.0832,1.0846,1259.0,-0.10131712259372483
2024-02-27 18:00:00,1.0845,1.0857,1.084,1.0843,1221.0,-0.02765996680803573
2024-02-27 22:00:00,1.0842,1.0847,1.084,1.084,432.0,-0.02766761966245257
2024-02-28 02:00:00,1.0841,1.0845,1.0832,1.0833,679.0,-0.06457564575647057
2024-02-28 06:00:00,1.0834,1.0835,1.0816,1.0823,514.0,-0.09231053263176747
2024-02-28 10:00:00,1.0822,1.0823,1.0796,1.0815,1114.0,-0.07391665896703259
2024-02-28 14:00:00,1.0816,1.0837,1.0806,1.0833,1510.0,0.16643550624133585
2024-02-28 18:00:00,1.0834,1.0845,1.083,1.0833,700.0,0.0
2024-02-28 22:00:00,1.0832,1.084,1.0832,1.0838,456.0,0.04615526631590594
2024-02-29 02:00:00,1.0837,1.0839,1.0827,1.0836,856.0,-0.018453589223121902
2024-02-29 06:00:00,1.0835,1.0839,1.0825,1.0828,837.0,-0.0738279808047193
2024-02-29 10:00:00,1.0829,1.0853,1.0828,1.0833,1397.0,0.04617657923899898
2024-02-29 14:00:00,1.0832,1.0855,1.0818,1.0822,2256.0,-0.10154158589493756
2024-02-29 18:00:00,1.0821,1.0824,1.0795,1.0802,1167.0,-0.1848087229717299
2024-02-29 22:00:00,1.0803,1.0809,1.08,1.0805,756.0,0.027772634697265097
2024-03-01 02:00:00,1.0806,1.0821,1.0804,1.0816,479.0,0.10180472003700203
2024-03-01 06:00:00,1.0815,1.0817,1.0807,1.0812,446.0,-0.036982248520700534
2024-03-01 10:00:00,1.0811,1.0822,1.0798,1.0818,1306.0,0.05549389567149898
2024-03-01 14:00:00,1.0817,1.0841,1.0797,1.0834,2042.0,0.1479016454057902
2024-03-01 18:00:00,1.0835,1.0842,1.0822,1.084,1060.0,0.055381207310323255
2024-03-01 22:00:00,1.0839,1.084,1.0833,1.0839,373.0,-0.009225092250919609
2024-03-03 18:00:00,1.0839,1.0839,1.0839,1.0839,15.0,0.0
2024-03-03 22:00:00,1.0837,1.0843,1.0836,1.0841,153.0,0.01845188670541731
2024-03-04 02:00:00,1.084,1.0847,1.0838,1.0843,542.0,0.01844848261229881
2024-03-04 06:00:00,1.0844,1.0853,1.0842,1.0853,612.0,0.0922253988748345
2024-03-04 10:00:00,1.0854,1.0857,1.0837,1.0855,938.0,0.01842808440062349
2024-03-04 14:00:00,1.0856,1.0863,1.0839,1.0862,1047.0,0.0644864117918198
2024-03-04 18:00:00,1.0863,1.0866,1.0854,1.0856,884.0,-0.055238445958405435
2024-03-04 22:00:00,1.0855,1.0859,1.0853,1.0853,667.0,-0.027634487840821897
2024-03-05 02:00:00,1.0852,1.0854,1.0847,1.0853,292.0,0.0
2024-03-05 06:00:00,1.0852,1.0853,1.0841,1.0845,458.0,-0.07371233760249396
2024-03-05 10:00:00,1.0846,1.0855,1.0842,1.0849,824.0,0.03688335638543094
2024-03-05 14:00:00,1.0848,1.0875,1.084,1.0871,1642.0,0.20278366669739256
2024-03-05 18:00:00,1.087,1.087,1.085,1.0852,1003.0,-0.17477692944531942
2024-03-05 22:00:00,1.0853,1.0861,1.0848,1.0855,444.0,0.027644673792837082
2024-03-06 02:00:00,1.0854,1.0855,1.0841,1.085,717.0,-0.04606172270842368
2024-03-06 06:00:00,1.0849,1.0865,1.0849,1.0861,737.0,0.10138248847926246
2024-03-06 10:00:00,1.086,1.0878,1.0858,1.0875,622.0,0.1289015744406541
2024-03-06 14:00:00,1.0876,1.0908,1.0867,1.0904,1823.0,0.2666666666666817
2024-03-06 18:00:00,1.0903,1.0914,1.0892,1.0896,1353.0,-0.07336757153338924
2024-03-06 22:00:00,1.0895,1.0901,1.0892,1.0899,385.0,0.027533039647598123
2024-03-07 02:00:00,1.0898,1.0906,1.0893,1.09,873.0,0.009175153683815829
2024-03-07 06:00:00,1.0899,1.0905,1.089,1.0893,809.0,-0.06422018348625214
2024-03-07 10:00:00,1.0894,1.0902,1.0887,1.0893,1074.0,0.0
2024-03-07 14:00:00,1.0894,1.093,1.0867,1.0929,2471.0,0.3304874690168047
2024-03-07 18:00:00,1.0928,1.0948,1.0924,1.0946,1309.0,0.1555494555768977
2024-03-07 22:00:00,1.0945,1.095,1.0942,1.095,732.0,0.036543029417135386
2024-03-08 02:00:00,1.0951,1.0955,1.0943,1.0946,480.0,-0.03652968036529369
2024-03-08 06:00:00,1.0947,1.095,1.0931,1.0933,567.0,-0.11876484560571221
2024-03-08 10:00:00,1.0932,1.0938,1.0925,1.0933,1158.0,0.0
2024-03-08 14:00:00,1.0934,1.098,1.0918,1.096,3001.0,0.24695874874234303
2024-03-08 18:00:00,1.0959,1.0959,1.0933,1.0941,1319.0,-0.17335766423357546
2024-03-08 22:00:00,1.0942,1.0943,1.0934,1.0938,284.0,-0.02741979709349751
2024-03-09 14:00:00,1.0938,1.0938,1.0938,1.0938,9.0,0.0
2024-03-09 18:00:00,1.0938,1.0938,1.0938,1.0938,25.0,0.0
2024-03-10 22:00:00,1.0936,1.0943,1.0935,1.0942,109.0,0.03656975681112229
2024-03-11 02:00:00,1.0941,1.0946,1.0936,1.094,568.0,-0.018278194114418334
2024-03-11 06:00:00,1.0939,1.0946,1.0934,1.0941,491.0,0.009140767824500351
2024-03-11 10:00:00,1.094,1.0947,1.0932,1.0942,813.0,0.009139932364510273
2024-03-11 14:00:00,1.0941,1.0942,1.0914,1.0926,1296.0,-0.14622555291537997
2024-03-11 18:00:00,1.0927,1.0929,1.0917,1.0925,714.0,-0.009152480322160983
2024-03-11 22:00:00,1.0926,1.093,1.092,1.093,434.0,0.04576659038901809
2024-03-12 02:00:00,1.0931,1.0937,1.0926,1.0935,363.0,0.04574565416284315
2024-03-12 06:00:00,1.0936,1.0939,1.0931,1.0931,568.0,-0.036579789666202345
2024-03-12 10:00:00,1.093,1.0935,1.092,1.0933,902.0,0.01829658768639497
2024-03-12 14:00:00,1.0934,1.0943,1.0901,1.0917,2706.0,-0.14634592518064649
2024-03-12 18:00:00,1.0918,1.0925,1.0912,1.0925,788.0,0.07328020518457823
2024-03-12 22:00:00,1.0924,1.0928,1.0924,1.0926,369.0,0.009153318077803618
2024-03-13 02:00:00,1.0927,1.093,1.0922,1.0927,553.0,0.009152480322160983
2024-03-13 06:00:00,1.0926,1.0931,1.092,1.0926,471.0,-0.009151642719862352
2024-03-13 10:00:00,1.0925,1.0945,1.0919,1.0941,710.0,0.13728720483252577
2024-03-13 14:00:00,1.094,1.0947,1.093,1.0942,1157.0,0.009139932364510273
2024-03-13 18:00:00,1.0943,1.0963,1.0939,1.0946,716.0,0.03655638822883667
2024-03-13 22:00:00,1.0947,1.0954,1.0946,1.0952,465.0,0.05481454412570308
2024-03-14 02:00:00,1.0953,1.0954,1.094,1.0941,443.0,-0.10043827611394551
2024-03-14 06:00:00,1.094,1.0942,1.0931,1.0934,612.0,-0.0639795265515164
2024-03-14 10:00:00,1.0935,1.0944,1.0934,1.0941,1013.0,0.0640204865557159
2024-03-14 14:00:00,1.094,1.0944,1.0882,1.0887,2311.0,-0.4935563476830329
2024-03-14 18:00:00,1.0888,1.0892,1.088,1.089,953.0,0.027555800496004146
2024-03-14 22:00:00,1.0891,1.0891,1.0881,1.0882,376.0,-0.0734618916437002
2024-03-15 02:00:00,1.0883,1.0884,1.0872,1.0876,406.0,-0.05513692335968878
2024-03-15 06:00:00,1.0875,1.0884,1.0872,1.088,482.0,0.036778227289469
2024-03-15 10:00:00,1.0881,1.0899,1.0877,1.0893,830.0,0.1194852941176272
2024-03-15 14:00:00,1.0892,1.0894,1.0881,1.0887,1282.0,-0.055081244836130416
2024-03-15 18:00:00,1.0886,1.089,1.0883,1.0888,735.0,0.009185266832001382
2024-03-15 22:00:00,1.0889,1.0889,1.0886,1.0888,109.0,0.0
2024-03-17 18:00:00,1.0888,1.0888,1.0888,1.0888,9.0,0.0
2024-03-17 22:00:00,1.0888,1.089,1.0881,1.0883,197.0,-0.04592211609110164
2024-03-18 02:00:00,1.0884,1.0891,1.088,1.0884,488.0,0.009188642837454353
2024-03-18 06:00:00,1.0885,1.0896,1.0884,1.0891,503.0,0.06431459022417929
2024-03-18 10:00:00,1.089,1.0905,1.089,1.0901,803.0,0.0918189330640029
2024-03-18 14:00:00,1.0902,1.0904,1.088,1.0884,803.0,-0.1559489955050064
2024-03-18 18:00:00,1.0883,1.0884,1.0865,1.0868,575.0,-0.14700477765527964
2024-03-18 22:00:00,1.0869,1.0874,1.0868,1.0872,289.0,0.03680529996319404
2024-03-19 02:00:00,1.0873,1.0875,1.0866,1.0873,619.0,0.009197939661520493
2024-03-19 06:00:00,1.0874,1.0876,1.0851,1.0854,750.0,-0.1747447806493163
2024-03-19 10:00:00,1.0855,1.0855,1.0834,1.085,1064.0,-0.036852773171180964
2024-03-19 14:00:00,1.0849,1.0864,1.0845,1.0858,1064.0,0.07373271889401511
2024-03-19 18:00:00,1.0857,1.0867,1.0854,1.0864,451.0,0.055258795358259505
2024-03-19 22:00:00,1.0865,1.0866,1.0861,1.0861,309.0,-0.02761413843888061
2024-03-20 02:00:00,1.086,1.087,1.0857,1.0869,426.0,0.07365804253751662
2024-03-20 06:00:00,1.087,1.0871,1.0864,1.0864,711.0,-0.04600239212438906
2024-03-20 10:00:00,1.0863,1.0863,1.0836,1.0842,756.0,-0.20250368188512446
2024-03-20 14:00:00,1.0843,1.0855,1.0836,1.0854,819.0,0.11068068622024363
2024-03-20 18:00:00,1.0853,1.0922,1.0853,1.092,2891.0,0.608070757324497
2024-03-20 22:00:00,1.0919,1.0937,1.0918,1.0936,488.0,0.1465201465201238
2024-03-21 02:00:00,1.0935,1.0938,1.093,1.0934,622.0,-0.018288222384776898
2024-03-21 06:00:00,1.0933,1.0942,1.0925,1.0928,578.0,-0.05487470276202
2024-03-21 10:00:00,1.0927,1.0928,1.0886,1.0909,1590.0,-0.1738653001464141
2024-03-21 14:00:00,1.0907,1.0916,1.0855,1.0859,1908.0,-0.45833715280959586
2024-03-21 18:00:00,1.086,1.0865,1.0855,1.0856,745.0,-0.027626853301421228
2024-03-21 22:00:00,1.0857,1.0862,1.0856,1.0861,347.0,0.046057479734717965
2024-03-22 02:00:00,1.0862,1.0867,1.0835,1.0837,614.0,-0.22097412761254986
2024-03-22 06:00:00,1.0836,1.0841,1.082,1.0824,677.0,-0.11995939835748315
2024-03-22 10:00:00,1.0825,1.0827,1.0807,1.0815,933.0,-0.08314855875832805
2024-03-22 14:00:00,1.0816,1.0831,1.081,1.0815,1102.0,0.0
2024-03-22 18:00:00,1.0816,1.0816,1.0801,1.0805,550.0,-0.0924641701340656
2024-03-22 22:00:00,1.0804,1.0809,1.0804,1.0808,101.0,0.02776492364646721
2024-03-23 06:00:00,1.0808,1.0808,1.0808,1.0808,1.0,0.0
2024-03-23 14:00:00,1.0808,1.0808,1.0808,1.0808,9.0,0.0
2024-03-23 18:00:00,1.0808,1.0808,1.0808,1.0808,4.0,0.0
2024-03-24 22:00:00,1.0805,1.0809,1.0805,1.0806,180.0,-0.018504811250918962
2024-03-25 02:00:00,1.0807,1.0821,1.0801,1.0813,609.0,0.06477882657782708
2024-03-25 06:00:00,1.0812,1.0822,1.081,1.0813,540.0,0.0
2024-03-25 10:00:00,1.0812,1.0829,1.0806,1.0827,742.0,0.12947378155923062
2024-03-25 14:00:00,1.0828,1.0841,1.0827,1.0836,893.0,0.08312551953448821
2024-03-25 18:00:00,1.0837,1.0839,1.0832,1.0838,550.0,0.018456995201199256
2024-03-25 22:00:00,1.0837,1.084,1.0834,1.0836,313.0,-0.018453589223121902
2024-03-26 02:00:00,1.0837,1.0844,1.0835,1.0836,402.0,0.0
2024-03-26 06:00:00,1.0837,1.0852,1.0836,1.0841,455.0,0.04614248800296483
2024-03-26 10:00:00,1.084,1.0863,1.0838,1.0856,843.0,0.1383636195922744
2024-03-26 14:00:00,1.0857,1.0858,1.0824,1.0827,1322.0,-0.26713338246130425
2024-03-26 18:00:00,1.0828,1.0835,1.0823,1.0828,642.0,0.009236168837167824
2024-03-26 22:00:00,1.0829,1.0833,1.0827,1.0832,358.0,0.036941263391199186
2024-03-27 02:00:00,1.0831,1.0832,1.082,1.0825,503.0,-0.06462333825700828
2024-03-27 06:00:00,1.0826,1.0833,1.0822,1.0825,429.0,0.0
2024-03-27 10:00:00,1.0826,1.0838,1.0817,1.082,999.0,-0.04618937644341736
2024-03-27 14:00:00,1.0821,1.0822,1.081,1.0819,1053.0,-0.009242144177445955
2024-03-27 18:00:00,1.082,1.0827,1.0817,1.0826,536.0,0.064700989000821
2024-03-27 22:00:00,1.0827,1.0828,1.0809,1.0812,379.0,-0.1293183077775817
2024-03-28 02:00:00,1.0813,1.0825,1.0807,1.0821,497.0,0.08324084350721517
2024-03-28 06:00:00,1.082,1.0826,1.0799,1.08,525.0,-0.19406709176601478
2024-03-28 10:00:00,1.0801,1.0801,1.0774,1.0783,882.0,-0.1574074074074061
2024-03-28 14:00:00,1.0784,1.0818,1.0783,1.08,1578.0,0.15765556895113164
2024-03-28 18:00:00,1.0799,1.0804,1.0784,1.0787,699.0,-0.12037037037038179
2024-03-28 22:00:00,1.0786,1.0794,1.0784,1.079,1109.0,0.027811254287568588
2024-03-29 02:00:00,1.0789,1.079,1.0773,1.0774,801.0,-0.14828544949027078
2024-03-29 06:00:00,1.0775,1.0781,1.0767,1.0768,624.0,-0.05568962316687687
2024-03-29 10:00:00,1.0767,1.079,1.0767,1.0786,837.0,0.16716196136701278
2024-03-29 14:00:00,1.0787,1.0805,1.0782,1.0791,1211.0,0.046356387910240215
2024-03-29 18:00:00,1.0792,1.0793,1.0786,1.079,923.0,-0.009266981744049385
2024-03-29 22:00:00,1.0791,1.0796,1.079,1.0794,396.0,0.03707136237256492
2024-03-30 22:00:00,1.0794,1.0794,1.0794,1.0794,1.0,0.0
2024-03-31 02:00:00,1.0794,1.0794,1.0794,1.0794,7.0,0.0
2024-03-31 11:00:00,1.0794,1.0794,1.0794,1.0794,8.0,0.0
2024-03-31 15:00:00,1.0794,1.0794,1.0794,1.0794,3.0,0.0
2024-03-31 23:00:00,1.0791,1.0796,1.0785,1.0792,322.0,-0.018528812303131303
2024-04-01 03:00:00,1.0793,1.0798,1.0784,1.0789,519.0,-0.027798369162335135
2024-04-01 07:00:00,1.079,1.0791,1.0782,1.0785,300.0,-0.03707479840577843
2024-04-01 11:00:00,1.0784,1.0791,1.0779,1.0783,358.0,-0.018544274455256637
2024-04-01 15:00:00,1.0784,1.0785,1.073,1.0732,1286.0,-0.4729667068533949
2024-04-01 19:00:00,1.0731,1.0743,1.073,1.0741,525.0,0.08386134923594746
2024-04-01 23:00:00,1.0742,1.0744,1.0735,1.0736,238.0,-0.04655060050273718
2024-04-02 03:00:00,1.0735,1.0738,1.0729,1.0729,478.0,-0.0652011922503859
2024-04-02 07:00:00,1.0728,1.0742,1.0724,1.074,695.0,0.10252586447945244
2024-04-02 11:00:00,1.0739,1.0753,1.0726,1.0751,935.0,0.10242085661078537
2024-04-02 15:00:00,1.0752,1.0778,1.0745,1.0768,1647.0,0.15812482559762753
2024-04-02 19:00:00,1.0769,1.0769,1.0759,1.0767,426.0,-0.00928677563150071
2024-04-02 23:00:00,1.0766,1.0773,1.0765,1.0767,363.0,0.0
2024-04-03 03:00:00,1.0768,1.0779,1.0765,1.0776,449.0,0.08358874338254552
2024-04-03 07:00:00,1.0775,1.0777,1.0763,1.077,428.0,-0.055679287305121505
2024-04-03 11:00:00,1.0769,1.0784,1.0764,1.0783,675.0,0.12070566388115989
2024-04-03 15:00:00,1.0784,1.083,1.0772,1.0826,1946.0,0.3987758508763761
2024-04-03 19:00:00,1.0825,1.0836,1.082,1.0833,777.0,0.06465915388877974
2024-04-03 23:00:00,1.0832,1.084,1.0832,1.0837,177.0,0.03692421305272475
2024-04-04 03:00:00,1.0838,1.0843,1.0834,1.0842,305.0,0.04613823013748242
2024-04-04 07:00:00,1.0843,1.0857,1.0838,1.0856,509.0,0.1291274672569509
2024-04-04 11:00:00,1.0855,1.0865,1.085,1.0852,701.0,-0.03684598378775883
2024-04-04 15:00:00,1.0853,1.0876,1.085,1.0864,966.0,0.11057869517141494
2024-04-04 19:00:00,1.0865,1.0866,1.0832,1.0833,943.0,-0.2853460972017774
2024-04-04 23:00:00,1.0832,1.084,1.0831,1.0835,715.0,0.018462106526362376
2024-04-05 03:00:00,1.0836,1.0843,1.0822,1.0826,541.0,-0.08306414397784012
2024-04-05 07:00:00,1.0827,1.084,1.0822,1.0838,574.0,0.11084426380936208
2024-04-05 11:00:00,1.0837,1.0845,1.083,1.0834,730.0,-0.0369071784462216
2024-04-05 15:00:00,1.0835,1.0847,1.0791,1.0839,2587.0,0.04615100609195455
2024-04-05 19:00:00,1.084,1.0843,1.083,1.0835,684.0,-0.03690377341084572
2024-04-05 23:00:00,1.0834,1.0837,1.0833,1.0836,49.0,0.009229349330874825
2024-04-07 23:00:00,1.0837,1.0837,1.0826,1.0829,405.0,-0.06459948320413078
2024-04-08 03:00:00,1.0828,1.0842,1.0822,1.0833,564.0,0.036937852063889665
2024-04-08 07:00:00,1.0834,1.0837,1.0828,1.0831,596.0,-0.018462106526351274
2024-04-08 11:00:00,1.0832,1.0834,1.082,1.0823,712.0,-0.07386206259808459
2024-04-08 15:00:00,1.0822,1.0858,1.0821,1.0852,1179.0,0.2679478887554154
2024-04-08 19:00:00,1.0851,1.0861,1.0846,1.0856,432.0,0.03685956505712351
2024-04-08 23:00:00,1.0855,1.0863,1.0855,1.0861,655.0,0.046057479734717965
2024-04-09 03:00:00,1.0862,1.0863,1.0853,1.0855,388.0,-0.05524353190314857
2024-04-09 07:00:00,1.0856,1.0862,1.085,1.0853,510.0,-0.018424689083373913
2024-04-09 11:00:00,1.0852,1.0872,1.0848,1.086,673.0,0.06449829540220442
2024-04-09 15:00:00,1.0861,1.0884,1.0851,1.0855,1461.0,-0.04604051565378908
2024-04-09 19:00:00,1.0854,1.0859,1.0847,1.0856,514.0,0.009212344541675854
2024-04-09 23:00:00,1.0855,1.0859,1.0853,1.0858,428.0,0.018422991893896068
2024-04-10 03:00:00,1.0857,1.0858,1.085,1.0852,394.0,-0.05525879535827061
2024-04-10 07:00:00,1.0851,1.0856,1.0847,1.0855,541.0,0.027644673792837082
2024-04-10 11:00:00,1.0854,1.0866,1.085,1.0855,634.0,0.0
2024-04-10 15:00:00,1.0856,1.0864,1.0733,1.0736,3240.0,-1.0962690004606035
2024-04-10 19:00:00,1.0737,1.0753,1.0728,1.0743,1641.0,0.0652011922503748
2024-04-10 23:00:00,1.0742,1.0745,1.0738,1.074,340.0,-0.02792516056967509
2024-04-11 03:00:00,1.0739,1.0748,1.0737,1.0744,622.0,0.03724394785846741
2024-04-11 07:00:00,1.0745,1.0746,1.0726,1.0742,658.0,-0.01861504095308497
2024-04-11 11:00:00,1.0743,1.0749,1.0725,1.0727,957.0,-0.13963880096816705
2024-04-11 15:00:00,1.0728,1.0756,1.0698,1.072,3046.0,-0.06525589633633588
2024-04-11 19:00:00,1.0721,1.0734,1.0713,1.0728,831.0,0.07462686567163423
2024-04-11 23:00:00,1.0727,1.0729,1.0723,1.0725,165.0,-0.027964205816555232
2024-04-12 03:00:00,1.0724,1.0727,1.0714,1.0716,359.0,-0.08391608391608019
2024-04-12 07:00:00,1.0717,1.0717,1.0674,1.0683,929.0,-0.3079507278835436
2024-04-12 11:00:00,1.0684,1.0684,1.0643,1.065,1143.0,-0.3089019938219639
2024-04-12 15:00:00,1.0651,1.0655,1.0622,1.0646,2132.0,-0.03755868544600416
2024-04-12 19:00:00,1.0645,1.065,1.0636,1.0637,1339.0,-0.08453879391320251
2024-04-12 23:00:00,1.0636,1.0643,1.0636,1.064,72.0,0.028203440819773995
2024-04-13 15:00:00,1.064,1.064,1.064,1.064,3.0,0.0
2024-04-13 19:00:00,1.064,1.064,1.064,1.064,2.0,0.0
2024-04-14 23:00:00,1.0635,1.0651,1.0632,1.0645,442.0,0.046992481203012026
2024-04-15 03:00:00,1.0646,1.0654,1.0638,1.0651,568.0,0.05636449037105251
2024-04-15 07:00:00,1.065,1.0664,1.0646,1.0657,922.0,0.056332738709996555
2024-04-15 11:00:00,1.0658,1.0664,1.0651,1.0654,757.0,-0.02815051140097058
2024-04-15 15:00:00,1.0653,1.066,1.0621,1.0642,2252.0,-0.11263375258118158
2024-04-15 19:00:00,1.0643,1.0646,1.0619,1.0625,1317.0,-0.15974440894569453
2024-04-15 23:00:00,1.0624,1.0628,1.062,1.0624,318.0,-0.00941176470588001
2024-04-16 03:00:00,1.0623,1.0625,1.0605,1.0611,697.0,-0.12236445783133654
2024-04-16 07:00:00,1.061,1.0622,1.0601,1.0617,970.0,0.05654509471304525
2024-04-16 11:00:00,1.0618,1.0646,1.0612,1.0641,1198.0,0.2260525572195471
2024-04-16 15:00:00,1.0642,1.0653,1.0621,1.0627,2334.0,-0.13156658208816063
2024-04-16 19:00:00,1.0626,1.0634,1.06,1.0621,1853.0,-0.056459960478016935
2024-04-16 23:00:00,1.0622,1.0625,1.0612,1.062,610.0,-0.009415309292903906
2024-04-17 03:00:00,1.0621,1.0635,1.0616,1.0626,636.0,0.05649717514124575
2024-04-17 07:00:00,1.0627,1.0637,1.0605,1.0624,917.0,-0.018821757952192097
2024-04-17 11:00:00,1.0625,1.0648,1.0623,1.0635,1041.0,0.1035391566264865
2024-04-17 15:00:00,1.0636,1.0652,1.0629,1.0642,1597.0,0.0658204043253452
2024-04-17 19:00:00,1.0643,1.0679,1.0635,1.067,1639.0,0.26310843826347075
2024-04-17 23:00:00,1.0671,1.0674,1.0667,1.0668,230.0,-0.018744142455484614
2024-04-18 03:00:00,1.0669,1.0679,1.0663,1.0679,419.0,0.1031121109861255
2024-04-18 07:00:00,1.0678,1.0689,1.0674,1.068,807.0,0.009364172675341287
2024-04-18 11:00:00,1.0679,1.0683,1.0669,1.0677,790.0,-0.02808988764044784
2024-04-18 15:00:00,1.0678,1.0679,1.0646,1.0659,2132.0,-0.16858668165214974
2024-04-18 19:00:00,1.066,1.0661,1.0641,1.0643,804.0,-0.15010789004596958
2024-04-18 23:00:00,1.0642,1.0645,1.0639,1.0641,179.0,-0.0187916940712185
2024-04-19 03:00:00,1.064,1.0644,1.061,1.0636,2257.0,-0.04698806503147246
2024-04-19 07:00:00,1.0637,1.0658,1.0626,1.0654,1330.0,0.1692365550958863
2024-04-19 11:00:00,1.0653,1.0661,1.0642,1.0651,1170.0,-0.02815843814529817
2024-04-19 15:00:00,1.065,1.0677,1.0649,1.0654,1866.0,0.028166369354987175
2024-04-19 19:00:00,1.0655,1.0659,1.0639,1.0654,1148.0,0.0
2024-04-19 23:00:00,1.0653,1.0657,1.0652,1.0656,62.0,0.01877229209688025
2024-04-20 15:00:00,1.0656,1.0656,1.0656,1.0656,16.0,0.0
2024-04-22 15:00:00,1.063,1.0647,1.0623,1.0646,808.0,-0.09384384384385491
2024-04-22 19:00:00,1.0647,1.066,1.0645,1.0651,499.0,0.04696599661844214
2024-04-22 23:00:00,1.065,1.0655,1.065,1.0653,184.0,0.01877757956998405
2024-04-23 03:00:00,1.0654,1.066,1.0653,1.0655,476.0,0.018774054257009176
2024-04-23 07:00:00,1.0656,1.0694,1.0638,1.0677,896.0,0.20647583294230998
2024-04-23 11:00:00,1.0678,1.0682,1.0652,1.0674,1139.0,-0.028097780275371242
2024-04-23 15:00:00,1.0673,1.071,1.0659,1.0694,2165.0,0.1873711823121571
2024-04-23 19:00:00,1.0693,1.0707,1.0691,1.0702,794.0,0.07480830372172953
2024-04-23 23:00:00,1.0701,1.0704,1.0699,1.0702,177.0,0.0
2024-04-24 03:00:00,1.0701,1.0713,1.0699,1.0705,657.0,0.028032143524581166
2024-04-24 07:00:00,1.0706,1.0708,1.0684,1.0688,602.0,-0.1588042970574577
2024-04-24 11:00:00,1.0687,1.0692,1.068,1.0688,726.0,0.0
2024-04-24 15:00:00,1.0689,1.0702,1.0677,1.0685,1449.0,-0.02806886227544325
2024-04-24 19:00:00,1.0686,1.0706,1.0682,1.07,979.0,0.14038371548901196
2024-04-24 23:00:00,1.0699,1.07,1.0693,1.0699,220.0,-0.009345794392523477
2024-04-25 03:00:00,1.07,1.0708,1.0696,1.0705,494.0,0.05608000747732156
2024-04-25 07:00:00,1.0704,1.0727,1.0704,1.072,701.0,0.14012143858010973
2024-04-25 11:00:00,1.0719,1.0729,1.0716,1.0719,841.0,-0.009328358208948728
2024-04-25 15:00:00,1.0718,1.0739,1.0677,1.0719,2954.0,0.0
2024-04-25 19:00:00,1.0718,1.0738,1.0714,1.0728,913.0,0.08396305625524292
2024-04-25 23:00:00,1.0729,1.0731,1.0725,1.0726,135.0,-0.018642803877699787
2024-04-26 03:00:00,1.0725,1.0728,1.0718,1.0722,390.0,-0.037292560134249975
2024-04-26 07:00:00,1.0721,1.0738,1.072,1.0728,710.0,0.05595970900951208
2024-04-26 11:00:00,1.0729,1.0752,1.0714,1.0715,1187.0,-0.12117822520507637
2024-04-26 15:00:00,1.0714,1.074,1.0673,1.0685,2392.0,-0.2799813345776836
2024-04-26 19:00:00,1.0686,1.0706,1.0683,1.0698,535.0,0.12166588675714962
2024-04-26 23:00:00,1.0699,1.0701,1.069,1.0693,87.0,-0.046737707982813514
2024-04-28 23:00:00,1.0696,1.0706,1.0692,1.0706,187.0,0.12157486205930379
2024-04-29 03:00:00,1.0707,1.0719,1.0705,1.0715,767.0,0.08406501027460322
2024-04-29 07:00:00,1.0714,1.0733,1.0707,1.0717,2063.0,0.01866542230519741
2024-04-29 11:00:00,1.0718,1.0726,1.0696,1.0713,1326.0,-0.03732387795093439
2024-04-29 15:00:00,1.0714,1.0723,1.0689,1.0716,1369.0,0.02800336040327256
2024-04-29 19:00:00,1.0715,1.0729,1.0714,1.072,972.0,0.03732736095558575
2024-04-29 23:00:00,1.0721,1.0723,1.0713,1.0714,269.0,-0.05597014925374788
2024-04-30 03:00:00,1.0713,1.0717,1.0702,1.0704,534.0,-0.09333582228858717
2024-04-30 07:00:00,1.0705,1.0709,1.0689,1.0704,808.0,0.0
2024-04-30 11:00:00,1.0703,1.0734,1.0692,1.0719,877.0,0.14013452914798386
2024-04-30 15:00:00,1.0718,1.0723,1.0682,1.0683,2861.0,-0.3358522250209939
2024-04-30 19:00:00,1.0684,1.0686,1.0671,1.0671,880.0,-0.11232799775344748
2024-04-30 23:00:00,1.0672,1.0673,1.0664,1.0665,358.0,-0.05622715771717024
2024-05-01 03:00:00,1.0666,1.0666,1.0655,1.0655,542.0,-0.09376465072669093
2024-05-01 07:00:00,1.0656,1.0661,1.0648,1.0661,644.0,0.05631159080246029
2024-05-01 11:00:00,1.066,1.0672,1.066,1.0671,696.0,0.09379983116029056
2024-05-01 15:00:00,1.0672,1.0689,1.0671,1.0678,1654.0,0.0655983506700597
2024-05-01 19:00:00,1.0677,1.0732,1.067,1.0689,3219.0,0.10301554598237672
2024-05-01 23:00:00,1.0688,1.0722,1.0686,1.0716,1112.0,0.2525961268593946
2024-05-02 03:00:00,1.0715,1.072,1.0706,1.0714,600.0,-0.01866368047780398
2024-05-02 07:00:00,1.0715,1.0727,1.0711,1.0714,953.0,0.0
2024-05-02 11:00:00,1.0715,1.0718,1.0695,1.0701,1026.0,-0.1213365689751611
2024-05-02 15:00:00,1.0702,1.0711,1.0673,1.0704,2261.0,0.028034763106243865
2024-05-02 19:00:00,1.0705,1.0729,1.0701,1.0726,882.0,0.20553064275037336
2024-05-02 23:00:00,1.0727,1.073,1.0723,1.0729,315.0,0.02796942010068193
2024-05-03 03:00:00,1.0728,1.0739,1.0724,1.0734,757.0,0.04660266567246829
2024-05-03 07:00:00,1.0735,1.0737,1.0724,1.0734,696.0,0.0
2024-05-03 11:00:00,1.0733,1.0749,1.0732,1.0745,1044.0,0.10247810694989923
2024-05-03 15:00:00,1.0744,1.0811,1.0743,1.0768,4278.0,0.2140530479292746
2024-05-03 19:00:00,1.0767,1.0772,1.0758,1.0763,806.0,-0.04643387815750355
2024-05-03 23:00:00,1.0764,1.0766,1.0762,1.0762,73.0,-0.009291089844842837
2024-05-05 23:00:00,1.0761,1.0762,1.0755,1.0755,245.0,-0.0650436721799097
2024-05-06 03:00:00,1.0754,1.0771,1.0752,1.0764,834.0,0.08368200836821327
2024-05-06 07:00:00,1.0763,1.0769,1.0758,1.0761,816.0,-0.02787068004459492
2024-05-06 11:00:00,1.076,1.0775,1.0757,1.0772,934.0,0.10222098318000139
2024-05-06 15:00:00,1.0771,1.079,1.0771,1.0778,880.0,0.05569996286669543
2024-05-06 19:00:00,1.0777,1.0778,1.0766,1.0766,448.0,-0.11133791055855102
2024-05-06 23:00:00,1.0767,1.077,1.0765,1.0766,137.0,0.0
2024-05-07 03:00:00,1.0767,1.0776,1.076,1.0768,511.0,0.018577001671937765
2024-05-07 07:00:00,1.0769,1.0769,1.0753,1.0763,713.0,-0.04643387815750355
2024-05-07 11:00:00,1.0764,1.0769,1.0754,1.0766,857.0,0.027873269534506306
2024-05-07 15:00:00,1.0765,1.0786,1.0763,1.0766,1000.0,0.0
2024-05-07 19:00:00,1.0765,1.0773,1.0747,1.0756,712.0,-0.09288500835966662
2024-05-07 23:00:00,1.0755,1.0756,1.0747,1.0749,209.0,-0.0650799553737369
2024-05-08 03:00:00,1.075,1.0753,1.0737,1.074,365.0,-0.08372871895059308
2024-05-08 07:00:00,1.0739,1.0748,1.0736,1.0738,486.0,-0.018621973929233704
2024-05-08 11:00:00,1.0737,1.0753,1.0734,1.0745,835.0,0.06518904823988869
2024-05-08 15:00:00,1.0744,1.0756,1.0739,1.0754,1067.0,0.08375988832014514
2024-05-08 19:00:00,1.0753,1.0754,1.074,1.0744,600.0,-0.09298865538402978
2024-05-08 23:00:00,1.0745,1.075,1.0743,1.0746,228.0,0.01861504095308497
2024-05-09 03:00:00,1.0745,1.0751,1.0741,1.0747,557.0,0.009305788200264509
2024-05-09 07:00:00,1.0746,1.0749,1.0729,1.0734,601.0,-0.12096398995069535
2024-05-09 11:00:00,1.0733,1.0738,1.0723,1.0726,1060.0,-0.07452953232717219
2024-05-09 15:00:00,1.0727,1.0781,1.0727,1.077,1714.0,0.4102181614767719
2024-05-09 19:00:00,1.0769,1.0783,1.0769,1.0781,782.0,0.10213556174560878
2024-05-09 23:00:00,1.078,1.0785,1.078,1.0781,150.0,0.0
2024-05-10 03:00:00,1.078,1.0782,1.0772,1.0775,336.0,-0.05565346442817365
2024-05-10 07:00:00,1.0776,1.0783,1.0771,1.078,592.0,0.04640371229700513
2024-05-10 11:00:00,1.0781,1.0786,1.0774,1.0778,770.0,-0.018552875695732052
2024-05-10 15:00:00,1.0779,1.0789,1.0759,1.0771,1591.0,-0.06494711449249735
2024-05-10 19:00:00,1.0772,1.0778,1.0769,1.0771,563.0,0.0
2024-05-10 23:00:00,1.077,1.0771,1.0768,1.0769,36.0,-0.01856837805217504
2024-05-12 23:00:00,1.0772,1.0774,1.0767,1.0769,251.0,0.0
2024-05-13 03:00:00,1.077,1.0772,1.0765,1.0771,425.0,0.018571826539148795
2024-05-13 07:00:00,1.077,1.0779,1.0768,1.0775,506.0,0.03713675610435008
2024-05-13 11:00:00,1.0774,1.0794,1.0773,1.0788,661.0,0.12064965197216004
2024-05-13 15:00:00,1.0789,1.0806,1.0788,1.0794,977.0,0.05561735261401246
2024-05-13 19:00:00,1.0795,1.0798,1.0786,1.0788,618.0,-0.05558643690938281
2024-05-13 23:00:00,1.0787,1.0793,1.0787,1.0791,116.0,0.02780867630700623
2024-05-14 03:00:00,1.0789,1.079,1.0783,1.0787,491.0,-0.037067926976175336
2024-05-14 07:00:00,1.0788,1.0789,1.0782,1.0786,553.0,-0.009270418095852495
2024-05-14 11:00:00,1.0785,1.0798,1.0774,1.0792,714.0,0.05562766549229714
2024-05-14 15:00:00,1.0791,1.0825,1.0766,1.0817,2031.0,0.2316530763528668
2024-05-14 19:00:00,1.0816,1.0822,1.0813,1.0819,464.0,0.018489414810018978
2024-05-14 23:00:00,1.082,1.082,1.0813,1.0813,174.0,-0.05545799057216083
2024-05-15 03:00:00,1.0812,1.0827,1.0812,1.0825,406.0,0.11097752705078179
2024-05-15 07:00:00,1.0824,1.0832,1.082,1.0825,662.0,0.0
2024-05-15 11:00:00,1.0826,1.0834,1.0821,1.0828,827.0,0.027713625866043756
2024-05-15 15:00:00,1.0829,1.0874,1.0827,1.0859,2762.0,0.2862947912818603
2024-05-15 19:00:00,1.0858,1.0882,1.0855,1.0881,658.0,0.20259692421034092
2024-05-15 23:00:00,1.0882,1.0889,1.0878,1.0888,384.0,0.06433232239682063
2024-05-16 03:00:00,1.0887,1.0894,1.0881,1.0886,496.0,-0.018368846436445097
2024-05-16 07:00:00,1.0885,1.0886,1.0872,1.0874,714.0,-0.11023332720926371
2024-05-16 11:00:00,1.0873,1.0876,1.0861,1.0866,768.0,-0.07356998344674182
2024-05-16 15:00:00,1.0867,1.0875,1.0854,1.0874,1494.0,0.0736241487207634
2024-05-16 19:00:00,1.0875,1.0875,1.0865,1.0866,524.0,-0.07356998344674182
2024-05-16 23:00:00,1.0865,1.0868,1.0863,1.0867,221.0,0.009203018590087098
2024-05-17 03:00:00,1.0868,1.0868,1.0853,1.0858,408.0,-0.08281954541270453
2024-05-17 07:00:00,1.0859,1.0867,1.0855,1.0858,512.0,0.0
2024-05-17 11:00:00,1.0859,1.0859,1.0835,1.0842,716.0,-0.14735678762203275
2024-05-17 15:00:00,1.0843,1.0878,1.0838,1.0868,1178.0,0.23980815347721673
2024-05-17 19:00:00,1.0867,1.0876,1.0866,1.0872,451.0,0.03680529996319404
2024-05-17 23:00:00,1.0871,1.0872,1.0868,1.0869,59.0,-0.027593818984539276
2024-05-19 23:00:00,1.0868,1.0873,1.0864,1.0872,122.0,0.027601435274626773
2024-05-20 03:00:00,1.0871,1.0878,1.0868,1.0877,345.0,0.04598969830758026
2024-05-20 07:00:00,1.0878,1.0884,1.0868,1.0872,619.0,-0.04596855750665929
2024-05-20 11:00:00,1.0873,1.0875,1.0859,1.086,614.0,-0.1103752759381793
2024-05-20 15:00:00,1.0859,1.0869,1.0854,1.086,1072.0,0.0
2024-05-20 19:00:00,1.0861,1.087,1.0858,1.0859,401.0,-0.009208103130753376
2024-05-20 23:00:00,1.0858,1.086,1.0855,1.0859,212.0,0.0
2024-05-21 03:00:00,1.086,1.0861,1.085,1.0855,458.0,-0.03683580440189127
2024-05-21 07:00:00,1.0854,1.0866,1.0854,1.0864,590.0,0.08291110087519371
2024-05-21 11:00:00,1.0863,1.0874,1.0859,1.0868,824.0,0.03681885125184081
2024-05-21 15:00:00,1.0869,1.087,1.0842,1.0853,1833.0,-0.1380198748619832
2024-05-21 19:00:00,1.0852,1.0856,1.0846,1.0855,606.0,0.01842808440062349
2024-05-21 23:00:00,1.0854,1.0859,1.0853,1.0853,172.0,-0.018424689083373913
2024-05-22 03:00:00,1.0854,1.0863,1.0853,1.0855,584.0,0.01842808440062349
2024-05-22 07:00:00,1.0854,1.0863,1.0849,1.0857,721.0,0.018424689083396117
2024-05-22 11:00:00,1.0856,1.0856,1.0821,1.0827,920.0,-0.27631942525561115
2024-05-22 15:00:00,1.0826,1.0841,1.0826,1.0835,1394.0,0.07388935069732039
2024-05-22 19:00:00,1.0836,1.0846,1.0817,1.082,1055.0,-0.13844023996306687
2024-05-22 23:00:00,1.0819,1.0826,1.0819,1.0824,252.0,0.03696857670978382
2024-05-23 03:00:00,1.0825,1.083,1.0821,1.0829,395.0,0.04619364375462176
2024-05-23 07:00:00,1.083,1.0834,1.0812,1.0828,911.0,-0.009234463015972416
2024-05-23 11:00:00,1.0829,1.0852,1.0827,1.085,938.0,0.20317694865163993
2024-05-23 15:00:00,1.0849,1.086,1.0819,1.0825,2066.0,-0.23041474654377225
2024-05-23 19:00:00,1.0826,1.083,1.0804,1.0809,978.0,-0.14780600461894444
2024-05-23 23:00:00,1.0808,1.0815,1.0808,1.0811,257.0,0.018503099269118195
2024-05-24 03:00:00,1.081,1.0813,1.0805,1.0805,324.0,-0.05549902876699209
2024-05-24 07:00:00,1.0806,1.0825,1.0805,1.0823,626.0,0.16658954187875885
2024-05-24 11:00:00,1.0822,1.0843,1.0819,1.084,730.0,0.15707290030491095
2024-05-24 15:00:00,1.0841,1.0855,1.0837,1.085,1186.0,0.09225092250921829
2024-05-24 19:00:00,1.0851,1.0857,1.0845,1.0848,456.0,-0.018433179723498228
2024-05-26 23:00:00,1.0844,1.085,1.0842,1.0846,157.0,-0.018436578171088236
2024-05-27 03:00:00,1.0847,1.0851,1.0846,1.0848,456.0,0.01843997787203122
2024-05-27 07:00:00,1.0847,1.0852,1.0843,1.085,342.0,0.018436578171088236
2024-05-27 11:00:00,1.0849,1.0867,1.0844,1.0857,713.0,0.064516129032266
2024-05-27 15:00:00,1.0854,1.0859,1.084,1.0859,879.0,0.018421295017034822
2024-05-27 19:00:00,1.086,1.0861,1.0856,1.0859,188.0,0.0
2024-05-27 23:00:00,1.086,1.0861,1.0853,1.0861,525.0,0.018417902200940084
2024-05-28 03:00:00,1.086,1.0878,1.086,1.0877,664.0,0.14731608507503324
2024-05-28 07:00:00,1.0878,1.0879,1.0871,1.0876,546.0,-0.009193711501331858
2024-05-28 11:00:00,1.0875,1.0888,1.0866,1.0883,672.0,0.06436189775653745
2024-05-28 15:00:00,1.0884,1.0884,1.0857,1.0877,1397.0,-0.05513185702473722
2024-05-28 19:00:00,1.0878,1.0878,1.0854,1.086,873.0,-0.1562930955226416
2024-05-28 23:00:00,1.0861,1.0861,1.085,1.085,396.0,-0.09208103130755596
2024-05-29 03:00:00,1.0849,1.0856,1.0845,1.0846,541.0,-0.036866359446996455
2024-05-29 07:00:00,1.0845,1.0858,1.0843,1.0851,643.0,0.04609994468005585
2024-05-29 11:00:00,1.085,1.0855,1.0828,1.0849,1194.0,-0.018431480969494096
2024-05-29 15:00:00,1.0851,1.0858,1.0808,1.081,1648.0,-0.35948013641809995
2024-05-29 19:00:00,1.0809,1.0817,1.0799,1.0801,945.0,-0.08325624421831046
2024-05-29 23:00:00,1.08,1.0806,1.0799,1.08,216.0,-0.009258401999812094
2024-05-30 03:00:00,1.0799,1.0804,1.0793,1.0797,643.0,-0.027777777777771018
2024-05-30 07:00:00,1.0798,1.081,1.0787,1.0807,916.0,0.09261831990365899
2024-05-30 11:00:00,1.0808,1.0821,1.0802,1.0817,1168.0,0.09253261774777588
2024-05-30 15:00:00,1.0816,1.0844,1.0812,1.0836,1676.0,0.1756494406951914
2024-05-30 19:00:00,1.0837,1.0842,1.0826,1.0829,645.0,-0.06459948320413078
2024-05-30 23:00:00,1.0828,1.0834,1.0828,1.0831,253.0,0.018468926031944832
2024-05-31 03:00:00,1.083,1.0833,1.081,1.0818,565.0,-0.1200258517218944
2024-05-31 07:00:00,1.0819,1.0825,1.0814,1.0822,775.0,0.03697541135143645
2024-05-31 11:00:00,1.0823,1.0854,1.0822,1.0852,1076.0,0.27721308445758375
2024-05-31 15:00:00,1.0851,1.0881,1.0841,1.0845,2316.0,-0.0645042388499717
2024-05-31 19:00:00,1.0844,1.0852,1.0839,1.085,989.0,0.04610419548178868
2024-05-31 23:00:00,1.0849,1.0851,1.0845,1.0849,63.0,-0.009216589861749114
2024-06-02 23:00:00,1.0847,1.0853,1.0846,1.0852,314.0,0.027652318186000002
2024-06-03 03:00:00,1.0851,1.0858,1.0848,1.0849,617.0,-0.027644673792848184
2024-06-03 07:00:00,1.0848,1.0858,1.0839,1.0839,828.0,-0.09217439395334814
2024-06-03 11:00:00,1.0838,1.0844,1.0827,1.0843,1070.0,0.03690377341083462
2024-06-03 15:00:00,1.0842,1.0889,1.084,1.0889,1643.0,0.42423683482430974
2024-06-03 19:00:00,1.0888,1.0899,1.088,1.0899,688.0,0.09183579759390881
2024-06-03 23:00:00,1.09,1.0909,1.0899,1.0906,253.0,0.06422607578675521
2024-06-04 03:00:00,1.0907,1.0915,1.0904,1.0907,547.0,0.009169264624975249
2024-06-04 07:00:00,1.0906,1.091,1.0884,1.0889,844.0,-0.16503163106261765
2024-06-04 11:00:00,1.0888,1.089,1.0858,1.0861,1536.0,-0.25714023326292024
2024-06-04 15:00:00,1.0862,1.0883,1.0861,1.0877,1756.0,0.14731608507503324
2024-06-04 19:00:00,1.0876,1.0887,1.0876,1.088,805.0,0.027581134504006677
2024-06-04 23:00:00,1.0879,1.0881,1.0877,1.0881,179.0,0.009191176470579876
2024-06-05 03:00:00,1.088,1.0885,1.0876,1.0877,338.0,-0.03676132708392288
2024-06-05 07:00:00,1.0878,1.0881,1.087,1.0871,576.0,-0.05516226900799115
2024-06-05 11:00:00,1.087,1.0876,1.0859,1.0868,675.0,-0.02759635728083465
2024-06-05 15:00:00,1.0867,1.089,1.0861,1.0864,1849.0,-0.03680529996319404
2024-06-05 19:00:00,1.0863,1.0876,1.0854,1.0873,569.0,0.08284241531664183
2024-06-05 23:00:00,1.0872,1.0874,1.0867,1.0873,253.0,0.0
2024-06-06 03:00:00,1.0874,1.0895,1.0874,1.089,569.0,0.15635059321255085
2024-06-06 07:00:00,1.0889,1.089,1.0875,1.0877,807.0,-0.11937557392103226
2024-06-06 11:00:00,1.0876,1.0881,1.0861,1.0867,862.0,-0.09193711501331858
2024-06-06 15:00:00,1.0866,1.0901,1.0863,1.0881,2427.0,0.12883040397535517
2024-06-06 19:00:00,1.088,1.0893,1.0879,1.0888,668.0,0.06433232239682063
2024-06-06 23:00:00,1.0889,1.0892,1.0888,1.0891,261.0,0.027553269654667645
2024-06-07 03:00:00,1.089,1.0897,1.0886,1.0894,835.0,0.027545679919205313
2024-06-07 07:00:00,1.0893,1.0898,1.0887,1.0892,894.0,-0.018358729575906896
2024-06-07 11:00:00,1.0891,1.0901,1.0882,1.0897,1111.0,0.04590525156076275
2024-06-07 15:00:00,1.0898,1.0898,1.0803,1.0806,2937.0,-0.8350922272184924
2024-06-07 19:00:00,1.0807,1.0811,1.0799,1.0799,931.0,-0.06477882657781597
2024-06-07 23:00:00,1.08,1.0803,1.0799,1.0801,68.0,0.018520233354935023
2024-06-09 23:00:00,1.0771,1.0779,1.0764,1.0778,536.0,-0.21294324599573367
2024-06-10 03:00:00,1.0779,1.0781,1.0755,1.0755,501.0,-0.2133976619038913
2024-06-10 07:00:00,1.0754,1.0766,1.0747,1.0764,1135.0,0.08368200836821327
2024-06-10 11:00:00,1.0763,1.0767,1.0732,1.0753,967.0,-0.10219249349685544
2024-06-10 15:00:00,1.0754,1.076,1.0732,1.0749,1212.0,-0.0371989212312851
2024-06-10 19:00:00,1.075,1.0765,1.0749,1.0762,745.0,0.12094148292864926
2024-06-10 23:00:00,1.0761,1.0767,1.0759,1.0762,280.0,0.0
2024-06-11 03:00:00,1.0763,1.0768,1.076,1.0768,366.0,0.055751719011332135
2024-06-11 07:00:00,1.0767,1.0773,1.076,1.0763,615.0,-0.04643387815750355
2024-06-11 11:00:00,1.0762,1.0764,1.0723,1.0728,1483.0,-0.32518814456936607
2024-06-11 15:00:00,1.0729,1.0736,1.0719,1.0732,1512.0,0.037285607755399575
2024-06-11 19:00:00,1.0731,1.0748,1.0731,1.0739,655.0,0.06522549385017395
2024-06-11 23:00:00,1.074,1.0742,1.0737,1.0739,171.0,0.0
2024-06-12 03:00:00,1.0738,1.0742,1.0734,1.0739,342.0,0.0
2024-06-12 07:00:00,1.074,1.0746,1.0735,1.0744,635.0,0.04655926995065229
2024-06-12 11:00:00,1.0745,1.0765,1.0743,1.0763,960.0,0.17684288905435164
2024-06-12 15:00:00,1.0764,1.0851,1.0761,1.0842,2189.0,0.7339960977422733
2024-06-12 19:00:00,1.0841,1.0847,1.0803,1.0806,2971.0,-0.3320420586607642
2024-06-12 23:00:00,1.0805,1.0814,1.0803,1.0812,258.0,0.05552470849528035
2024-06-13 03:00:00,1.0811,1.0815,1.0803,1.0806,296.0,-0.055493895671465676
2024-06-13 07:00:00,1.0805,1.0815,1.0799,1.0813,463.0,0.06477882657782708
2024-06-13 11:00:00,1.0814,1.0814,1.0782,1.0782,962.0,-0.2866919448811456
2024-06-13 15:00:00,1.0783,1.0815,1.0752,1.0754,2332.0,-0.25969207939159356
2024-06-13 19:00:00,1.0755,1.0755,1.0732,1.074,1100.0,-0.13018411753764614
2024-06-13 23:00:00,1.0739,1.0742,1.0734,1.0737,272.0,-0.027932960893850556
2024-06-14 03:00:00,1.0736,1.0744,1.0734,1.0739,504.0,0.01862717705132244
2024-06-14 07:00:00,1.074,1.074,1.0705,1.0707,1061.0,-0.29797932768415025
2024-06-14 11:00:00,1.0706,1.0711,1.0671,1.0694,1758.0,-0.12141589614271808
2024-06-14 15:00:00,1.0693,1.0699,1.0667,1.0698,2236.0,0.037404151860864765
2024-06-14 19:00:00,1.0697,1.0705,1.0692,1.0705,835.0,0.06543279117592338
2024-06-16 23:00:00,1.0704,1.0709,1.0701,1.0702,240.0,-0.028024287716021945
2024-06-17 03:00:00,1.0703,1.0706,1.0698,1.0703,435.0,0.009344047841519654
2024-06-17 07:00:00,1.0702,1.0708,1.0685,1.07,1238.0,-0.028029524432393593
2024-06-17 11:00:00,1.0699,1.0717,1.0699,1.0709,1243.0,0.08411214953270019
2024-06-17 15:00:00,1.0708,1.0724,1.0706,1.0721,1346.0,0.11205528060511671
2024-06-17 19:00:00,1.0722,1.0737,1.072,1.0731,738.0,0.0932748810745121
2024-06-17 23:00:00,1.0732,1.074,1.073,1.0739,172.0,0.07455036809245197
2024-06-18 03:00:00,1.0738,1.074,1.072,1.0724,389.0,-0.13967780985194578
2024-06-18 07:00:00,1.0723,1.0734,1.0717,1.0722,713.0,-0.01864975755314635
2024-06-18 11:00:00,1.0723,1.0725,1.0709,1.0716,1117.0,-0.05595970900951208
2024-06-18 15:00:00,1.0715,1.0761,1.071,1.0738,1943.0,0.20530048525568834
2024-06-18 19:00:00,1.0737,1.0742,1.0731,1.0738,801.0,0.0
2024-06-18 23:00:00,1.0737,1.074,1.0736,1.0738,210.0,0.0
2024-06-19 03:00:00,1.0739,1.0742,1.0734,1.0737,423.0,-0.009312721177123784
2024-06-19 07:00:00,1.0736,1.0741,1.0724,1.0736,930.0,-0.00931358852566122
2024-06-19 11:00:00,1.0737,1.0752,1.0732,1.075,1038.0,0.1304023845007274
2024-06-19 15:00:00,1.0751,1.0752,1.074,1.0748,741.0,-0.018604651162790198
2024-06-19 19:00:00,1.0747,1.0748,1.0741,1.0744,96.0,-0.037216226274650044
2024-06-19 23:00:00,1.0743,1.0748,1.0741,1.0746,208.0,0.01861504095308497
2024-06-20 03:00:00,1.0745,1.0747,1.0738,1.0741,349.0,-0.04652894100130034
2024-06-20 07:00:00,1.074,1.0744,1.0723,1.0723,648.0,-0.16758216180988716
2024-06-20 11:00:00,1.0722,1.0731,1.0712,1.0713,1128.0,-0.09325748391308952
2024-06-20 15:00:00,1.0714,1.073,1.0706,1.0706,1499.0,-0.06534117427423602
2024-06-20 19:00:00,1.0707,1.0717,1.0702,1.0704,936.0,-0.01868111339435874
2024-06-20 23:00:00,1.0703,1.0707,1.07,1.0705,247.0,0.009342301943204845
2024-06-21 03:00:00,1.0704,1.0717,1.0702,1.0715,528.0,0.09341429238671761
2024-06-21 07:00:00,1.0714,1.072,1.067,1.0675,1048.0,-0.37330844610359293
2024-06-21 11:00:00,1.0676,1.0697,1.0675,1.0688,1179.0,0.12177985948478298
2024-06-21 15:00:00,1.0689,1.0697,1.0677,1.0693,1643.0,0.046781437125753556
2024-06-21 19:00:00,1.0692,1.0696,1.0689,1.0691,538.0,-0.01870382493219802
2024-06-21 23:00:00,1.069,1.0694,1.069,1.0692,81.0,0.009353661958666493
2024-06-23 23:00:00,1.0689,1.0695,1.0686,1.0687,247.0,-0.046763935652816
2024-06-24 03:00:00,1.0686,1.0693,1.0683,1.0691,402.0,0.03742865163283149
2024-06-24 07:00:00,1.069,1.0714,1.069,1.0712,523.0,0.1964269011317965
2024-06-24 11:00:00,1.0711,1.0735,1.0708,1.0735,1170.0,0.21471247199402743
2024-06-24 15:00:00,1.0734,1.0745,1.0723,1.0726,1449.0,-0.08383791336747937
2024-06-24 19:00:00,1.0725,1.0737,1.0721,1.0735,525.0,0.083908260302068
2024-06-24 23:00:00,1.0734,1.0737,1.0729,1.0731,189.0,-0.0372612948299933
2024-06-25 03:00:00,1.0732,1.0739,1.0731,1.0738,461.0,0.0652315720808927
2024-06-25 07:00:00,1.0737,1.0743,1.072,1.0726,617.0,-0.11175265412554092
2024-06-25 11:00:00,1.0725,1.0735,1.0708,1.0709,848.0,-0.15849338057057905
2024-06-25 15:00:00,1.0708,1.0714,1.069,1.0703,1241.0,-0.056027640302547255
2024-06-25 19:00:00,1.0702,1.0717,1.0701,1.0715,918.0,0.11211809772959658
2024-06-25 23:00:00,1.0714,1.0715,1.0708,1.0708,187.0,-0.06532897806812432
2024-06-26 03:00:00,1.0707,1.0717,1.0705,1.071,336.0,0.018677624206198118
2024-06-26 07:00:00,1.0709,1.0711,1.0684,1.0693,631.0,-0.15873015873015817
2024-06-26 11:00:00,1.0692,1.0699,1.0679,1.0693,844.0,0.0
2024-06-26 15:00:00,1.0694,1.0695,1.0665,1.0681,1729.0,-0.11222294959317702
2024-06-26 19:00:00,1.068,1.069,1.0674,1.068,743.0,-0.009362419249137055
2024-06-26 23:00:00,1.0681,1.0682,1.0677,1.0679,240.0,-0.00936329588014928
2024-06-27 03:00:00,1.0678,1.0691,1.0676,1.069,409.0,0.10300589942877636
2024-06-27 07:00:00,1.0691,1.0698,1.0687,1.0689,673.0,-0.00935453695042332
2024-06-27 11:00:00,1.0688,1.0704,1.068,1.0692,969.0,0.028066236317703108
2024-06-27 15:00:00,1.0693,1.0726,1.0693,1.0706,1854.0,0.13093901982792477
2024-06-27 19:00:00,1.0705,1.0709,1.07,1.0702,732.0,-0.03736222678871748
2024-06-27 23:00:00,1.0703,1.0709,1.0702,1.0707,197.0,0.04672023920762047
2024-06-28 03:00:00,1.0706,1.071,1.0684,1.0691,612.0,-0.14943494909872568
2024-06-28 07:00:00,1.069,1.0703,1.0685,1.0696,609.0,0.04676830979331026
2024-06-28 11:00:00,1.0695,1.0711,1.0691,1.0696,902.0,0.0
2024-06-28 15:00:00,1.0697,1.0721,1.0692,1.071,2464.0,0.13089005235600304
2024-06-28 19:00:00,1.0711,1.0724,1.0705,1.071,884.0,0.0
2024-06-28 23:00:00,1.0709,1.0713,1.0707,1.0712,86.0,0.01867413632119508
2024-06-30 23:00:00,1.0741,1.0745,1.0732,1.0734,413.0,0.205377147124719
2024-07-01 03:00:00,1.0735,1.0761,1.0734,1.0752,717.0,0.1676914477361624
2024-07-01 07:00:00,1.0751,1.0775,1.075,1.0754,1104.0,0.018601190476186247
2024-07-01 11:00:00,1.0753,1.0771,1.0742,1.0748,960.0,-0.05579319323042453
2024-07-01 15:00:00,1.0747,1.0768,1.0719,1.0726,1845.0,-0.204689244510603
2024-07-01 19:00:00,1.0725,1.0738,1.0723,1.0738,748.0,0.11187768040277213
2024-07-01 23:00:00,1.0737,1.0742,1.0735,1.0736,259.0,-0.01862544235425867
2024-07-02 03:00:00,1.0737,1.0738,1.073,1.0731,321.0,-0.04657228017885817
2024-07-02 07:00:00,1.0732,1.0735,1.0711,1.0717,720.0,-0.1304631441617632
2024-07-02 11:00:00,1.0718,1.0724,1.0709,1.0723,906.0,0.05598581692636273
2024-07-02 15:00:00,1.0724,1.0746,1.0723,1.0735,1930.0,0.11190898069568522
2024-07-02 19:00:00,1.0736,1.0746,1.073,1.0745,412.0,0.09315323707499434
2024-07-02 23:00:00,1.0744,1.0748,1.0743,1.0747,192.0,0.018613308515580407
2024-07-03 03:00:00,1.0748,1.0753,1.074,1.0743,356.0,-0.03721968921559515
2024-07-03 07:00:00,1.0742,1.0761,1.0735,1.0759,767.0,0.148934189704919
2024-07-03 11:00:00,1.0758,1.0763,1.0752,1.0757,851.0,-0.018589088205223092
2024-07-03 15:00:00,1.0758,1.0816,1.0754,1.0798,1964.0,0.3811471599888483
2024-07-03 19:00:00,1.0797,1.0799,1.0777,1.0784,554.0,-0.12965363956288778
2024-07-03 23:00:00,1.0783,1.0791,1.0783,1.079,182.0,0.05563798219583305
2024-07-04 03:00:00,1.0791,1.0794,1.0783,1.0784,386.0,-0.05560704355884738
2024-07-04 07:00:00,1.0785,1.0796,1.0784,1.0793,591.0,0.08345697329374957
2024-07-04 11:00:00,1.0794,1.0802,1.0793,1.0796,761.0,0.027795793569906913
2024-07-04 15:00:00,1.0795,1.0813,1.0794,1.081,744.0,0.1296776583920023
2024-07-04 19:00:00,1.0809,1.0813,1.0809,1.0812,216.0,0.018501387604064057
2024-07-04 23:00:00,1.0813,1.0813,1.0808,1.081,174.0,-0.01849796522381819
2024-07-05 03:00:00,1.0809,1.0824,1.0809,1.0821,394.0,0.10175763182238562
2024-07-05 07:00:00,1.082,1.0829,1.0816,1.0828,625.0,0.06468903058867159
2024-07-05 11:00:00,1.0827,1.0831,1.0818,1.0818,616.0,-0.09235315847800907
2024-07-05 15:00:00,1.0819,1.0841,1.08,1.0827,2418.0,0.08319467554076532
2024-07-05 19:00:00,1.0828,1.0842,1.0822,1.0841,672.0,0.12930636372032733
2024-07-05 23:00:00,1.084,1.084,1.0837,1.0839,106.0,-0.01844848261229881
2024-07-07 23:00:00,1.0806,1.0831,1.0806,1.0825,420.0,-0.12916320693792116
2024-07-08 03:00:00,1.0824,1.0835,1.0818,1.0831,531.0,0.05542725173208751
2024-07-08 07:00:00,1.083,1.0837,1.0814,1.0836,819.0,0.046163789123809806
2024-07-08 11:00:00,1.0837,1.0842,1.0823,1.0833,1057.0,-0.027685492801765577
2024-07-08 15:00:00,1.0834,1.0844,1.083,1.0834,1244.0,0.009231053263181188
2024-07-08 19:00:00,1.0835,1.0835,1.0821,1.0824,409.0,-0.09230201218385359
2024-07-08 23:00:00,1.0823,1.083,1.0822,1.083,126.0,0.05543237250553723
2024-07-09 03:00:00,1.0831,1.0832,1.0818,1.0827,341.0,-0.027700831024923822
2024-07-09 07:00:00,1.0828,1.083,1.0816,1.0817,684.0,-0.09236168837165604
2024-07-09 11:00:00,1.0816,1.0828,1.0811,1.0813,872.0,-0.03697882962006016
2024-07-09 15:00:00,1.0814,1.0827,1.0805,1.0812,1633.0,-0.009248127254235516
2024-07-09 19:00:00,1.0813,1.0815,1.0805,1.0813,609.0,0.009248982611920198
2024-07-09 23:00:00,1.0814,1.0816,1.0812,1.0813,183.0,0.0
2024-07-10 03:00:00,1.0814,1.082,1.081,1.0819,432.0,0.055488763525390894
2024-07-10 07:00:00,1.0818,1.0824,1.0814,1.0815,756.0,-0.03697199371477389
2024-07-10 11:00:00,1.0814,1.0826,1.0811,1.0825,850.0,0.09246417013408781
2024-07-10 15:00:00,1.0824,1.0828,1.0819,1.0821,1116.0,-0.03695150115472501
2024-07-10 19:00:00,1.0822,1.0829,1.0816,1.0828,661.0,0.06468903058867159
2024-07-10 23:00:00,1.0827,1.0836,1.0825,1.0832,207.0,0.036941263391199186
2024-07-11 03:00:00,1.0833,1.0839,1.0832,1.0837,339.0,0.046159527326450345
2024-07-11 07:00:00,1.0838,1.0839,1.0831,1.0839,436.0,0.018455292054997408
2024-07-11 11:00:00,1.0838,1.0857,1.0837,1.0854,978.0,0.1383891502906076
2024-07-11 15:00:00,1.0853,1.0899,1.0844,1.0869,3358.0,0.13819789939193416
2024-07-11 19:00:00,1.0868,1.087,1.0859,1.0864,1093.0,-0.04600239212438906
2024-07-11 23:00:00,1.0863,1.0874,1.0863,1.0873,350.0,0.08284241531664183
2024-07-12 03:00:00,1.0872,1.0874,1.0863,1.0868,655.0,-0.04598546859192476
2024-07-12 07:00:00,1.0867,1.0875,1.0861,1.0875,657.0,0.06440927493558402
2024-07-12 11:00:00,1.0874,1.0891,1.0874,1.0887,694.0,0.11034482758620623
2024-07-12 15:00:00,1.0886,1.091,1.0873,1.09,2337.0,0.11940846881601797
2024-07-12 19:00:00,1.0901,1.091,1.09,1.0906,556.0,0.05504587155962248
2024-07-12 23:00:00,1.0905,1.0907,1.0903,1.0904,72.0,-0.018338529249950497
2024-07-14 23:00:00,1.0885,1.0895,1.0882,1.0885,437.0,-0.17424798239178418
2024-07-15 03:00:00,1.0886,1.0895,1.0883,1.0893,451.0,0.0734956361965855
2024-07-15 07:00:00,1.0892,1.0895,1.0883,1.0895,612.0,0.018360414945384207
2024-07-15 11:00:00,1.0896,1.0919,1.0895,1.0905,1084.0,0.0917852225791771
2024-07-15 15:00:00,1.0906,1.0921,1.0901,1.0911,1338.0,0.05502063273727931
2024-07-15 19:00:00,1.091,1.0916,1.0892,1.0898,966.0,-0.11914581614882458
2024-07-15 23:00:00,1.0897,1.0898,1.0892,1.0897,237.0,-0.00917599559554505
2024-07-16 03:00:00,1.0896,1.0897,1.0888,1.0892,495.0,-0.045884188308709106
2024-07-16 07:00:00,1.0891,1.0899,1.0883,1.0898,633.0,0.055086301872941945
2024-07-16 11:00:00,1.0897,1.0903,1.0893,1.0901,939.0,0.027527986786557435
2024-07-16 15:00:00,1.09,1.0905,1.0871,1.0884,1538.0,-0.1559489955050064
2024-07-16 19:00:00,1.0885,1.0902,1.088,1.0901,538.0,0.15619257625874017
2024-07-16 23:00:00,1.09,1.0902,1.0897,1.0901,406.0,0.0
2024-07-17 03:00:00,1.0902,1.0906,1.0895,1.0905,444.0,0.03669388129527995
2024-07-17 07:00:00,1.0906,1.0913,1.0894,1.0908,777.0,0.02751031636862855
2024-07-17 11:00:00,1.0907,1.0944,1.0907,1.0933,1558.0,0.2291895856252335
2024-07-17 15:00:00,1.0934,1.0947,1.0927,1.0932,1848.0,-0.009146620323785548
2024-07-17 19:00:00,1.0931,1.0939,1.0923,1.0935,865.0,0.027442371020858225
2024-07-17 23:00:00,1.0936,1.094,1.0934,1.094,325.0,0.045724737082775135
2024-07-18 03:00:00,1.0939,1.094,1.0931,1.0932,427.0,-0.0731261425959917
2024-07-18 07:00:00,1.0931,1.0937,1.0925,1.093,764.0,-0.018294914013905483
2024-07-18 11:00:00,1.0931,1.0938,1.0925,1.0927,981.0,-0.027447392497714773
2024-07-18 15:00:00,1.0926,1.0936,1.0904,1.0911,1856.0,-0.14642628351789755
2024-07-18 19:00:00,1.0912,1.0916,1.0893,1.0896,961.0,-0.13747594171020783
2024-07-18 23:00:00,1.0897,1.0901,1.0894,1.0899,191.0,0.027533039647598123
2024-07-19 03:00:00,1.0898,1.0899,1.0885,1.0888,479.0,-0.10092669052207404
2024-07-19 07:00:00,1.0887,1.089,1.0881,1.0886,888.0,-0.018368846436445097
2024-07-19 11:00:00,1.0885,1.0892,1.0875,1.0892,1332.0,0.055116663604626304
2024-07-19 15:00:00,1.0893,1.0893,1.0878,1.0887,1235.0,-0.04590525156077385
2024-07-19 19:00:00,1.0888,1.089,1.0875,1.0878,705.0,-0.08266740148800134
2024-07-19 23:00:00,1.0879,1.0882,1.0879,1.0881,73.0,0.027578599007171967
2024-07-21 23:00:00,1.0886,1.0902,1.0882,1.0898,280.0,0.15623564010660562
2024-07-22 03:00:00,1.0899,1.0899,1.0884,1.0891,437.0,-0.06423196916867102
2024-07-22 07:00:00,1.0892,1.0892,1.0878,1.0886,799.0,-0.04590946653199035
2024-07-22 11:00:00,1.0887,1.0895,1.0883,1.0885,1053.0,-0.00918611060076735
2024-07-22 15:00:00,1.0884,1.0888,1.0872,1.0879,1144.0,-0.05512172714744468
2024-07-22 19:00:00,1.088,1.0891,1.0878,1.0886,629.0,0.06434414927842802
2024-07-22 23:00:00,1.0887,1.0892,1.0885,1.0888,215.0,0.0183722212015347
2024-07-23 03:00:00,1.0889,1.0896,1.0886,1.0893,333.0,0.04592211609111274
2024-07-23 07:00:00,1.0894,1.0894,1.0873,1.0875,566.0,-0.16524373450840235
2024-07-23 11:00:00,1.0876,1.0881,1.0855,1.0856,987.0,-0.1747126436781654
2024-07-23 15:00:00,1.0857,1.0863,1.0843,1.0853,1029.0,-0.027634487840821897
2024-07-23 19:00:00,1.0854,1.0857,1.0848,1.085,675.0,-0.027642126600935235
2024-07-23 23:00:00,1.0849,1.0855,1.0848,1.0849,311.0,-0.009216589861749114
2024-07-24 03:00:00,1.0848,1.0849,1.0841,1.0844,399.0,-0.04608719697667407
2024-07-24 07:00:00,1.0845,1.0853,1.0825,1.0828,892.0,-0.14754703061601315
2024-07-24 11:00:00,1.0829,1.0848,1.0826,1.0845,1191.0,0.15700036941264095
2024-07-24 15:00:00,1.0846,1.0866,1.0845,1.0852,1623.0,0.06454587367450415
2024-07-24 19:00:00,1.0851,1.0854,1.0835,1.0838,790.0,-0.1290084776999434
2024-07-24 23:00:00,1.0837,1.0841,1.0837,1.0837,431.0,-0.009226794611549849
2024-07-25 03:00:00,1.0836,1.0843,1.0834,1.0842,777.0,0.04613823013748242
2024-07-25 07:00:00,1.0843,1.0852,1.0827,1.0848,1106.0,0.055340343110121815
2024-07-25 11:00:00,1.0849,1.0858,1.0842,1.0845,1345.0,-0.027654867256632354
2024-07-25 15:00:00,1.0846,1.0864,1.0829,1.0859,2327.0,0.1290917473490083
2024-07-25 19:00:00,1.086,1.0869,1.0845,1.0845,882.0,-0.1289253154065806
2024-07-25 23:00:00,1.0844,1.0851,1.0843,1.085,259.0,0.04610419548178868
2024-07-26 03:00:00,1.0851,1.086,1.0851,1.0857,415.0,0.064516129032266
2024-07-26 07:00:00,1.0858,1.086,1.0844,1.0848,559.0,-0.08289582757669
2024-07-26 11:00:00,1.0849,1.086,1.0841,1.086,884.0,0.11061946902655162
2024-07-26 15:00:00,1.0861,1.0867,1.0849,1.0857,1640.0,-0.027624309392260127
2024-07-26 19:00:00,1.0856,1.0866,1.0854,1.0857,712.0,0.0
2024-07-26 23:00:00,1.0856,1.0857,1.0854,1.0854,119.0,-0.027631942525574438
2024-07-28 23:00:00,1.0856,1.0859,1.0852,1.0852,283.0,-0.018426386585590482
2024-07-29 03:00:00,1.0851,1.0869,1.085,1.0861,727.0,0.08293402137855566
2024-07-29 07:00:00,1.0862,1.0863,1.0843,1.0844,779.0,-0.15652334039223392
2024-07-29 11:00:00,1.0843,1.0843,1.0816,1.0817,1125.0,-0.2489856141645097
2024-07-29 15:00:00,1.0816,1.0823,1.0802,1.0818,942.0,0.009244707405020591
2024-07-29 19:00:00,1.0819,1.0825,1.0814,1.0823,611.0,0.046219264189306664
2024-07-29 23:00:00,1.0822,1.0823,1.0817,1.0818,220.0,-0.046197911854384266
2024-07-30 03:00:00,1.0817,1.0821,1.0813,1.0821,417.0,0.02773155851358844
2024-07-30 07:00:00,1.0822,1.0826,1.0816,1.0818,515.0,-0.027723870252283067
2024-07-30 11:00:00,1.0817,1.0835,1.0815,1.0823,990.0,0.046219264189306664
2024-07-30 15:00:00,1.0822,1.0825,1.0797,1.0808,1446.0,-0.1385937355631528
2024-07-30 19:00:00,1.0809,1.0817,1.0806,1.081,694.0,0.018504811250918962
2024-07-30 23:00:00,1.0811,1.0817,1.0808,1.0815,255.0,0.046253469010171244
2024-07-31 03:00:00,1.0814,1.0829,1.0812,1.0821,614.0,0.055478502080452685
2024-07-31 07:00:00,1.0822,1.0826,1.0811,1.0817,968.0,-0.03696516033637742
2024-07-31 11:00:00,1.0818,1.0839,1.0806,1.0827,1133.0,0.09244707405009489
2024-07-31 15:00:00,1.0826,1.0848,1.0816,1.0822,1922.0,-0.04618084418582802
2024-07-31 19:00:00,1.0821,1.0832,1.0801,1.0822,1936.0,0.0
2024-07-31 23:00:00,1.0821,1.083,1.0816,1.0823,351.0,0.009240436148583164
2024-08-01 03:00:00,1.0822,1.0834,1.0822,1.0832,727.0,0.08315624133787836
2024-08-01 07:00:00,1.0831,1.0835,1.0798,1.08,850.0,-0.2954209748892045
2024-08-01 11:00:00,1.0801,1.0801,1.0777,1.0791,1214.0,-0.08333333333334636
2024-08-01 15:00:00,1.079,1.0817,1.0783,1.0788,2385.0,-0.027800945232137053
2024-08-01 19:00:00,1.0789,1.0796,1.0779,1.0789,1090.0,0.009269558769009478
2024-08-01 23:00:00,1.0788,1.0792,1.0785,1.0785,272.0,-0.03707479840577843
2024-08-02 03:00:00,1.0784,1.0794,1.0781,1.0792,579.0,0.06490496059341488
2024-08-02 07:00:00,1.0791,1.0808,1.0785,1.0803,1237.0,0.10192735359526583
2024-08-02 11:00:00,1.0804,1.0836,1.0802,1.083,1366.0,0.2499305748403069
2024-08-02 15:00:00,1.0831,1.0926,1.0828,1.0912,3471.0,0.7571560480147621
2024-08-02 19:00:00,1.0911,1.0916,1.0902,1.0912,1474.0,0.0
2024-08-02 23:00:00,1.0911,1.0914,1.0907,1.091,118.0,-0.01832844574779502
2024-08-04 23:00:00,1.0919,1.0923,1.0902,1.091,580.0,0.0
2024-08-05 03:00:00,1.0909,1.093,1.0906,1.093,1851.0,0.18331805682860747
2024-08-05 07:00:00,1.0929,1.0966,1.0892,1.0948,4125.0,0.16468435498628864
2024-08-05 11:00:00,1.0949,1.0974,1.0932,1.0962,2924.0,0.12787723785165905
2024-08-05 15:00:00,1.0961,1.1008,1.0955,1.0955,4860.0,-0.06385696040869249
2024-08-05 19:00:00,1.0956,1.0963,1.0946,1.0958,2056.0,0.0273847558192708
2024-08-05 23:00:00,1.0959,1.0961,1.0946,1.0949,685.0,-0.08213177587151899
2024-08-06 03:00:00,1.095,1.0962,1.0943,1.0953,1476.0,0.03653301671384668
2024-08-06 07:00:00,1.0952,1.0955,1.0921,1.0926,2067.0,-0.24650780608052036
2024-08-06 11:00:00,1.0927,1.0934,1.0903,1.0917,2183.0,-0.08237232289951546
2024-08-06 15:00:00,1.0916,1.0934,1.0904,1.0925,2296.0,0.07328020518457823
2024-08-06 19:00:00,1.0924,1.0933,1.092,1.0928,1250.0,0.027459954233410855
2024-08-06 23:00:00,1.0929,1.0931,1.0923,1.0925,553.0,-0.027452415812589948
2024-08-07 03:00:00,1.0926,1.0929,1.091,1.0916,1193.0,-0.08237986270024367
2024-08-07 07:00:00,1.0915,1.0927,1.0905,1.0921,1673.0,0.04580432392820022
2024-08-07 11:00:00,1.092,1.0927,1.0908,1.0923,1520.0,0.0183133412691161
2024-08-07 15:00:00,1.0924,1.0936,1.0912,1.0924,1403.0,0.009154994049254128
2024-08-07 19:00:00,1.0923,1.0926,1.0917,1.0922,1294.0,-0.018308311973636027
2024-08-07 23:00:00,1.0921,1.0933,1.0918,1.0927,542.0,0.0457791613257541
2024-08-08 03:00:00,1.0926,1.0935,1.0923,1.0934,819.0,0.06406149903908087
2024-08-08 07:00:00,1.0935,1.0944,1.0929,1.0939,1241.0,0.045728918968368504
2024-08-08 11:00:00,1.0938,1.0943,1.092,1.093,939.0,-0.08227443093519193
2024-08-08 15:00:00,1.0929,1.0931,1.0881,1.0912,2272.0,-0.16468435498627754
2024-08-08 19:00:00,1.0913,1.0918,1.0904,1.0915,1116.0,0.02749266862169808
2024-08-08 23:00:00,1.0916,1.0919,1.0913,1.0914,423.0,-0.009161704076954269
2024-08-09 03:00:00,1.0913,1.0924,1.0911,1.0922,820.0,0.07330034817667475
2024-08-09 07:00:00,1.0923,1.0928,1.0917,1.0921,903.0,-0.00915583226515082
2024-08-09 11:00:00,1.092,1.0925,1.091,1.0915,1010.0,-0.054940023807359406
2024-08-09 15:00:00,1.0914,1.093,1.0908,1.0923,1239.0,0.07329363261567856
2024-08-09 19:00:00,1.0922,1.0924,1.0914,1.0918,735.0,-0.04577497024625954
2024-08-09 23:00:00,1.0917,1.0919,1.0914,1.0915,81.0,-0.027477559992694633
2024-08-11 23:00:00,1.0917,1.0919,1.0909,1.0912,184.0,-0.02748511223087391
2024-08-12 03:00:00,1.0911,1.0922,1.0911,1.0913,471.0,0.009164222873891958
2024-08-12 07:00:00,1.0914,1.0928,1.0913,1.0921,820.0,0.07330706496839756
2024-08-12 11:00:00,1.0922,1.0929,1.0915,1.0925,832.0,0.0366266825382322
2024-08-12 15:00:00,1.0926,1.0938,1.0914,1.0927,1440.0,0.018306636155607237
2024-08-12 19:00:00,1.0926,1.0934,1.0921,1.0931,682.0,0.03660657087947161
2024-08-12 23:00:00,1.093,1.0935,1.0926,1.0935,260.0,0.03659317537278994
2024-08-13 03:00:00,1.0934,1.0938,1.0928,1.0936,481.0,0.009144947416550586
2024-08-13 07:00:00,1.0937,1.094,1.0926,1.0929,785.0,-0.0640087783467358
2024-08-13 11:00:00,1.0928,1.0931,1.0913,1.0929,953.0,0.0
2024-08-13 15:00:00,1.093,1.0961,1.0925,1.0953,1802.0,0.21959923140268955
2024-08-13 19:00:00,1.0952,1.0999,1.0952,1.0995,912.0,0.3834565872363749
2024-08-13 23:00:00,1.0996,1.0998,1.0982,1.0995,371.0,0.0
2024-08-14 03:00:00,1.0994,1.0996,1.0988,1.0989,594.0,-0.05457025920873049
2024-08-14 07:00:00,1.099,1.1007,1.0985,1.1005,576.0,0.14560014560014434
2024-08-14 11:00:00,1.1004,1.1028,1.1002,1.1022,678.0,0.1544752385279402
2024-08-14 15:00:00,1.1023,1.1046,1.1003,1.1022,1898.0,0.0
2024-08-14 19:00:00,1.1023,1.1023,1.101,1.1012,552.0,-0.09072763563782171
2024-08-14 23:00:00,1.1011,1.1015,1.1009,1.1011,183.0,-0.009081002542676853
2024-08-15 03:00:00,1.1012,1.1013,1.1003,1.1007,350.0,-0.03632730905457349
2024-08-15 07:00:00,1.1008,1.1015,1.1007,1.1013,405.0,0.054510765876258915
2024-08-15 11:00:00,1.1012,1.1013,1.1003,1.1012,545.0,-0.009080177971487746
2024-08-15 15:00:00,1.1013,1.1013,1.0949,1.0985,2194.0,-0.24518706865237494
2024-08-15 19:00:00,1.0986,1.0988,1.0971,1.0973,520.0,-0.10923987255349044
2024-08-15 23:00:00,1.0972,1.0975,1.097,1.0972,254.0,-0.009113278046113393
2024-08-16 03:00:00,1.0971,1.0982,1.0971,1.0976,460.0,0.03645643456069436
2024-08-16 07:00:00,1.0977,1.0986,1.0975,1.0984,596.0,0.07288629737609575
2024-08-16 11:00:00,1.0985,1.0994,1.0978,1.0991,705.0,0.06372906045155613
2024-08-16 15:00:00,1.0992,1.1004,1.0982,1.0995,1283.0,0.03639341279229047
2024-08-16 19:00:00,1.0996,1.1024,1.0996,1.1023,576.0,0.2546612096407497
2024-08-18 23:00:00,1.1027,1.1033,1.1022,1.1024,219.0,0.00907194048807014
2024-08-19 03:00:00,1.1023,1.1039,1.1022,1.1038,522.0,0.12699564586355905
2024-08-19 07:00:00,1.1037,1.1049,1.1036,1.1042,842.0,0.03623844899440787
2024-08-19 11:00:00,1.1041,1.105,1.103,1.1042,690.0,0.0
2024-08-19 15:00:00,1.1043,1.1072,1.1029,1.1068,1267.0,0.23546458974823548
2024-08-19 19:00:00,1.1069,1.1085,1.1066,1.1083,527.0,0.13552584026021997
2024-08-19 23:00:00,1.1082,1.1087,1.1081,1.1085,180.0,0.018045655508425185
2024-08-20 03:00:00,1.1084,1.1086,1.1074,1.1075,436.0,-0.09021199819576609
2024-08-20 07:00:00,1.1076,1.1086,1.1071,1.1086,601.0,0.09932279909707908
2024-08-20 11:00:00,1.1087,1.1088,1.1074,1.108,676.0,-0.05412231643513454
2024-08-20 15:00:00,1.1081,1.1116,1.108,1.1105,1470.0,0.2256317689530718
2024-08-20 19:00:00,1.1106,1.1127,1.1103,1.1124,582.0,0.17109410175597528
2024-08-20 23:00:00,1.1123,1.1131,1.1123,1.1127,262.0,0.026968716289110795
2024-08-21 03:00:00,1.1126,1.1132,1.1116,1.112,661.0,-0.06291003864472566
2024-08-21 07:00:00,1.1119,1.1128,1.111,1.1114,760.0,-0.05395683453238709
2024-08-21 11:00:00,1.1113,1.1125,1.1109,1.1114,760.0,0.0
2024-08-21 15:00:00,1.1113,1.1147,1.1099,1.1141,2641.0,0.24293683642253594
2024-08-21 19:00:00,1.1142,1.1173,1.1141,1.1151,862.0,0.08975854950183937
2024-08-21 23:00:00,1.115,1.1157,1.1146,1.1154,304.0,0.02690341673392549
2024-08-22 03:00:00,1.1153,1.1156,1.114,1.1144,356.0,-0.08965393580777636
2024-08-22 07:00:00,1.1143,1.1164,1.1127,1.1137,742.0,-0.06281407035176878
2024-08-22 11:00:00,1.1138,1.115,1.1131,1.1136,910.0,-0.008979078746518265
2024-08-22 15:00:00,1.1135,1.1142,1.1097,1.1112,1786.0,-0.21551724137930384
2024-08-22 19:00:00,1.1111,1.1117,1.1098,1.1108,758.0,-0.03599712023037993
2024-08-22 23:00:00,1.1107,1.1117,1.1107,1.1115,233.0,0.06301764494056616
2024-08-23 03:00:00,1.1114,1.1128,1.1112,1.1124,387.0,0.08097165991904909
2024-08-23 07:00:00,1.1125,1.1131,1.1112,1.1118,604.0,-0.05393743257822159
2024-08-23 11:00:00,1.1119,1.1126,1.111,1.1118,741.0,0.0
2024-08-23 15:00:00,1.1117,1.1195,1.1105,1.1174,2580.0,0.503687713617551
2024-08-23 19:00:00,1.1175,1.12,1.1163,1.119,1207.0,0.14318954716305843
2024-08-23 23:00:00,1.1189,1.1193,1.1187,1.1193,51.0,0.026809651474524188
2024-08-25 23:00:00,1.119,1.1195,1.1185,1.1189,349.0,-0.03573662110246678
2024-08-26 03:00:00,1.1188,1.1201,1.1181,1.1182,737.0,-0.06256144427562171
2024-08-26 07:00:00,1.1183,1.1188,1.1175,1.118,669.0,-0.017885888034341324
2024-08-26 11:00:00,1.1179,1.1184,1.1162,1.1164,784.0,-0.14311270125223485
2024-08-26 15:00:00,1.1165,1.1178,1.1149,1.1163,1808.0,-0.008957362952344283
2024-08-26 19:00:00,1.1162,1.1174,1.1158,1.1159,798.0,-0.03583266147094699
2024-08-26 23:00:00,1.1158,1.1166,1.1158,1.1164,302.0,0.044806882337145026
2024-08-27 03:00:00,1.1163,1.117,1.1159,1.1166,508.0,0.017914725904688567
2024-08-27 07:00:00,1.1167,1.1172,1.1161,1.1163,763.0,-0.026867275658248868
2024-08-27 11:00:00,1.1164,1.1178,1.116,1.116,818.0,-0.026874496103190815
2024-08-27 15:00:00,1.1159,1.1171,1.115,1.1159,1552.0,-0.008960573476723965
2024-08-27 19:00:00,1.116,1.119,1.1159,1.1184,811.0,0.22403441168565852
2024-08-27 23:00:00,1.1183,1.1185,1.1174,1.1176,177.0,-0.07153075822604604
2024-08-28 03:00:00,1.1175,1.1179,1.1162,1.1165,544.0,-0.09842519685038242
2024-08-28 07:00:00,1.1164,1.1167,1.1134,1.1155,872.0,-0.0895656068069961
2024-08-28 11:00:00,1.1156,1.1158,1.1116,1.112,1138.0,-0.313760645450456
2024-08-28 15:00:00,1.1121,1.1137,1.1104,1.1125,1805.0,0.04496402877698369
2024-08-28 19:00:00,1.1124,1.1124,1.1104,1.1112,810.0,-0.11685393258428212
2024-08-28 23:00:00,1.1111,1.1125,1.1111,1.1124,208.0,0.1079913606911509
2024-08-29 03:00:00,1.1123,1.1135,1.1123,1.1135,559.0,0.0988852930600359
2024-08-29 07:00:00,1.1134,1.1139,1.1115,1.1128,928.0,-0.06286484059271347
2024-08-29 11:00:00,1.1127,1.1127,1.1071,1.1095,1647.0,-0.2965492451473817
2024-08-29 15:00:00,1.1094,1.1097,1.1055,1.1084,2241.0,-0.09914375844973788
2024-08-29 19:00:00,1.1085,1.1087,1.1074,1.1075,952.0,-0.08119812342115562
2024-08-29 23:00:00,1.1076,1.1082,1.1073,1.1079,227.0,0.036117381489852995
2024-08-30 03:00:00,1.108,1.1082,1.1069,1.1073,522.0,-0.05415651232062446
2024-08-30 07:00:00,1.1072,1.1088,1.1071,1.1083,793.0,0.09030976248534106
2024-08-30 11:00:00,1.1082,1.1094,1.1073,1.1081,1107.0,-0.018045655508436287
2024-08-30 15:00:00,1.1082,1.1087,1.1052,1.1059,2672.0,-0.1985380380832069
2024-08-30 19:00:00,1.1058,1.1059,1.1043,1.1051,874.0,-0.07233927118185379
2024-08-30 23:00:00,1.1052,1.1054,1.1047,1.1048,154.0,-0.02714686453714199
2024-09-01 23:00:00,1.1047,1.1049,1.1043,1.1044,174.0,-0.03620564808110016
2024-09-02 03:00:00,1.1043,1.1055,1.1041,1.1048,463.0,0.03621876131836288
2024-09-02 07:00:00,1.1047,1.1069,1.1043,1.1066,635.0,0.16292541636495628
2024-09-02 11:00:00,1.1065,1.1077,1.1059,1.1059,903.0,-0.06325682270015287
2024-09-02 15:00:00,1.1058,1.1071,1.1058,1.1067,730.0,0.07233927118184269
2024-09-02 19:00:00,1.1066,1.1072,1.1062,1.1071,106.0,0.03614348965392811
2024-09-02 23:00:00,1.107,1.1072,1.1064,1.1066,123.0,-0.04516303856922921
2024-09-03 03:00:00,1.1067,1.1069,1.1057,1.1057,439.0,-0.08133020061450447
2024-09-03 07:00:00,1.1056,1.1067,1.105,1.1055,722.0,-0.018088088993395424
2024-09-03 11:00:00,1.1056,1.1059,1.1032,1.1035,1187.0,-0.18091361374943382
2024-09-03 15:00:00,1.1036,1.1068,1.1033,1.1041,2203.0,0.05437245129136237
2024-09-03 19:00:00,1.1042,1.1046,1.1025,1.1041,550.0,0.0
2024-09-03 23:00:00,1.1042,1.105,1.1037,1.1048,335.0,0.06340005434288809
2024-09-04 03:00:00,1.1047,1.1055,1.1046,1.1053,499.0,0.045257060101366875
2024-09-04 07:00:00,1.1054,1.1062,1.1046,1.1055,772.0,0.018094634940735155
2024-09-04 11:00:00,1.1054,1.1058,1.1042,1.1049,867.0,-0.054274084124827926
2024-09-04 15:00:00,1.105,1.1094,1.1039,1.108,1907.0,0.2805683772287182
2024-09-04 19:00:00,1.1079,1.1086,1.1064,1.1077,748.0,-0.02707581227439082
2024-09-04 23:00:00,1.1076,1.1086,1.1075,1.1079,204.0,0.018055430170638154
2024-09-05 03:00:00,1.108,1.1085,1.1075,1.1076,447.0,-0.027078256160317782
2024-09-05 07:00:00,1.1075,1.1089,1.1074,1.1086,782.0,0.09028530155292813
2024-09-05 11:00:00,1.1087,1.1107,1.1083,1.1094,941.0,0.07216308858017939
2024-09-05 15:00:00,1.1095,1.1119,1.1075,1.1094,2528.0,0.0
2024-09-05 19:00:00,1.1095,1.1112,1.1095,1.1103,636.0,0.08112493239589291
2024-09-05 23:00:00,1.1104,1.1112,1.1103,1.111,200.0,0.06304602359721301
2024-09-06 03:00:00,1.1111,1.1115,1.1108,1.1114,282.0,0.036003600360023924
2024-09-06 07:00:00,1.1115,1.112,1.111,1.1115,529.0,0.008997660608245361
2024-09-06 11:00:00,1.1116,1.112,1.1102,1.1106,785.0,-0.08097165991901578
2024-09-06 15:00:00,1.1107,1.1154,1.1065,1.1085,4999.0,-0.1890869800107997
2024-09-06 19:00:00,1.1084,1.1089,1.1069,1.1088,1227.0,0.027063599458720944
2024-09-06 23:00:00,1.1087,1.1088,1.1084,1.1085,101.0,-0.027056277056269895
2024-09-08 23:00:00,1.1082,1.109,1.108,1.1086,252.0,0.00902119981958105
2024-09-09 03:00:00,1.1085,1.109,1.1078,1.1079,541.0,-0.06314270250765697
2024-09-09 07:00:00,1.1078,1.1079,1.1054,1.1058,675.0,-0.18954779312214676
2024-09-09 11:00:00,1.1059,1.1062,1.1035,1.1044,836.0,-0.12660517272561345
2024-09-09 15:00:00,1.1043,1.1051,1.1033,1.1041,1123.0,-0.02716407098877216
2024-09-09 19:00:00,1.1042,1.1053,1.1037,1.1037,494.0,-0.03622860248168047
2024-09-09 23:00:00,1.1036,1.1039,1.1033,1.1034,186.0,-0.027181299266099135
2024-09-10 03:00:00,1.1033,1.1038,1.1027,1.1037,302.0,0.027188689505153185
2024-09-10 07:00:00,1.1038,1.1049,1.1033,1.1036,566.0,-0.009060433088703412
2024-09-10 11:00:00,1.1035,1.1043,1.1026,1.103,685.0,-0.054367524465381845
2024-09-10 15:00:00,1.1031,1.1036,1.1014,1.1024,1428.0,-0.05439709882139043
2024-09-10 19:00:00,1.1025,1.1028,1.102,1.1026,602.0,0.018142235123375094
2024-09-10 23:00:00,1.1025,1.1026,1.1018,1.1019,155.0,-0.06348630509703801
2024-09-11 03:00:00,1.102,1.1043,1.1016,1.1038,589.0,0.17242944005806393
2024-09-11 07:00:00,1.1037,1.1051,1.1037,1.104,685.0,0.018119224497215036
2024-09-11 11:00:00,1.1039,1.1054,1.1036,1.1043,718.0,0.027173913043476716
2024-09-11 15:00:00,1.1042,1.1048,1.1001,1.1011,2908.0,-0.2897763288961408
2024-09-11 19:00:00,1.101,1.1026,1.1009,1.1017,673.0,0.05449096358187688
2024-09-11 23:00:00,1.1016,1.1017,1.1009,1.1009,187.0,-0.07261504946899366
2024-09-12 03:00:00,1.101,1.1013,1.1005,1.1013,310.0,0.03633390862021191
2024-09-12 07:00:00,1.1014,1.1023,1.1005,1.1007,567.0,-0.05448106782892648
2024-09-12 11:00:00,1.1008,1.1022,1.1005,1.1013,790.0,0.054510765876258915
2024-09-12 15:00:00,1.1014,1.1046,1.1009,1.1039,2445.0,0.2360846272587036
2024-09-12 19:00:00,1.104,1.1071,1.1036,1.1069,1039.0,0.2717637467161804
2024-09-12 23:00:00,1.1068,1.1078,1.1068,1.1078,334.0,0.08130815791849155
2024-09-13 03:00:00,1.1077,1.1089,1.1077,1.1086,738.0,0.07221520129989667
2024-09-13 07:00:00,1.1087,1.1093,1.1072,1.1092,850.0,0.05412231643513454
2024-09-13 11:00:00,1.1091,1.11,1.108,1.1083,1065.0,-0.08113956004326406
2024-09-13 15:00:00,1.1082,1.1101,1.1078,1.1084,1822.0,0.009022827754212592
2024-09-13 19:00:00,1.1083,1.1085,1.1075,1.1077,607.0,-0.06315409599424449
2024-09-13 23:00:00,1.1076,1.1077,1.1072,1.1074,47.0,-0.027083145255935026
2024-09-15 23:00:00,1.1079,1.1089,1.1075,1.1086,287.0,0.10836192884233764
2024-09-16 03:00:00,1.1087,1.1104,1.1086,1.1103,481.0,0.1533465632329145
2024-09-16 07:00:00,1.1102,1.1119,1.1095,1.1114,784.0,0.09907232279562361
2024-09-16 11:00:00,1.1113,1.1128,1.1113,1.1123,970.0,0.08097894547418605
2024-09-16 15:00:00,1.1124,1.1137,1.1116,1.1122,1537.0,-0.008990380293083522
2024-09-16 19:00:00,1.1123,1.1129,1.1115,1.1128,700.0,0.05394713181081645
2024-09-16 23:00:00,1.1127,1.1132,1.1122,1.1128,204.0,0.0
2024-09-17 03:00:00,1.1129,1.113,1.1121,1.1123,337.0,-0.04493170381020262
2024-09-17 07:00:00,1.1122,1.1137,1.1115,1.1135,588.0,0.10788456351702447
2024-09-17 11:00:00,1.1134,1.1145,1.1129,1.1138,913.0,0.026942074539726413
2024-09-17 15:00:00,1.1139,1.1143,1.1111,1.1116,2456.0,-0.19752199676782434
2024-09-17 19:00:00,1.1115,1.1123,1.111,1.1115,1050.0,-0.008996041741637928
2024-09-17 23:00:00,1.1116,1.1123,1.1112,1.1121,252.0,0.05398110661269939
2024-09-18 03:00:00,1.1122,1.1129,1.1121,1.1125,484.0,0.035967988490237524
2024-09-18 07:00:00,1.1124,1.113,1.1114,1.113,731.0,0.044943820224707665
2024-09-18 11:00:00,1.1131,1.1139,1.1122,1.1124,839.0,-0.053908355795140306
2024-09-18 15:00:00,1.1123,1.1139,1.1107,1.1115,1374.0,-0.08090614886732128
2024-09-18 19:00:00,1.1116,1.1188,1.1096,1.1105,4467.0,-0.08996851102113235
2024-09-18 23:00:00,1.1104,1.1123,1.1104,1.1113,542.0,0.07203962179198609
2024-09-19 03:00:00,1.1114,1.1118,1.1068,1.1118,1442.0,0.04499235130026591
2024-09-19 07:00:00,1.1117,1.1152,1.1114,1.1145,1500.0,0.24284943335133313
2024-09-19 11:00:00,1.1146,1.1178,1.1144,1.1157,1873.0,0.10767160161506695
2024-09-19 15:00:00,1.1156,1.1157,1.1116,1.1146,2898.0,-0.09859281168771439
2024-09-19 19:00:00,1.1145,1.1167,1.1144,1.1161,979.0,0.13457742687961183
2024-09-19 23:00:00,1.116,1.1163,1.1157,1.1158,225.0,-0.02687931188962711
2024-09-20 03:00:00,1.1159,1.1168,1.1156,1.1165,835.0,0.06273525721456341
2024-09-20 07:00:00,1.1166,1.1181,1.1158,1.1161,1233.0,-0.03582624272279178
2024-09-20 11:00:00,1.1162,1.1168,1.1151,1.1161,993.0,0.0
2024-09-20 15:00:00,1.1162,1.1176,1.1135,1.1158,2072.0,-0.02687931188962711
2024-09-20 19:00:00,1.1159,1.1175,1.1156,1.1161,1369.0,0.026886538806247806
2024-09-20 23:00:00,1.116,1.1163,1.1155,1.1162,87.0,0.008959770629868302
2024-09-22 23:00:00,1.1161,1.1165,1.1158,1.1158,196.0,-0.03583587170759017
2024-09-23 03:00:00,1.1157,1.1164,1.1155,1.1161,331.0,0.026886538806247806
2024-09-23 07:00:00,1.116,1.1166,1.1097,1.1099,1192.0,-0.5555057790520568
2024-09-23 11:00:00,1.11,1.1125,1.1082,1.1119,1457.0,0.18019641409134923
2024-09-23 15:00:00,1.112,1.1142,1.1108,1.1129,2118.0,0.08993614533681082
2024-09-23 19:00:00,1.1128,1.1129,1.1111,1.1114,911.0,-0.13478299937101923
2024-09-23 23:00:00,1.1113,1.1116,1.1107,1.111,285.0,-0.03599064243295924
2024-09-24 03:00:00,1.1111,1.1113,1.1102,1.1112,610.0,0.018001800180011962
2024-09-24 07:00:00,1.1111,1.1131,1.1103,1.1127,1129.0,0.13498920086394417
2024-09-24 11:00:00,1.1126,1.1145,1.1121,1.1128,1097.0,0.008987148377825882
2024-09-24 15:00:00,1.1129,1.1163,1.1128,1.1149,2133.0,0.1887131560028843
2024-09-24 19:00:00,1.115,1.1176,1.1148,1.1176,846.0,0.24217418602565655
2024-09-24 23:00:00,1.1175,1.119,1.1174,1.119,291.0,0.12526843235505236
2024-09-25 03:00:00,1.1189,1.1198,1.1184,1.1197,735.0,0.06255585344057124
2024-09-25 07:00:00,1.1198,1.1198,1.1185,1.1191,702.0,-0.05358578190586272
2024-09-25 11:00:00,1.119,1.1197,1.1177,1.1195,1029.0,0.03574300777409167
2024-09-25 15:00:00,1.1194,1.1213,1.1141,1.1142,2360.0,-0.47342563644482416
2024-09-25 19:00:00,1.1141,1.1147,1.1121,1.1125,1132.0,-0.15257583916712392
2024-09-25 23:00:00,1.1126,1.1133,1.1124,1.1129,276.0,0.03595505617977057
2024-09-26 03:00:00,1.1128,1.1144,1.1128,1.114,491.0,0.09884086620541854
2024-09-26 07:00:00,1.1139,1.1157,1.1133,1.1133,1068.0,-0.06283662477559737
2024-09-26 11:00:00,1.1132,1.1161,1.1125,1.1153,1543.0,0.17964609718854607
2024-09-26 15:00:00,1.1154,1.1188,1.1125,1.1182,3110.0,0.26001972563436393
2024-09-26 19:00:00,1.1181,1.1183,1.1165,1.1177,1105.0,-0.04471472008586996
2024-09-26 23:00:00,1.1178,1.1179,1.1173,1.1176,360.0,-0.008946944618415387
2024-09-27 03:00:00,1.1175,1.1177,1.1162,1.1168,646.0,-0.07158196134573469
2024-09-27 07:00:00,1.1169,1.1175,1.1124,1.1132,1788.0,-0.3223495702005752
2024-09-27 11:00:00,1.1131,1.117,1.1126,1.1162,1389.0,0.26949335249730755
2024-09-27 15:00:00,1.1163,1.1202,1.1153,1.1157,2623.0,-0.044794839634487715
2024-09-27 19:00:00,1.1158,1.1167,1.1145,1.1163,1206.0,0.053777897284224
2024-09-27 23:00:00,1.1162,1.1167,1.1158,1.1158,85.0,-0.044790826838680964
2024-09-29 23:00:00,1.1159,1.1171,1.1157,1.1168,221.0,0.08962179602081122
2024-09-30 03:00:00,1.1169,1.1173,1.1155,1.1157,557.0,-0.09849570200574087
2024-09-30 07:00:00,1.1158,1.1175,1.1155,1.1171,790.0,0.1254817603298486
2024-09-30 11:00:00,1.1175,1.1208,1.1172,1.1197,1495.0,0.2327455017455904
2024-09-30 15:00:00,1.1196,1.12,1.1134,1.1144,2204.0,-0.47334107350182064
2024-09-30 19:00:00,1.1145,1.1161,1.1113,1.1132,1850.0,-0.10768126346016871
2024-09-30 23:00:00,1.1131,1.1142,1.1127,1.1136,290.0,0.03593244699964249
2024-10-01 03:00:00,1.1135,1.1142,1.1126,1.1137,631.0,0.008979885057480708
2024-10-01 07:00:00,1.1136,1.1143,1.1111,1.1114,1289.0,-0.2065188111699756
2024-10-01 11:00:00,1.1115,1.1119,1.1078,1.1084,1741.0,-0.2699298182472498
2024-10-01 15:00:00,1.1085,1.1088,1.1057,1.1065,3054.0,-0.1714182605557557
2024-10-01 19:00:00,1.1066,1.1076,1.1045,1.1067,1744.0,0.018075011296869725
2024-10-01 23:00:00,1.1068,1.1072,1.1062,1.1064,239.0,-0.02710761724044053
2024-10-02 03:00:00,1.1065,1.1073,1.1062,1.107,596.0,0.05422993492407713
2024-10-02 07:00:00,1.1071,1.1073,1.1053,1.1066,1107.0,-0.03613369467027061
2024-10-02 11:00:00,1.1067,1.1082,1.106,1.1075,1449.0,0.08133020061449336
2024-10-02 15:00:00,1.1076,1.1076,1.1032,1.1049,2012.0,-0.23476297968396675
2024-10-02 19:00:00,1.105,1.1054,1.1036,1.1048,867.0,-0.009050592813830693
2024-10-02 23:00:00,1.1049,1.1052,1.1043,1.1045,338.0,-0.027154236060822345
2024-10-03 03:00:00,1.1044,1.1046,1.1031,1.1035,546.0,-0.09053870529652785
2024-10-03 07:00:00,1.1034,1.1041,1.1024,1.1032,1329.0,-0.02718622564567008
2024-10-03 11:00:00,1.1033,1.1046,1.1029,1.1042,1426.0,0.09064539521392856
2024-10-03 15:00:00,1.1043,1.1046,1.1007,1.1014,3216.0,-0.25357725049811597
2024-10-03 19:00:00,1.1013,1.1035,1.1013,1.1027,933.0,0.11803159615035863
2024-10-03 23:00:00,1.1028,1.1036,1.1025,1.1034,237.0,0.06348054774643064
2024-10-04 03:00:00,1.1033,1.1039,1.1024,1.1026,572.0,-0.07250317201377143
2024-10-04 07:00:00,1.1027,1.1035,1.1024,1.1027,959.0,0.009069472156708613
2024-10-04 11:00:00,1.1026,1.1036,1.1019,1.1031,1250.0,0.03627459871224925
2024-10-04 15:00:00,1.103,1.1032,1.0954,1.096,3247.0,-0.6436406490798574
2024-10-04 19:00:00,1.0959,1.0977,1.095,1.0976,870.0,0.14598540145984717
2024-10-04 23:00:00,1.0975,1.0977,1.0972,1.0975,103.0,-0.009110787172006418
2024-10-06 23:00:00,1.0968,1.0972,1.0963,1.097,342.0,-0.04555808656035998
2024-10-07 03:00:00,1.0969,1.0977,1.0967,1.0971,803.0,0.009115770282597246
2024-10-07 07:00:00,1.0972,1.0973,1.0957,1.0969,1170.0,-0.01822987877130311
2024-10-07 11:00:00,1.097,1.098,1.0953,1.0976,1318.0,0.06381620931716903
2024-10-07 15:00:00,1.0977,1.0984,1.0969,1.0975,1844.0,-0.009110787172006418
2024-10-07 19:00:00,1.0974,1.0986,1.0965,1.0972,732.0,-0.027334851936211546
2024-10-07 23:00:00,1.0971,1.0978,1.097,1.0973,285.0,0.00911410864017359
2024-10-08 03:00:00,1.0974,1.0986,1.0972,1.0982,832.0,0.08201950241502054
2024-10-08 07:00:00,1.0983,1.0995,1.0978,1.0994,1026.0,0.10926971407756447
2024-10-08 11:00:00,1.0995,1.0996,1.0978,1.0987,985.0,-0.06367109332362508
2024-10-08 15:00:00,1.0988,1.0989,1.096,1.0969,1699.0,-0.16382998088650957
2024-10-08 19:00:00,1.0968,1.0977,1.0965,1.0977,654.0,0.07293281064817414
2024-10-08 23:00:00,1.0976,1.0981,1.097,1.0975,235.0,-0.018219914366401913
2024-10-09 03:00:00,1.0974,1.0978,1.0966,1.0967,626.0,-0.07289293849657152
2024-10-09 07:00:00,1.0968,1.0975,1.095,1.0959,1255.0,-0.07294611106044568
2024-10-09 11:00:00,1.096,1.097,1.0952,1.0953,923.0,-0.05474952094171037
2024-10-09 15:00:00,1.0954,1.0959,1.0939,1.095,1341.0,-0.027389756231166462
2024-10-09 19:00:00,1.0949,1.0949,1.0935,1.0938,775.0,-0.10958904109588108
2024-10-09 23:00:00,1.0937,1.0942,1.0936,1.0941,284.0,0.027427317608341717
2024-10-10 03:00:00,1.094,1.0945,1.0938,1.0943,784.0,0.01827986472899834
2024-10-10 07:00:00,1.0942,1.0944,1.0932,1.0937,836.0,-0.05482957141552669
2024-10-10 11:00:00,1.0936,1.0939,1.0926,1.093,863.0,-0.06400292584802791
2024-10-10 15:00:00,1.0929,1.0954,1.0907,1.0924,3475.0,-0.054894784995418444
2024-10-10 19:00:00,1.0925,1.0934,1.0899,1.0933,1257.0,0.08238740388135657
2024-10-10 23:00:00,1.0934,1.0937,1.0923,1.0933,210.0,0.0
2024-10-11 03:00:00,1.0934,1.094,1.0929,1.0939,434.0,0.0548797219427577
2024-10-11 07:00:00,1.0938,1.0944,1.0931,1.0944,697.0,0.045708017186218974
2024-10-11 11:00:00,1.0943,1.0953,1.0926,1.093,940.0,-0.12792397660819077
2024-10-11 15:00:00,1.0931,1.0951,1.0925,1.094,1891.0,0.09149130832570851
2024-10-11 19:00:00,1.0939,1.0947,1.0932,1.0932,462.0,-0.0731261425959917
2024-10-11 23:00:00,1.0933,1.0937,1.0932,1.0934,74.0,0.018294914013905483
2024-10-13 23:00:00,1.0932,1.0933,1.0921,1.0922,208.0,-0.10974940552404
2024-10-14 03:00:00,1.0923,1.0928,1.0914,1.0925,598.0,0.027467496795452462
2024-10-14 07:00:00,1.0924,1.093,1.0921,1.0927,524.0,0.018306636155607237
2024-10-14 11:00:00,1.0928,1.0936,1.0908,1.0911,1024.0,-0.14642628351789755
2024-10-14 15:00:00,1.0912,1.0926,1.0904,1.0906,1520.0,-0.04582531390339151
2024-10-14 19:00:00,1.0907,1.0908,1.0887,1.0903,716.0,-0.027507793874925746
2024-10-14 23:00:00,1.0902,1.091,1.0902,1.0908,252.0,0.04585893790698403
2024-10-15 03:00:00,1.0909,1.0909,1.0895,1.0896,432.0,-0.11001100110011874
2024-10-15 07:00:00,1.0895,1.0898,1.0884,1.0898,1035.0,0.018355359765065415
2024-10-15 11:00:00,1.0899,1.0915,1.0896,1.09,1289.0,0.01835199119104569
2024-10-15 15:00:00,1.0901,1.0916,1.0898,1.0898,1721.0,-0.018348623853203794
2024-10-15 19:00:00,1.0897,1.0902,1.0881,1.0886,753.0,-0.11011194714627415
2024-10-15 23:00:00,1.0887,1.0896,1.0882,1.0882,273.0,-0.0367444424030805
2024-10-16 03:00:00,1.0883,1.0895,1.0881,1.089,420.0,0.07351589781290357
2024-10-16 07:00:00,1.0891,1.0892,1.0874,1.0881,850.0,-0.08264462809915996
2024-10-16 11:00:00,1.0882,1.0896,1.0877,1.0893,744.0,0.11028398125170202
2024-10-16 15:00:00,1.0894,1.0901,1.0865,1.0871,1320.0,-0.20196456439914856
2024-10-16 19:00:00,1.0872,1.0876,1.0852,1.0857,524.0,-0.12878300064390613
2024-10-16 23:00:00,1.0856,1.087,1.0855,1.0858,330.0,0.009210647508517411
2024-10-17 03:00:00,1.0857,1.0864,1.085,1.0852,785.0,-0.05525879535827061
2024-10-17 07:00:00,1.0853,1.0857,1.0848,1.0853,831.0,0.009214891264286429
2024-10-17 11:00:00,1.0854,1.0866,1.0848,1.0862,731.0,0.08292637980282791
2024-10-17 15:00:00,1.0861,1.0873,1.081,1.0836,2868.0,-0.2393665991530236
2024-10-17 19:00:00,1.0835,1.0836,1.082,1.0827,896.0,-0.08305647840530783
2024-10-17 23:00:00,1.0828,1.0832,1.0824,1.0828,246.0,0.009236168837167824
2024-10-18 03:00:00,1.0829,1.0839,1.0826,1.0838,568.0,0.09235315847802017
2024-10-18 07:00:00,1.0837,1.0848,1.0836,1.084,742.0,0.018453589223099698
2024-10-18 11:00:00,1.0841,1.0851,1.0833,1.0847,900.0,0.06457564575645947
2024-10-18 15:00:00,1.0848,1.0864,1.0846,1.0853,1091.0,0.05531483359453304
2024-10-18 19:00:00,1.0852,1.0867,1.0852,1.0863,822.0,0.09214042200313965
2024-10-18 23:00:00,1.0862,1.0869,1.0862,1.0867,88.0,0.0368222406333274
2024-10-20 23:00:00,1.0861,1.0871,1.0861,1.0867,177.0,0.0
2024-10-21 03:00:00,1.0868,1.0868,1.0863,1.0865,576.0,-0.018404343425049152
2024-10-21 07:00:00,1.0864,1.0865,1.0845,1.0847,658.0,-0.1656695812241149
2024-10-21 11:00:00,1.0848,1.0857,1.0844,1.0855,720.0,0.07375311145938479
2024-10-21 15:00:00,1.0854,1.0858,1.0819,1.0819,1264.0,-0.3316444035006749
2024-10-21 19:00:00,1.082,1.0822,1.081,1.0814,531.0,-0.04621499214346736
2024-10-21 23:00:00,1.0815,1.0819,1.0811,1.0815,319.0,0.009247272054735411
2024-10-22 03:00:00,1.0814,1.082,1.0813,1.0818,421.0,0.027739251040248547
2024-10-22 07:00:00,1.0817,1.0837,1.0817,1.0836,607.0,0.16638935108150843
2024-10-22 11:00:00,1.0835,1.0836,1.0813,1.0817,1090.0,-0.1753414544112042
2024-10-22 15:00:00,1.0816,1.0821,1.08,1.0804,1661.0,-0.12018119626514556
2024-10-22 19:00:00,1.0803,1.0813,1.0793,1.0794,500.0,-0.0925583117364015
2024-10-22 23:00:00,1.0793,1.08,1.0792,1.0796,184.0,0.018528812303131303
2024-10-23 03:00:00,1.0795,1.0804,1.0791,1.0801,875.0,0.046313449425738895
2024-10-23 07:00:00,1.0802,1.0806,1.078,1.078,831.0,-0.19442644199610948
2024-10-23 11:00:00,1.0781,1.079,1.0762,1.0762,792.0,-0.16697588126159957
2024-10-23 15:00:00,1.0763,1.0785,1.076,1.0778,1485.0,0.1486712506969079
2024-10-23 19:00:00,1.0777,1.0786,1.0766,1.0785,926.0,0.06494711449247514
2024-10-23 23:00:00,1.0784,1.0785,1.0778,1.0779,276.0,-0.055632823365781015
2024-10-24 03:00:00,1.078,1.0789,1.0779,1.0786,847.0,0.0649410891548241
2024-10-24 07:00:00,1.0787,1.0798,1.077,1.0795,1075.0,0.08344149823844571
2024-10-24 11:00:00,1.0797,1.0807,1.0791,1.0794,1280.0,-0.009263547938864747
2024-10-24 15:00:00,1.0795,1.081,1.0788,1.0804,1768.0,0.09264406151565652
2024-10-24 19:00:00,1.0805,1.0828,1.0802,1.0828,862.0,0.2221399481673325
2024-10-24 23:00:00,1.0829,1.0829,1.0822,1.0823,254.0,-0.046176579239010085
2024-10-25 03:00:00,1.0824,1.0827,1.0819,1.0821,666.0,-0.018479164741747045
2024-10-25 07:00:00,1.082,1.0826,1.0813,1.0823,558.0,0.01848258016818871
2024-10-25 11:00:00,1.0822,1.0836,1.082,1.082,680.0,-0.02771874711262612
2024-10-25 15:00:00,1.0821,1.0838,1.081,1.0811,1194.0,-0.083179297597058
2024-10-25 19:00:00,1.081,1.0811,1.0792,1.0795,687.0,-0.14799741004533074
2024-10-25 23:00:00,1.0794,1.0796,1.0794,1.0794,45.0,-0.009263547938864747
2024-10-27 22:00:00,1.0789,1.0801,1.0789,1.0795,223.0,0.009264406151565652
2024-10-28 02:00:00,1.0796,1.08,1.0781,1.0782,879.0,-0.1204261232051751
2024-10-28 06:00:00,1.0783,1.0805,1.0781,1.0803,631.0,0.19476905954367574
2024-10-28 10:00:00,1.0802,1.082,1.08,1.0819,750.0,0.14810700731278104
2024-10-28 14:00:00,1.0818,1.0827,1.0812,1.0818,1033.0,-0.009242998428693472
2024-10-28 18:00:00,1.0817,1.0825,1.0809,1.0814,723.0,-0.036975411351469756
2024-10-28 22:00:00,1.0813,1.0817,1.081,1.0817,156.0,0.027741816164250643
2024-10-29 02:00:00,1.0816,1.0818,1.0805,1.0807,440.0,-0.0924470740501171
2024-10-29 06:00:00,1.0806,1.0815,1.0805,1.0809,344.0,0.018506523549555176
2024-10-29 10:00:00,1.081,1.0825,1.0796,1.0798,1085.0,-0.10176704598019448
2024-10-29 14:00:00,1.0797,1.0811,1.0768,1.0797,2366.0,-0.00926097425448802
2024-10-29 18:00:00,1.0798,1.0815,1.0791,1.0813,897.0,0.14818931184585882
2024-10-29 22:00:00,1.0812,1.0821,1.081,1.0819,306.0,0.055488763525390894
2024-10-30 02:00:00,1.082,1.0825,1.0813,1.0813,419.0,-0.05545799057216083
2024-10-30 06:00:00,1.0812,1.0825,1.0812,1.0818,479.0,0.04624063627116648
2024-10-30 10:00:00,1.0819,1.0858,1.0819,1.0823,1330.0,0.046219264189306664
2024-10-30 14:00:00,1.0822,1.0866,1.0807,1.0863,2282.0,0.3695832948350741
2024-10-30 18:00:00,1.0862,1.087,1.0853,1.086,1035.0,-0.02761668047500665
2024-10-30 22:00:00,1.0861,1.0861,1.0853,1.0857,442.0,-0.027624309392260127
2024-10-31 02:00:00,1.0856,1.0858,1.0843,1.0849,506.0,-0.0736851800681726
2024-10-31 06:00:00,1.0848,1.0863,1.0844,1.0859,710.0,0.09217439395337035
2024-10-31 10:00:00,1.0858,1.0875,1.085,1.0868,1192.0,0.08288055990421928
2024-10-31 14:00:00,1.0867,1.0887,1.0846,1.0854,2837.0,-0.12881854987119024
2024-10-31 18:00:00,1.0853,1.0877,1.0853,1.0877,1439.0,0.2119034457342961
2024-10-31 22:00:00,1.0876,1.0886,1.0876,1.0883,370.0,0.055162269008013354
2024-11-01 02:00:00,1.0882,1.0888,1.0874,1.0875,708.0,-0.07350914269963482
2024-11-01 06:00:00,1.0876,1.0878,1.0867,1.0867,672.0,-0.07356321839079305
2024-11-01 10:00:00,1.0866,1.0868,1.0851,1.0867,922.0,0.0
2024-11-01 14:00:00,1.0868,1.0905,1.0846,1.0847,2837.0,-0.18404343425048042
2024-11-01 18:00:00,1.0848,1.0854,1.0833,1.0835,962.0,-0.11062966718908829
2024-11-01 22:00:00,1.0836,1.0836,1.0831,1.0834,148.0,-0.009229349330874825
2024-11-03 22:00:00,1.088,1.0882,1.0871,1.0872,544.0,0.35074764629869915
2024-11-04 02:00:00,1.0871,1.0904,1.0869,1.09,865.0,0.2575423105224628
2024-11-04 06:00:00,1.0901,1.0902,1.0886,1.0891,609.0,-0.08256880733945593
2024-11-04 10:00:00,1.089,1.0913,1.0888,1.0912,908.0,0.19281975943439278
2024-11-04 14:00:00,1.0913,1.0914,1.0892,1.0898,1376.0,-0.12829912023458734
2024-11-04 18:00:00,1.0899,1.09,1.0877,1.0878,900.0,-0.1835199119104458
2024-11-04 22:00:00,1.0877,1.0881,1.0872,1.0873,299.0,-0.045964331678627346
2024-11-05 02:00:00,1.0872,1.0879,1.0872,1.0875,498.0,0.018394187436765463
2024-11-05 06:00:00,1.0876,1.089,1.0874,1.0888,711.0,0.1195402298850734
2024-11-05 10:00:00,1.0889,1.0901,1.0883,1.0899,655.0,0.10102865540044803
2024-11-05 14:00:00,1.0898,1.0911,1.0889,1.0901,1293.0,0.018350307367653862
2024-11-05 18:00:00,1.0902,1.0936,1.09,1.093,971.0,0.26603063939087956
2024-11-05 22:00:00,1.0929,1.0936,1.0911,1.0933,645.0,0.027447392497714773
2024-11-06 02:00:00,1.0932,1.0933,1.0718,1.0746,5978.0,-1.7104180005487968
2024-11-06 06:00:00,1.0747,1.0794,1.0702,1.0733,4246.0,-0.1209752466033942
2024-11-06 10:00:00,1.0732,1.0781,1.07,1.0706,2814.0,-0.2515606074722787
2024-11-06 14:00:00,1.0705,1.0739,1.0682,1.0738,3656.0,0.29889781430973983
2024-11-06 18:00:00,1.0737,1.0757,1.0725,1.0734,2043.0,-0.03725088470852844
2024-11-06 22:00:00,1.0735,1.0738,1.0725,1.0731,522.0,-0.027948574622693734
2024-11-07 02:00:00,1.0732,1.074,1.0712,1.0739,859.0,0.07455036809245197
2024-11-07 06:00:00,1.0738,1.0769,1.0733,1.0751,1079.0,0.11174224788152998
2024-11-07 10:00:00,1.0752,1.0771,1.0745,1.0758,1757.0,0.06511022230490937
2024-11-07 14:00:00,1.0759,1.0824,1.0756,1.0809,2672.0,0.47406581148912164
2024-11-07 18:00:00,1.081,1.0814,1.0766,1.0781,2606.0,-0.25904338976777685
2024-11-07 22:00:00,1.078,1.0809,1.0779,1.0795,1124.0,0.1298580836657015
2024-11-08 02:00:00,1.0794,1.0797,1.0776,1.0777,869.0,-0.16674386289947662
2024-11-08 06:00:00,1.0776,1.0785,1.0772,1.0779,818.0,0.01855804027095509
2024-11-08 10:00:00,1.078,1.0796,1.076,1.0782,2246.0,0.027831895352070646
2024-11-08 14:00:00,1.0783,1.0783,1.0739,1.0747,2304.0,-0.32461509923947807
2024-11-08 18:00:00,1.0748,1.0749,1.0686,1.0713,1677.0,-0.3163673583325699
2024-11-08 22:00:00,1.0712,1.0721,1.071,1.0717,290.0,0.037337813871007874
2024-11-10 22:00:00,1.0708,1.0716,1.0706,1.0712,347.0,-0.046654847438665215
2024-11-11 02:00:00,1.0711,1.0727,1.0708,1.0716,796.0,0.03734129947723375
2024-11-11 06:00:00,1.0715,1.0721,1.0685,1.0689,967.0,-0.2519596864501872
2024-11-11 10:00:00,1.069,1.0693,1.0655,1.0662,1860.0,-0.2525961268593835
2024-11-11 14:00:00,1.0663,1.0664,1.0628,1.0646,1669.0,-0.15006565372350789
2024-11-11 18:00:00,1.0647,1.0656,1.0644,1.065,871.0,0.03757279729474927
2024-11-11 22:00:00,1.0651,1.0662,1.0646,1.0662,294.0,0.11267605633804578
2024-11-12 02:00:00,1.0661,1.0662,1.0637,1.0637,926.0,-0.23447758394297136
2024-11-12 06:00:00,1.0638,1.0645,1.0621,1.0631,1168.0,-0.056406881639570194
2024-11-12 10:00:00,1.063,1.0633,1.061,1.0618,1768.0,-0.12228388674629942
2024-11-12 14:00:00,1.0619,1.0626,1.0601,1.0608,2256.0,-0.09417969485779887
2024-11-12 18:00:00,1.0609,1.0618,1.0594,1.0612,1710.0,0.037707390648566985
2024-11-12 22:00:00,1.0611,1.0626,1.0608,1.0616,539.0,0.037693177534880995
2024-11-13 02:00:00,1.0615,1.0628,1.061,1.0618,907.0,0.018839487565935897
2024-11-13 06:00:00,1.0619,1.0622,1.0602,1.0602,918.0,-0.15068751177246265
2024-11-13 10:00:00,1.0603,1.0637,1.0592,1.0637,1541.0,0.3301263912469432
2024-11-13 14:00:00,1.0636,1.0653,1.0555,1.0588,4157.0,-0.4606562000564196
2024-11-13 18:00:00,1.0589,1.0591,1.0555,1.0565,1955.0,-0.2172270494899875
2024-11-13 22:00:00,1.0566,1.0568,1.0556,1.0565,543.0,0.0
2024-11-14 02:00:00,1.0564,1.0568,1.0545,1.0547,803.0,-0.17037387600568055
2024-11-14 06:00:00,1.0548,1.0554,1.0533,1.055,795.0,0.028444107329095303
2024-11-14 10:00:00,1.0551,1.0557,1.0495,1.0528,1947.0,-0.2085308056872015
2024-11-14 14:00:00,1.0529,1.0577,1.0513,1.0574,3650.0,0.4369300911853946
2024-11-14 18:00:00,1.0573,1.0582,1.0543,1.0547,1392.0,-0.2553432948742107
2024-11-14 22:00:00,1.0544,1.0547,1.0511,1.0529,1426.0,-0.17066464397459402
2024-11-15 02:00:00,1.0528,1.0545,1.0523,1.0539,1060.0,0.09497578117581007
2024-11-15 06:00:00,1.0538,1.0563,1.0533,1.0556,1019.0,0.16130562671980986
2024-11-15 10:00:00,1.0555,1.0579,1.0551,1.0576,1787.0,0.18946570670708152
2024-11-15 14:00:00,1.0577,1.0592,1.0522,1.0534,3373.0,-0.397125567322254
2024-11-15 18:00:00,1.0535,1.0559,1.0532,1.0536,1817.0,0.018986140117727146
2024-11-15 22:00:00,1.0537,1.0537,1.0516,1.0532,474.0,-0.03796507213364997
2024-11-17 22:00:00,1.053,1.0538,1.053,1.0536,277.0,0.03797949107484655
2024-11-18 02:00:00,1.0535,1.0549,1.0529,1.0533,911.0,-0.02847380410024858
2024-11-18 06:00:00,1.0534,1.0547,1.0533,1.0546,877.0,0.12342162726668438
2024-11-18 10:00:00,1.0547,1.057,1.0532,1.0542,1529.0,-0.03792907263416856
2024-11-18 14:00:00,1.0543,1.0575,1.0534,1.0573,1745.0,0.29406184784670497
2024-11-18 18:00:00,1.0572,1.0606,1.0564,1.059,1164.0,0.16078691005392276
2024-11-18 22:00:00,1.0591,1.06,1.0588,1.0594,417.0,0.037771482530679634
2024-11-19 02:00:00,1.0593,1.06,1.0586,1.0596,730.0,0.01887861053428974
2024-11-19 06:00:00,1.0597,1.06,1.0574,1.0577,933.0,-0.17931294828237299
2024-11-19 10:00:00,1.0576,1.0587,1.0523,1.0561,2910.0,-0.15127162711544573
2024-11-19 14:00:00,1.0562,1.06,1.0559,1.0586,3013.0,0.23672000757504197
2024-11-19 18:00:00,1.0585,1.0594,1.057,1.0593,1546.0,0.06612507084828856
2024-11-19 22:00:00,1.0592,1.0607,1.0589,1.0606,521.0,0.12272255262910647
2024-11-20 02:00:00,1.0607,1.0609,1.0588,1.0589,745.0,-0.16028663020931644
2024-11-20 06:00:00,1.0588,1.0595,1.0576,1.0577,1175.0,-0.1133251487392406
2024-11-20 10:00:00,1.0578,1.0578,1.0541,1.0554,1692.0,-0.21745296397845948
2024-11-20 14:00:00,1.0555,1.0567,1.0515,1.0521,1932.0,-0.3126776577600743
2024-11-20 18:00:00,1.0522,1.0541,1.0506,1.0538,1486.0,0.161581598707361
2024-11-20 22:00:00,1.0537,1.0548,1.0535,1.0545,287.0,0.06642626684378872
2024-11-21 02:00:00,1.0544,1.0552,1.0541,1.0552,499.0,0.06638217164531834
2024-11-21 06:00:00,1.0553,1.0554,1.0529,1.0536,847.0,-0.15163002274448667
2024-11-21 10:00:00,1.0535,1.0542,1.0513,1.0519,1823.0,-0.16135155656795686
2024-11-21 14:00:00,1.052,1.0544,1.0508,1.051,2267.0,-0.08555946382736712
2024-11-21 18:00:00,1.0509,1.0514,1.0461,1.0483,2316.0,-0.25689819219789634
2024-11-21 22:00:00,1.0484,1.0486,1.0467,1.0468,384.0,-0.14308881045502764
2024-11-22 02:00:00,1.0469,1.0477,1.0466,1.0474,614.0,0.05731753916700111
2024-11-22 06:00:00,1.0475,1.0488,1.0461,1.0485,909.0,0.10502195913690837
2024-11-22 10:00:00,1.0484,1.0497,1.0333,1.0416,3985.0,-0.6580829756795303
2024-11-22 14:00:00,1.0417,1.0434,1.0394,1.041,3110.0,-0.057603686635954165
2024-11-22 18:00:00,1.0409,1.0424,1.0391,1.041,1208.0,0.0
2024-11-22 22:00:00,1.0411,1.0418,1.0407,1.0417,251.0,0.06724303554275224
2024-11-24 22:00:00,1.0476,1.05,1.0462,1.0478,800.0,0.5855812613996259
2024-11-25 02:00:00,1.0479,1.0489,1.0473,1.0477,1180.0,-0.009543806069856053
2024-11-25 06:00:00,1.0476,1.0489,1.0449,1.045,1244.0,-0.25770735897682195
2024-11-25 10:00:00,1.0451,1.0496,1.0448,1.0479,2444.0,0.2775119617224986
2024-11-25 14:00:00,1.0478,1.0529,1.0473,1.0488,3141.0,0.08588605782993142
2024-11-25 18:00:00,1.0489,1.051,1.0466,1.0505,1799.0,0.1620900076277687
2024-11-25 22:00:00,1.0504,1.0508,1.0442,1.0444,928.0,-0.5806758686339841
2024-11-26 02:00:00,1.0445,1.0479,1.0424,1.0477,2411.0,0.31597089237840326
2024-11-26 06:00:00,1.0478,1.049,1.0471,1.0471,1282.0,-0.05726830199486166
2024-11-26 10:00:00,1.0472,1.052,1.0469,1.0512,2473.0,0.39155763537388477
2024-11-26 14:00:00,1.0511,1.0544,1.0478,1.0479,3417.0,-0.3139269406392531
2024-11-26 18:00:00,1.048,1.0485,1.0456,1.0472,2071.0,-0.06680026720108367
2024-11-26 22:00:00,1.0471,1.0491,1.0471,1.0491,682.0,0.181436210847985
2024-11-27 02:00:00,1.0492,1.0496,1.0477,1.0482,972.0,-0.08578781812981218
2024-11-27 06:00:00,1.048,1.0504,1.0474,1.0497,1102.0,0.14310246136233218
2024-11-27 10:00:00,1.0496,1.0539,1.0495,1.0525,2812.0,0.2667428789177695
2024-11-27 14:00:00,1.0526,1.0579,1.0519,1.057,3457.0,0.42755344418052843
2024-11-27 18:00:00,1.0569,1.0587,1.0554,1.0562,1944.0,-0.07568590350046644
2024-11-27 22:00:00,1.0561,1.0569,1.0559,1.0561,517.0,-0.00946790380609297
2024-11-28 02:00:00,1.056,1.0562,1.0546,1.0552,771.0,-0.0852192027270271
2024-11-28 06:00:00,1.0551,1.0557,1.0531,1.0541,823.0,-0.10424564063683528
2024-11-28 10:00:00,1.0538,1.0555,1.0527,1.0549,2157.0,0.07589412769186676
2024-11-28 14:00:00,1.0548,1.0556,1.0529,1.0551,1614.0,0.01895914304672619
2024-11-28 18:00:00,1.0552,1.0556,1.0547,1.0556,342.0,0.04738887309261308
2024-11-28 22:00:00,1.0555,1.0561,1.0548,1.0559,254.0,0.028419856006056676
2024-11-29 02:00:00,1.056,1.0575,1.0556,1.0573,991.0,0.13258831328721854
2024-11-29 06:00:00,1.0572,1.0596,1.0564,1.0579,1116.0,0.05674832119550999
2024-11-29 10:00:00,1.0578,1.0581,1.0551,1.0562,2029.0,-0.16069571793175808
2024-11-29 14:00:00,1.0561,1.0568,1.0545,1.0561,2208.0,-0.00946790380609297
2024-11-29 18:00:00,1.056,1.0579,1.0541,1.0579,1769.0,0.170438405454032
2024-11-29 22:00:00,1.0578,1.0584,1.0576,1.0577,423.0,-0.018905378580202914
2024-12-01 22:00:00,1.0566,1.0568,1.0533,1.0543,520.0,-0.3214522076203097
2024-12-02 02:00:00,1.0544,1.0545,1.0519,1.0523,1309.0,-0.18969932656739408
2024-12-02 06:00:00,1.0522,1.0536,1.0501,1.0501,1728.0,-0.20906585574456127
2024-12-02 10:00:00,1.05,1.0528,1.0495,1.0522,2408.0,0.19998095419484496
2024-12-02 14:00:00,1.0521,1.0537,1.0461,1.0469,3326.0,-0.503706519673075
2024-12-02 18:00:00,1.0468,1.0498,1.046,1.0489,1953.0,0.19104021396503246
2024-12-02 22:00:00,1.049,1.0515,1.0488,1.05,782.0,0.10487177042617368
2024-12-03 02:00:00,1.0501,1.0501,1.0481,1.0489,1187.0,-0.1047619047619186
2024-12-03 06:00:00,1.049,1.0511,1.048,1.0496,1255.0,0.06673658118030446
2024-12-03 10:00:00,1.0497,1.053,1.0497,1.0522,2463.0,0.2477134146341431
2024-12-03 14:00:00,1.0521,1.0528,1.0491,1.0516,2715.0,-0.05702337958561898
2024-12-03 18:00:00,1.0517,1.0534,1.0502,1.0503,1886.0,-0.12362114872576102
2024-12-03 22:00:00,1.0502,1.0512,1.0502,1.0509,565.0,0.05712653527563116
2024-12-04 02:00:00,1.0508,1.0512,1.0487,1.0493,1111.0,-0.1522504519935297
2024-12-04 06:00:00,1.0492,1.0528,1.049,1.0508,1236.0,0.14295244448681022
2024-12-04 10:00:00,1.0507,1.0514,1.0482,1.0504,2365.0,-0.03806623524933439
2024-12-04 14:00:00,1.0503,1.0543,1.0471,1.0529,3478.0,0.238004569687722
2024-12-04 18:00:00,1.0528,1.0542,1.0506,1.0513,2135.0,-0.1519612498812828
2024-12-04 22:00:00,1.0512,1.0517,1.0504,1.0512,682.0,-0.009512032721392671
2024-12-05 02:00:00,1.0511,1.0522,1.0507,1.0522,724.0,0.09512937595130833
2024-12-05 10:00:00,1.0533,1.0545,1.052,1.0536,1367.0,0.1330545523664739
2024-12-05 14:00:00,1.0537,1.0589,1.0523,1.0571,3032.0,0.3321943811693151
2024-12-05 18:00:00,1.0572,1.0588,1.0556,1.0587,1458.0,0.15135748746570865
2024-12-05 22:00:00,1.0586,1.0588,1.058,1.0586,549.0,-0.009445546424857731
2024-12-06 02:00:00,1.0585,1.0586,1.0565,1.0575,833.0,-0.10391082561872489
2024-12-06 06:00:00,1.0576,1.0584,1.0567,1.0583,707.0,0.07565011820329648
2024-12-06 10:00:00,1.0582,1.0593,1.057,1.0586,1591.0,0.028347349522817034
2024-12-06 14:00:00,1.0585,1.0629,1.0543,1.0562,3886.0,-0.2267145286227068
2024-12-06 18:00:00,1.0563,1.0575,1.0541,1.0554,1629.0,-0.07574323044878817
2024-12-06 22:00:00,1.0553,1.0569,1.0553,1.0568,262.0,0.13265112753459984
2024-12-08 22:00:00,1.0557,1.0568,1.0557,1.0565,258.0,-0.028387585162747975
2024-12-09 02:00:00,1.0564,1.0565,1.0536,1.0536,758.0,-0.2744912446758119
2024-12-09 06:00:00,1.0535,1.0566,1.0531,1.0563,1066.0,0.25626423690203737
2024-12-09 10:00:00,1.0564,1.0584,1.0556,1.0568,1744.0,0.047335037394669044
2024-12-09 14:00:00,1.0567,1.0592,1.0557,1.059,1946.0,0.2081756245268629
2024-12-09 18:00:00,1.0591,1.0594,1.0551,1.0554,944.0,-0.3399433427762055
2024-12-09 22:00:00,1.0555,1.0557,1.0546,1.0553,429.0,-0.009475080538179359
2024-12-10 02:00:00,1.0554,1.0561,1.0544,1.0556,801.0,0.02842793518431641
2024-12-10 06:00:00,1.0557,1.0567,1.0546,1.0548,871.0,-0.07578628268284371
2024-12-10 10:00:00,1.0549,1.0551,1.0522,1.0531,1610.0,-0.16116799393249837
2024-12-10 14:00:00,1.053,1.0533,1.0497,1.0503,2140.0,-0.2658816826512145
2024-12-10 18:00:00,1.0504,1.053,1.0499,1.0526,1254.0,0.21898505188993056
2024-12-10 22:00:00,1.0527,1.0531,1.0523,1.053,429.0,0.03800114003420507
2024-12-11 02:00:00,1.0531,1.0538,1.0527,1.0527,611.0,-0.028490028490024688
2024-12-11 06:00:00,1.0528,1.0529,1.0487,1.0489,1111.0,-0.36097653652512607
2024-12-11 10:00:00,1.049,1.0512,1.0486,1.0503,1829.0,0.1334731623605645
2024-12-11 14:00:00,1.0504,1.0537,1.0479,1.049,3591.0,-0.12377415976388972
2024-12-11 18:00:00,1.0489,1.0511,1.0481,1.049,1587.0,0.0
2024-12-11 22:00:00,1.0491,1.0506,1.0487,1.0504,494.0,0.13346043851287792
2024-12-12 02:00:00,1.0505,1.0508,1.05,1.0504,773.0,0.0
2024-12-12 06:00:00,1.0505,1.053,1.0503,1.0515,817.0,0.10472201066260567
2024-12-12 10:00:00,1.0514,1.052,1.0493,1.0502,1660.0,-0.1236329053732832
2024-12-12 14:00:00,1.0501,1.052,1.0463,1.0472,4258.0,-0.2856598743096628
2024-12-12 18:00:00,1.0471,1.0517,1.0471,1.0472,1859.0,0.0
2024-12-12 22:00:00,1.0471,1.0474,1.0463,1.0473,564.0,0.009549274255160611
2024-12-13 02:00:00,1.0472,1.048,1.0459,1.0459,829.0,-0.13367707438173282
2024-12-13 06:00:00,1.046,1.0465,1.0452,1.0458,915.0,-0.009561143512759607
2024-12-13 10:00:00,1.0457,1.0495,1.0456,1.0488,1641.0,0.2868617326448497
2024-12-13 14:00:00,1.0487,1.0523,1.0481,1.0488,2175.0,0.0
2024-12-13 18:00:00,1.0489,1.0505,1.0486,1.0495,1318.0,0.06674294431732175
2024-12-13 22:00:00,1.0496,1.0504,1.0492,1.0503,254.0,0.07622677465459748
2024-12-15 22:00:00,1.0488,1.051,1.0485,1.0508,332.0,0.04760544606301487
2024-12-16 02:00:00,1.0509,1.0522,1.0509,1.0511,699.0,0.02854967643699524
2024-12-16 06:00:00,1.0512,1.0521,1.0503,1.0503,612.0,-0.07611074112833238
2024-12-16 10:00:00,1.0504,1.0524,1.0482,1.049,1486.0,-0.12377415976388972
2024-12-16 14:00:00,1.0489,1.0512,1.0474,1.0506,1859.0,0.1525262154432827
2024-12-16 18:00:00,1.0507,1.0522,1.0494,1.0509,1287.0,0.028555111364925168
2024-12-16 22:00:00,1.051,1.0517,1.0506,1.0516,390.0,0.06660957274717827
2024-12-17 02:00:00,1.0517,1.0533,1.051,1.0511,820.0,-0.04754659566376107
2024-12-17 06:00:00,1.0512,1.0512,1.0495,1.0497,940.0,-0.13319379697458444
2024-12-17 10:00:00,1.0496,1.0499,1.0478,1.049,1569.0,-0.06668571972946458
2024-12-17 14:00:00,1.0491,1.0511,1.0487,1.0498,1997.0,0.07626310772164135
2024-12-17 18:00:00,1.0499,1.0515,1.0487,1.0488,1348.0,-0.09525623928368088
2024-12-17 22:00:00,1.0487,1.0494,1.0484,1.0494,460.0,0.05720823798629482
2024-12-18 02:00:00,1.0493,1.0503,1.0492,1.0498,662.0,0.038117019249095385
2024-12-18 06:00:00,1.0497,1.0512,1.0493,1.0496,831.0,-0.019051247856727294
2024-12-18 10:00:00,1.0495,1.0503,1.0487,1.0496,1247.0,0.0
2024-12-18 14:00:00,1.0495,1.0502,1.0469,1.0473,1692.0,-0.21913109756099836
2024-12-18 18:00:00,1.0472,1.0492,1.0373,1.0376,3004.0,-0.9261911582163496
2024-12-18 22:00:00,1.0375,1.0379,1.0343,1.035,2204.0,-0.2505782575173643
2024-12-19 02:00:00,1.0351,1.039,1.0351,1.0377,1444.0,0.2608695652174031
2024-12-19 06:00:00,1.0378,1.0408,1.0374,1.0394,1494.0,0.16382384118724946
2024-12-19 10:00:00,1.0393,1.0421,1.039,1.0403,2049.0,0.08658841639406223
2024-12-19 14:00:00,1.0401,1.0413,1.0376,1.0379,3077.0,-0.23070268191867083
2024-12-19 18:00:00,1.0378,1.0384,1.0354,1.0361,2026.0,-0.17342711243858444
2024-12-19 22:00:00,1.036,1.0368,1.0358,1.0364,643.0,0.028954734099029267
2024-12-20 02:00:00,1.0363,1.0368,1.0358,1.0361,910.0,-0.028946352759551264
2024-12-20 06:00:00,1.036,1.0384,1.0342,1.0382,1417.0,0.20268313869318266
2024-12-20 10:00:00,1.0381,1.0398,1.0375,1.0391,1628.0,0.08668849932573774
2024-12-20 14:00:00,1.039,1.0418,1.0385,1.0396,2646.0,0.04811856414206339
2024-12-20 18:00:00,1.0397,1.0447,1.0395,1.0444,1905.0,0.461716044632543
2024-12-20 22:00:00,1.0443,1.0446,1.0421,1.0428,435.0,-0.15319800842589215
2024-12-22 22:00:00,1.0429,1.0444,1.0428,1.0433,359.0,0.04794783275794412
2024-12-23 02:00:00,1.0434,1.0442,1.0426,1.0438,674.0,0.047924853829206526
2024-12-23 06:00:00,1.0439,1.0444,1.041,1.0412,608.0,-0.2490898639586292
2024-12-23 10:00:00,1.0413,1.0419,1.0386,1.0399,1255.0,-0.12485593545906726
2024-12-23 14:00:00,1.04,1.0408,1.0383,1.039,1888.0,-0.08654678334456545
2024-12-23 18:00:00,1.0391,1.0417,1.0388,1.041,1142.0,0.19249278152069227
2024-12-23 22:00:00,1.0411,1.0413,1.0402,1.0403,390.0,-0.06724303554274114
2024-12-24 02:00:00,1.0404,1.0408,1.0388,1.039,455.0,-0.12496395270595873
2024-12-24 06:00:00,1.0391,1.0398,1.0389,1.039,423.0,0.0
2024-12-24 10:00:00,1.0391,1.0405,1.0388,1.0394,901.0,0.03849855630415622
2024-12-24 14:00:00,1.0395,1.0409,1.0388,1.0391,1174.0,-0.028862805464713315
2024-12-24 18:00:00,1.0392,1.0395,1.0383,1.0388,357.0,-0.02887113848522027
2024-12-26 06:00:00,1.0397,1.0399,1.039,1.0396,237.0,0.07701193685023533
2024-12-26 10:00:00,1.0397,1.0402,1.039,1.04,447.0,0.03847633705271747
2024-12-26 14:00:00,1.0399,1.0414,1.0392,1.0408,1039.0,0.07692307692306333
2024-12-26 18:00:00,1.0409,1.0429,1.0406,1.0416,900.0,0.0768639508070823
2024-12-26 22:00:00,1.0415,1.0424,1.0415,1.0421,441.0,0.04800307219661182
2024-12-27 02:00:00,1.042,1.0423,1.0406,1.0412,542.0,-0.08636407254583034
2024-12-27 06:00:00,1.0411,1.0424,1.0404,1.0421,486.0,0.08643872454860979
2024-12-27 10:00:00,1.042,1.044,1.0408,1.0438,851.0,0.16313213703100793
2024-12-27 14:00:00,1.0439,1.0443,1.0415,1.0421,1448.0,-0.16286644951140072
2024-12-27 18:00:00,1.0422,1.0432,1.0414,1.0427,1237.0,0.05757604836387209
2024-12-27 22:00:00,1.0426,1.0426,1.0421,1.0423,262.0,-0.03836194495060452
2024-12-29 22:00:00,1.043,1.0433,1.0427,1.0429,175.0,0.05756500047970903
2024-12-30 02:00:00,1.043,1.043,1.042,1.0424,337.0,-0.047943235209502166
2024-12-30 06:00:00,1.0423,1.0431,1.042,1.0425,418.0,0.009593246354566709
2024-12-30 10:00:00,1.0426,1.0451,1.0409,1.0447,1265.0,0.21103117505993918
2024-12-30 14:00:00,1.0446,1.0457,1.0371,1.038,2346.0,-0.6413324399349052
2024-12-30 18:00:00,1.0379,1.0406,1.0374,1.0396,1249.0,0.15414258188826135
2024-12-30 22:00:00,1.0395,1.0406,1.0394,1.0405,423.0,0.0865717583685921
2024-12-31 02:00:00,1.0404,1.0414,1.0396,1.0408,439.0,0.028832292167213502
2024-12-31 06:00:00,1.0407,1.0408,1.0402,1.0403,91.0,-0.04803996925440979
2025-01-02 06:00:00,1.0363,1.0372,1.0359,1.0362,437.0,-0.3941170816110784
2025-01-02 10:00:00,1.0363,1.037,1.0313,1.0331,1886.0,-0.29917004439298234
2025-01-02 14:00:00,1.0332,1.0333,1.0272,1.0273,2738.0,-0.5614170941825369
2025-01-02 18:00:00,1.0274,1.0275,1.0223,1.025,2525.0,-0.223887861384231
2025-01-02 22:00:00,1.0251,1.0267,1.025,1.0267,479.0,0.1658536585365855
2025-01-03 02:00:00,1.0266,1.0274,1.0265,1.027,504.0,0.029219830524973567
2025-01-03 06:00:00,1.0269,1.0284,1.0264,1.028,720.0,0.09737098344695383
2025-01-03 10:00:00,1.0281,1.0302,1.0272,1.0296,1317.0,0.15564202334630295
2025-01-03 14:00:00,1.0297,1.0305,1.0272,1.0288,1928.0,-0.07770007770009357
2025-01-03 18:00:00,1.0287,1.0305,1.0283,1.03,1220.0,0.1166407465007957
2025-01-03 22:00:00,1.0299,1.0309,1.0298,1.0307,191.0,0.06796116504854677
2025-01-05 22:00:00,1.0305,1.0307,1.0296,1.0304,158.0,-0.02910643252158618
2025-01-06 02:00:00,1.0303,1.0317,1.0295,1.0315,735.0,0.10675465838509979
2025-01-06 06:00:00,1.0316,1.0327,1.0307,1.0326,662.0,0.10664081434803574
2025-01-06 10:00:00,1.0327,1.0432,1.0326,1.0421,3172.0,0.9200077474336599
2025-01-06 14:00:00,1.0423,1.0436,1.0352,1.0393,4552.0,-0.26868822569812156
2025-01-06 18:00:00,1.0394,1.0402,1.0376,1.0387,1729.0,-0.057731165207342006
2025-01-06 22:00:00,1.0386,1.0392,1.0381,1.0382,525.0,-0.04813709444497771
2025-01-07 02:00:00,1.0383,1.0392,1.0375,1.0392,714.0,0.09632055480639501
2025-01-07 06:00:00,1.0393,1.0424,1.039,1.0414,1068.0,0.21170130869900827
2025-01-07 10:00:00,1.0415,1.0433,1.0402,1.0412,1814.0,-0.0192049164586372
2025-01-07 14:00:00,1.0413,1.0416,1.0354,1.0372,2674.0,-0.3841721091048744
2025-01-07 18:00:00,1.0373,1.038,1.0349,1.0354,2218.0,-0.17354415734668338
2025-01-07 22:00:00,1.0355,1.0355,1.0338,1.0341,531.0,-0.12555534093104948
2025-01-08 02:00:00,1.0342,1.0354,1.0342,1.0347,482.0,0.058021467943136784
2025-01-08 06:00:00,1.0348,1.0357,1.0328,1.0331,753.0,-0.15463419348603624
2025-01-08 10:00:00,1.0332,1.0339,1.0272,1.0297,2207.0,-0.3291065724518316
2025-01-08 14:00:00,1.0296,1.0309,1.028,1.0301,3276.0,0.038846265902692245
2025-01-08 18:00:00,1.03,1.0323,1.0294,1.0308,1456.0,0.067954567517714
2025-01-08 22:00:00,1.0309,1.0319,1.0307,1.0312,334.0,0.038804811796655514
2025-01-09 02:00:00,1.0313,1.0321,1.0304,1.031,683.0,-0.019394879751744032
2025-01-09 06:00:00,1.0311,1.0312,1.0287,1.029,958.0,-0.19398642095053154
2025-01-09 10:00:00,1.0291,1.0317,1.0283,1.03,2031.0,0.09718172983479434
2025-01-09 14:00:00,1.0301,1.0318,1.0294,1.0299,1450.0,-0.00970873786407811
2025-01-09 18:00:00,1.0298,1.0301,1.029,1.0297,727.0,-0.019419361103012456
2025-01-09 22:00:00,1.0298,1.0303,1.0295,1.0296,256.0,-0.00971156647566751
2025-01-10 02:00:00,1.0298,1.0303,1.0291,1.0298,606.0,0.019425019425023393
2025-01-10 06:00:00,1.0297,1.0299,1.028,1.0296,668.0,-0.01942124684404245
2025-01-10 10:00:00,1.0295,1.0311,1.0292,1.0301,1376.0,0.04856254856253628
2025-01-10 14:00:00,1.03,1.0311,1.0213,1.0249,4617.0,-0.5048053587030421
2025-01-10 18:00:00,1.025,1.025,1.0227,1.0245,2029.0,-0.03902819787295897
2025-01-10 22:00:00,1.0244,1.0248,1.0236,1.0244,307.0,-0.009760858955587537
2025-01-12 22:00:00,1.0237,1.0246,1.0237,1.0242,338.0,-0.01952362358453863
2025-01-13 02:00:00,1.0243,1.0249,1.0212,1.0214,1044.0,-0.27338410466705154
2025-01-13 06:00:00,1.0215,1.0224,1.0207,1.0214,1276.0,0.0
2025-01-13 10:00:00,1.0213,1.023,1.0177,1.0195,2784.0,-0.18601918934795236
2025-01-13 14:00:00,1.0196,1.022,1.0187,1.0196,2434.0,0.009808729769500424
2025-01-13 18:00:00,1.0197,1.0221,1.0191,1.0206,1455.0,0.0980776775205916
2025-01-13 22:00:00,1.0207,1.0277,1.0206,1.0263,1052.0,0.558495002939452
2025-01-14 02:00:00,1.0262,1.0263,1.0238,1.0248,976.0,-0.14615609470916002
2025-01-14 06:00:00,1.0247,1.0265,1.0241,1.0254,1072.0,0.058548009367687115
2025-01-14 10:00:00,1.0253,1.0274,1.0251,1.0253,1823.0,-0.009752291788567291
2025-01-14 14:00:00,1.0254,1.0295,1.0239,1.0294,3315.0,0.39988296108455224
2025-01-14 18:00:00,1.0293,1.0305,1.0278,1.0297,1518.0,0.02914319020788092
2025-01-14 22:00:00,1.0298,1.0308,1.0296,1.0305,536.0,0.07769253180536229
2025-01-15 02:00:00,1.0304,1.0305,1.0294,1.0301,678.0,-0.038816108685102435
2025-01-15 06:00:00,1.03,1.0307,1.0286,1.0304,987.0,0.02912338607901077
2025-01-15 10:00:00,1.0303,1.0316,1.0293,1.03,1378.0,-0.038819875776396895
2025-01-15 14:00:00,1.0299,1.0353,1.0293,1.0305,3323.0,0.04854368932039055
2025-01-15 18:00:00,1.0304,1.0307,1.0258,1.0292,1651.0,-0.12615235322659402
2025-01-15 22:00:00,1.0291,1.0298,1.0285,1.0294,471.0,0.019432568985644494
2025-01-16 02:00:00,1.0295,1.0299,1.0284,1.0288,1162.0,-0.05828638041579515
2025-01-16 06:00:00,1.0289,1.0301,1.028,1.0297,903.0,0.08748055987559678
2025-01-16 10:00:00,1.0298,1.0299,1.0281,1.0289,1440.0,-0.07769253180539559
2025-01-16 14:00:00,1.0288,1.0305,1.026,1.03,3099.0,0.10691029254543682
2025-01-16 18:00:00,1.0301,1.0314,1.0285,1.0301,1863.0,0.00970873786407811
2025-01-16 22:00:00,1.03,1.0303,1.0296,1.0301,366.0,0.0
2025-01-17 02:00:00,1.03,1.0309,1.0297,1.03,548.0,-0.009707795359670257
2025-01-17 06:00:00,1.0299,1.03,1.0277,1.0284,814.0,-0.15533980582524975
2025-01-17 10:00:00,1.0285,1.0309,1.0284,1.0304,1486.0,0.1944768572539779
2025-01-17 14:00:00,1.0303,1.033,1.0264,1.0298,2796.0,-0.05822981366458979
2025-01-17 18:00:00,1.0297,1.0299,1.0272,1.0275,1369.0,-0.2233443387065437
2025-01-17 22:00:00,1.0274,1.0281,1.0268,1.0269,332.0,-0.05839416058395219
2025-01-19 22:00:00,1.0282,1.0282,1.0266,1.028,307.0,0.10711851202649392
2025-01-20 02:00:00,1.0281,1.0306,1.0278,1.0305,794.0,0.24319066147859836
2025-01-20 06:00:00,1.0306,1.0318,1.0299,1.0317,744.0,0.11644832605532951
2025-01-20 10:00:00,1.0316,1.0325,1.0304,1.0325,1407.0,0.07754192110107638
2025-01-20 14:00:00,1.0324,1.0429,1.0311,1.04,4660.0,0.7263922518159882
2025-01-20 18:00:00,1.0399,1.0422,1.0353,1.0419,1782.0,0.18269230769230038
2025-01-20 22:00:00,1.0418,1.0433,1.0409,1.042,868.0,0.009597850081588533
2025-01-21 02:00:00,1.0421,1.0433,1.0352,1.0387,3321.0,-0.3166986564299479
2025-01-21 06:00:00,1.0386,1.0398,1.0364,1.0372,1286.0,-0.14441128333494424
2025-01-21 10:00:00,1.0371,1.0372,1.0341,1.0353,1953.0,-0.18318549942150097
2025-01-21 14:00:00,1.0352,1.041,1.0345,1.0399,2935.0,0.4443156572973894
2025-01-21 18:00:00,1.04,1.0434,1.0398,1.0417,1778.0,0.1730935666891087
2025-01-21 22:00:00,1.0416,1.0433,1.0392,1.0405,1182.0,-0.11519631371796901
2025-01-22 02:00:00,1.0406,1.0424,1.0405,1.0411,943.0,0.05766458433444921
2025-01-22 06:00:00,1.041,1.0421,1.0399,1.0411,889.0,0.0
2025-01-22 10:00:00,1.041,1.0456,1.0409,1.0442,1817.0,0.2977619825184963
2025-01-22 14:00:00,1.044,1.0445,1.0413,1.0419,1985.0,-0.22026431718061845
2025-01-22 18:00:00,1.0418,1.0422,1.0411,1.0419,1109.0,0.0
2025-01-22 22:00:00,1.0418,1.0422,1.0405,1.0407,463.0,-0.11517420097898468
2025-01-23 02:00:00,1.0408,1.0415,1.0396,1.0408,758.0,0.009608917075043522
2025-01-23 06:00:00,1.0409,1.0412,1.0389,1.0399,937.0,-0.08647194465795094
2025-01-23 10:00:00,1.04,1.0419,1.0389,1.0402,1443.0,0.028848927781521816
2025-01-23 14:00:00,1.0403,1.0417,1.0386,1.0396,2097.0,-0.05768121515092872
2025-01-23 18:00:00,1.0395,1.0437,1.0371,1.0421,2648.0,0.24047710657943977
2025-01-23 22:00:00,1.042,1.0428,1.0412,1.0415,612.0,-0.05757604836387209
2025-01-24 02:00:00,1.0414,1.0453,1.0411,1.0445,1413.0,0.288046087373961
2025-01-24 06:00:00,1.0444,1.0469,1.0443,1.046,1659.0,0.14360938247965915
2025-01-24 10:00:00,1.0461,1.0514,1.0457,1.0484,2154.0,0.2294455066921497
2025-01-24 14:00:00,1.0483,1.052,1.0463,1.0515,2211.0,0.29568866844715824
2025-01-24 18:00:00,1.0516,1.0521,1.0491,1.0494,1352.0,-0.19971469329529423
2025-01-24 22:00:00,1.0493,1.0496,1.0487,1.0495,215.0,0.009529254812279397
2025-01-26 22:00:00,1.0479,1.0485,1.0464,1.0467,332.0,-0.2667937112911023
2025-01-27 02:00:00,1.0468,1.0478,1.0458,1.0468,958.0,0.00955383586509484
2025-01-27 06:00:00,1.0467,1.047,1.0453,1.0456,1004.0,-0.11463507833395781
2025-01-27 10:00:00,1.0457,1.0517,1.0454,1.0513,2661.0,0.5451415455240749
2025-01-27 14:00:00,1.0514,1.0532,1.0493,1.0498,2663.0,-0.14268049082086787
2025-01-27 18:00:00,1.0497,1.0507,1.0478,1.0492,1669.0,-0.05715374357021519
2025-01-27 22:00:00,1.0491,1.0493,1.0428,1.0436,1244.0,-0.5337399923751263
2025-01-28 02:00:00,1.0435,1.0456,1.0424,1.0429,1769.0,-0.06707550785742811
2025-01-28 06:00:00,1.0428,1.0443,1.0425,1.0434,898.0,0.04794323520953547
2025-01-28 10:00:00,1.0433,1.0444,1.0419,1.0423,1736.0,-0.1054245735096937
2025-01-28 14:00:00,1.0422,1.044,1.0413,1.0423,1877.0,0.0
2025-01-28 18:00:00,1.0424,1.0437,1.0422,1.0434,1145.0,0.10553583421279988
2025-01-28 22:00:00,1.0433,1.0434,1.0426,1.0426,426.0,-0.07667241709796713
2025-01-29 02:00:00,1.0427,1.0438,1.0425,1.0437,625.0,0.10550546710148545
2025-01-29 06:00:00,1.0438,1.0443,1.0412,1.0416,877.0,-0.2012072434607659
2025-01-29 10:00:00,1.0417,1.043,1.0394,1.0401,1524.0,-0.14400921658986876
2025-01-29 14:00:00,1.04,1.0426,1.0381,1.0419,2116.0,0.1730602826651273
2025-01-29 18:00:00,1.0418,1.0428,1.0388,1.0415,2990.0,-0.038391400326320824
2025-01-29 22:00:00,1.0414,1.0426,1.0405,1.0424,1079.0,0.08641382621219496
2025-01-30 02:00:00,1.0423,1.0428,1.0418,1.0424,634.0,0.0
2025-01-30 06:00:00,1.0425,1.0427,1.0409,1.0427,846.0,0.028779739063700127
2025-01-30 10:00:00,1.0428,1.0428,1.039,1.0391,1719.0,-0.3452575045554851
2025-01-30 14:00:00,1.0392,1.0467,1.0389,1.043,3278.0,0.37532480030795234
2025-01-30 18:00:00,1.0431,1.0434,1.0409,1.0427,1287.0,-0.028763183125590785
2025-01-30 22:00:00,1.0428,1.0431,1.0384,1.0396,1748.0,-0.29730507336720446
2025-01-31 02:00:00,1.0395,1.0402,1.0377,1.0384,977.0,-0.1154290111581413
2025-01-31 06:00:00,1.0383,1.0412,1.0382,1.0402,844.0,0.1733436055469939
2025-01-31 10:00:00,1.0403,1.0406,1.0365,1.0375,1892.0,-0.25956546817919035
2025-01-31 14:00:00,1.0376,1.04,1.0359,1.0395,2327.0,0.1927710843373509
2025-01-31 18:00:00,1.0394,1.0433,1.0361,1.0375,3538.0,-0.19240019240018835
2025-01-31 22:00:00,1.0374,1.0387,1.0349,1.0358,1387.0,-0.16385542168675382
2025-02-02 22:00:00,1.0242,1.0268,1.0233,1.0246,1451.0,-1.08128982429041
2025-02-03 02:00:00,1.0245,1.0266,1.021,1.0221,3110.0,-0.2439976576224856
2025-02-03 06:00:00,1.022,1.0251,1.022,1.0225,2080.0,0.03913511398101477
2025-02-03 10:00:00,1.0227,1.0255,1.0212,1.0251,2346.0,0.2542787286063497
2025-02-03 14:00:00,1.0252,1.0335,1.0244,1.0315,4429.0,0.6243293337235611
2025-02-03 18:00:00,1.0314,1.0321,1.0269,1.0284,3818.0,-0.3005332040717512
2025-02-03 22:00:00,1.0283,1.0351,1.0282,1.0327,1530.0,0.4181252430960791
2025-02-04 02:00:00,1.0328,1.033,1.0308,1.0314,1164.0,-0.12588360608113414
2025-02-04 06:00:00,1.0313,1.0316,1.0271,1.0311,1729.0,-0.029086678301359914
2025-02-04 10:00:00,1.031,1.0348,1.0308,1.0321,1998.0,0.09698380370479764
2025-02-04 14:00:00,1.0322,1.0385,1.0319,1.0379,2607.0,0.5619610502858308
2025-02-04 18:00:00,1.038,1.0386,1.0365,1.0381,1732.0,0.019269679159839015
2025-02-04 22:00:00,1.038,1.0387,1.037,1.0371,653.0,-0.0963298333493956
2025-02-05 02:00:00,1.0372,1.0386,1.0369,1.0379,962.0,0.07713817375374354
2025-02-05 06:00:00,1.038,1.0409,1.0372,1.04,948.0,0.20233163117833186
2025-02-05 10:00:00,1.0399,1.043,1.0389,1.0414,1735.0,0.13461538461538858
2025-02-05 14:00:00,1.0413,1.0442,1.0401,1.0421,2551.0,0.06721720760514138
2025-02-05 18:00:00,1.0422,1.0424,1.0404,1.0406,1277.0,-0.14394012090970243
2025-02-05 22:00:00,1.0405,1.0406,1.0396,1.0398,498.0,-0.0768787238131785
2025-02-06 02:00:00,1.0399,1.0404,1.0389,1.0391,773.0,-0.06732063858435611
2025-02-06 06:00:00,1.0392,1.0393,1.0377,1.0379,731.0,-0.11548455394089219
2025-02-06 10:00:00,1.0378,1.038,1.0355,1.0361,1338.0,-0.17342711243858444
2025-02-06 14:00:00,1.0362,1.0375,1.0352,1.0368,2316.0,0.06756104623104608
2025-02-06 18:00:00,1.0369,1.0396,1.0365,1.0384,1258.0,0.15432098765433278
2025-02-06 22:00:00,1.0383,1.039,1.0381,1.0384,450.0,0.0
2025-02-07 02:00:00,1.0385,1.039,1.0373,1.0379,669.0,-0.04815100154083041
2025-02-07 06:00:00,1.038,1.0389,1.0372,1.0388,585.0,0.08671355621927557
2025-02-07 10:00:00,1.0387,1.0399,1.0377,1.0381,1062.0,-0.06738544474392816
2025-02-07 14:00:00,1.038,1.0411,1.0327,1.0354,3456.0,-0.2600905500433459
2025-02-07 18:00:00,1.0353,1.0359,1.0305,1.0331,3262.0,-0.22213637241647044
2025-02-07 22:00:00,1.0332,1.0337,1.0321,1.0325,343.0,-0.058077630432673555
2025-02-09 22:00:00,1.0288,1.0313,1.0286,1.0309,372.0,-0.15496368038740993
2025-02-10 02:00:00,1.031,1.0318,1.0298,1.0311,807.0,0.01940052381415036
2025-02-10 06:00:00,1.031,1.0324,1.0309,1.0312,628.0,0.009698380370481985
2025-02-10 10:00:00,1.0313,1.0336,1.0306,1.032,1331.0,0.07757951900699833
2025-02-10 14:00:00,1.0319,1.0325,1.0303,1.0314,1381.0,-0.05813953488371659
2025-02-10 18:00:00,1.0315,1.0317,1.0304,1.0306,809.0,-0.0775644754702487
2025-02-10 22:00:00,1.0307,1.0308,1.0298,1.03,468.0,-0.058218513487284795
2025-02-11 02:00:00,1.0299,1.0306,1.0291,1.0297,477.0,-0.02912621359223433
2025-02-11 06:00:00,1.0298,1.0309,1.0297,1.0302,515.0,0.048557832378359755
2025-02-11 10:00:00,1.0303,1.0324,1.0299,1.0321,1016.0,0.1844302077266491
2025-02-11 14:00:00,1.0322,1.0342,1.0316,1.0339,1290.0,0.17440170526112908
2025-02-11 18:00:00,1.0338,1.0381,1.0338,1.0357,1200.0,0.17409807524906284
2025-02-11 22:00:00,1.0358,1.0367,1.0357,1.0363,576.0,0.05793183354252385
2025-02-12 02:00:00,1.0362,1.0367,1.0353,1.0361,653.0,-0.01929943066679707
2025-02-12 06:00:00,1.036,1.0378,1.0354,1.0375,561.0,0.13512209246211437
2025-02-12 10:00:00,1.0374,1.0385,1.0364,1.0374,1283.0,-0.009638554216861994
2025-02-12 14:00:00,1.0373,1.0382,1.0316,1.0374,3263.0,0.0
2025-02-12 18:00:00,1.0373,1.0429,1.035,1.039,2626.0,0.15423173317907768
2025-02-12 22:00:00,1.0389,1.0397,1.038,1.0391,603.0,0.009624639076033503
2025-02-13 02:00:00,1.0392,1.0421,1.0386,1.0418,830.0,0.25984024636707126
2025-02-13 06:00:00,1.0419,1.0439,1.0419,1.0425,1283.0,0.0671913995008655
2025-02-13 10:00:00,1.0426,1.0428,1.0392,1.0402,1642.0,-0.2206235011990354
2025-02-13 14:00:00,1.0403,1.0437,1.0375,1.0432,3446.0,0.2884060757546436
2025-02-13 18:00:00,1.0433,1.0445,1.0372,1.0436,2724.0,0.038343558282227796
2025-02-13 22:00:00,1.0435,1.0468,1.0435,1.0461,649.0,0.23955538520505915
2025-02-14 02:00:00,1.0462,1.0466,1.0453,1.0458,843.0,-0.028677946659017017
2025-02-14 06:00:00,1.0459,1.0471,1.0446,1.0464,753.0,0.05737234652896106
2025-02-14 10:00:00,1.0465,1.0487,1.0462,1.0466,1380.0,0.019113149847083122
2025-02-14 14:00:00,1.0465,1.0513,1.0456,1.0507,2195.0,0.39174469711447113
2025-02-14 18:00:00,1.0508,1.0509,1.0493,1.0497,962.0,-0.09517464547443844
2025-02-14 22:00:00,1.0496,1.0497,1.0488,1.0488,249.0,-0.08573878250930367
2025-02-16 22:00:00,1.0486,1.0493,1.0484,1.0488,264.0,0.0
2025-02-17 02:00:00,1.0487,1.0506,1.0485,1.0494,731.0,0.05720823798629482
2025-02-17 06:00:00,1.0495,1.0497,1.048,1.0482,874.0,-0.11435105774729726
2025-02-17 10:00:00,1.0483,1.0488,1.047,1.0481,1230.0,-0.009540164090826586
2025-02-17 14:00:00,1.0482,1.0484,1.0466,1.0479,851.0,-0.0190821486499404
2025-02-17 18:00:00,1.0478,1.0484,1.0476,1.0481,400.0,0.01908579062888105
2025-02-17 22:00:00,1.048,1.0485,1.0477,1.0484,409.0,0.028623222974899498
2025-02-18 02:00:00,1.0485,1.0485,1.0461,1.0462,761.0,-0.20984357115604313
2025-02-18 06:00:00,1.0461,1.0468,1.0451,1.0462,723.0,0.0
2025-02-18 10:00:00,1.0463,1.0468,1.0454,1.0462,1061.0,0.0
2025-02-18 14:00:00,1.0461,1.0466,1.0441,1.0466,1444.0,0.038233607340854014
2025-02-18 18:00:00,1.0465,1.0469,1.0434,1.0444,825.0,-0.2102044716223994
2025-02-18 22:00:00,1.0443,1.0451,1.0441,1.0447,542.0,0.02872462657985686
2025-02-19 02:00:00,1.0446,1.0451,1.044,1.045,619.0,0.028716377907533897
2025-02-19 06:00:00,1.0451,1.046,1.0447,1.045,568.0,0.0
2025-02-19 10:00:00,1.0451,1.0455,1.0418,1.0424,1300.0,-0.24880382775118726
2025-02-19 14:00:00,1.0423,1.044,1.0421,1.0423,1438.0,-0.009593246354566709
2025-02-19 18:00:00,1.0424,1.0432,1.04,1.0424,1284.0,0.009594166746618171
2025-02-19 22:00:00,1.0423,1.0426,1.0419,1.042,381.0,-0.038372985418266836
2025-02-20 02:00:00,1.0421,1.0437,1.0418,1.043,828.0,0.09596928982724684
2025-02-20 06:00:00,1.0431,1.0433,1.0423,1.0431,707.0,0.009587727708537663
2025-02-20 10:00:00,1.043,1.0445,1.0428,1.0438,1066.0,0.06710765986004397
2025-02-20 14:00:00,1.0437,1.0474,1.0432,1.0473,2005.0,0.33531327840581326
2025-02-20 18:00:00,1.0472,1.0502,1.0463,1.0501,1193.0,0.26735414876351005
2025-02-20 22:00:00,1.05,1.0505,1.0494,1.05,425.0,-0.009522902580705317
2025-02-21 02:00:00,1.0499,1.0504,1.0484,1.0502,863.0,0.019047619047607434
2025-02-21 06:00:00,1.0501,1.0504,1.0487,1.0491,688.0,-0.10474195391354524
2025-02-21 10:00:00,1.049,1.0493,1.0462,1.0469,1366.0,-0.2097035554284643
2025-02-21 14:00:00,1.0468,1.0492,1.0452,1.0453,1725.0,-0.15283217117203485
2025-02-21 18:00:00,1.0454,1.0467,1.0448,1.0461,1427.0,0.07653305271215771
2025-02-21 22:00:00,1.046,1.0464,1.0457,1.0459,410.0,-0.019118631106007644
2025-02-23 22:00:00,1.047,1.0484,1.046,1.0473,446.0,0.1338560091786789
2025-02-24 02:00:00,1.0472,1.0527,1.0471,1.0518,1407.0,0.429676310512761
2025-02-24 06:00:00,1.0519,1.052,1.0486,1.049,1338.0,-0.26621030614186747
2025-02-24 10:00:00,1.0491,1.0492,1.0463,1.0467,1616.0,-0.21925643469971057
2025-02-24 14:00:00,1.0468,1.0475,1.0452,1.0468,1584.0,0.00955383586509484
2025-02-24 18:00:00,1.0467,1.0485,1.0465,1.0474,1176.0,0.05731753916700111
2025-02-24 22:00:00,1.0475,1.0479,1.046,1.046,621.0,-0.13366431162880055
2025-02-25 02:00:00,1.0461,1.0475,1.0459,1.0472,765.0,0.11472275334607485
2025-02-25 06:00:00,1.0473,1.0479,1.0463,1.0463,718.0,-0.0859434682964011
2025-02-25 10:00:00,1.0464,1.0489,1.0455,1.0489,1598.0,0.24849469559398152
2025-02-25 14:00:00,1.0488,1.0518,1.0487,1.0498,2037.0,0.08580417580323907
2025-02-25 18:00:00,1.0497,1.0517,1.0483,1.051,1370.0,0.11430748714038597
2025-02-25 22:00:00,1.0509,1.0522,1.0508,1.052,542.0,0.09514747859182826
2025-02-26 02:00:00,1.0519,1.0524,1.05,1.0503,716.0,-0.16159695817490327
2025-02-26 06:00:00,1.0504,1.0504,1.0486,1.0493,908.0,-0.09521089212607414
2025-02-26 10:00:00,1.0492,1.0511,1.0486,1.0491,1430.0,-0.019060325931574695
2025-02-26 14:00:00,1.049,1.0508,1.0474,1.0505,1997.0,0.13344771709085101
2025-02-26 18:00:00,1.0506,1.0528,1.0481,1.049,2711.0,-0.14278914802475784
2025-02-26 22:00:00,1.0489,1.0492,1.0478,1.0487,564.0,-0.02859866539560718
2025-02-27 02:00:00,1.0486,1.0486,1.0464,1.0465,815.0,-0.20978354152760836
2025-02-27 06:00:00,1.0464,1.0479,1.0458,1.0475,893.0,0.0955566172957667
2025-02-27 10:00:00,1.0474,1.0486,1.047,1.0475,1139.0,0.0
2025-02-27 14:00:00,1.0476,1.0489,1.0409,1.0414,3129.0,-0.5823389021479719
2025-02-27 18:00:00,1.0415,1.0417,1.04,1.0404,1249.0,-0.09602458229307498
2025-02-27 22:00:00,1.0403,1.0408,1.0388,1.0393,602.0,-0.10572856593619173
2025-02-28 02:00:00,1.0394,1.0403,1.038,1.0387,1102.0,-0.057731165207342006
2025-02-28 06:00:00,1.0388,1.04,1.0382,1.0395,861.0,0.07701935111197322
2025-02-28 10:00:00,1.0396,1.0407,1.0392,1.0398,1115.0,0.028860028860022702
2025-02-28 14:00:00,1.0397,1.0419,1.0393,1.0399,1978.0,0.00961723408348103
2025-02-28 18:00:00,1.0398,1.041,1.0359,1.0367,2390.0,-0.3077218963361994
2025-02-28 22:00:00,1.0366,1.0376,1.0361,1.0375,661.0,0.07716793672229993
2025-03-02 22:00:00,1.0404,1.042,1.0399,1.0411,405.0,0.3469879518072094
2025-03-03 02:00:00,1.041,1.0422,1.0402,1.0416,1374.0,0.04802612621268576
2025-03-03 06:00:00,1.0417,1.042,1.0401,1.0405,967.0,-0.10560675883257709
2025-03-03 10:00:00,1.0404,1.0457,1.0388,1.0452,2107.0,0.45170591061989285
2025-03-03 14:00:00,1.0453,1.0503,1.0452,1.0484,2818.0,0.3061615001913598
2025-03-03 18:00:00,1.0483,1.0503,1.0472,1.0472,1865.0,-0.11446012972149422
2025-03-03 22:00:00,1.0471,1.0492,1.0466,1.0485,1515.0,0.12414056531704354
2025-03-04 02:00:00,1.0484,1.0495,1.0474,1.0476,1393.0,-0.08583690987123971
2025-03-04 06:00:00,1.0477,1.05,1.047,1.0492,1636.0,0.1527300496372508
2025-03-04 10:00:00,1.0491,1.0544,1.0485,1.0543,2617.0,0.4860846359130866
2025-03-04 14:00:00,1.0544,1.0559,1.0496,1.0526,3580.0,-0.16124442758228552
2025-03-04 18:00:00,1.0525,1.0601,1.0514,1.06,3094.0,0.7030210906327161
2025-03-04 22:00:00,1.0601,1.0636,1.0601,1.0622,1615.0,0.20754716981132848
2025-03-05 02:00:00,1.0623,1.0627,1.0601,1.0617,1812.0,-0.04707211447937398
2025-03-05 06:00:00,1.0618,1.0675,1.0615,1.0674,1750.0,0.536874823396416
2025-03-05 10:00:00,1.0673,1.0721,1.0658,1.0678,2986.0,0.037474236462453625
2025-03-05 14:00:00,1.0679,1.0776,1.0678,1.0764,4437.0,0.8053942685896098
2025-03-05 18:00:00,1.0765,1.079,1.076,1.0789,2944.0,0.2322556670382614
2025-03-05 22:00:00,1.0788,1.0796,1.0785,1.0793,580.0,0.03707479840577843
2025-03-06 02:00:00,1.0794,1.0819,1.0787,1.0789,1463.0,-0.037061058093201815
2025-03-06 06:00:00,1.0788,1.0821,1.0783,1.0798,1800.0,0.08341829641302922
2025-03-06 10:00:00,1.0797,1.0816,1.078,1.0798,3048.0,0.0
2025-03-06 14:00:00,1.0797,1.0853,1.0787,1.0816,4702.0,0.16669753658082875
2025-03-06 18:00:00,1.0817,1.0836,1.0765,1.0801,2752.0,-0.13868343195264643
2025-03-06 22:00:00,1.08,1.0803,1.0774,1.0786,940.0,-0.1388760299972258
2025-03-07 02:00:00,1.0787,1.0814,1.078,1.0805,1013.0,0.17615427405897055
2025-03-07 06:00:00,1.0806,1.084,1.0802,1.0829,1087.0,0.22211938917167107
2025-03-07 10:00:00,1.083,1.087,1.0826,1.0849,1919.0,0.18468926031951494
2025-03-07 14:00:00,1.0848,1.0888,1.0835,1.0869,4387.0,0.1843487879067185
2025-03-07 18:00:00,1.0868,1.0872,1.0825,1.0842,2363.0,-0.24841291747169647
2025-03-07 22:00:00,1.0841,1.085,1.0834,1.0835,382.0,-0.06456373362849765
2025-03-09 22:00:00,1.0845,1.0865,1.0844,1.0859,625.0,0.2215043839409514
2025-03-10 02:00:00,1.086,1.087,1.0829,1.0831,1212.0,-0.2578506308131612
2025-03-10 06:00:00,1.0832,1.0844,1.081,1.0823,1401.0,-0.07386206259808459
2025-03-10 10:00:00,1.0822,1.0874,1.0804,1.085,2964.0,0.24946872401365727
2025-03-10 14:00:00,1.0849,1.0859,1.082,1.0836,2502.0,-0.1290322580645209
2025-03-10 18:00:00,1.0837,1.0845,1.0817,1.0831,1656.0,-0.04614248800294263
2025-03-10 22:00:00,1.083,1.0843,1.0825,1.0839,589.0,0.0738620625981179
2025-03-11 02:00:00,1.0838,1.086,1.0838,1.0854,1285.0,0.1383891502906076
2025-03-11 06:00:00,1.0853,1.0901,1.0835,1.089,2032.0,0.3316749585406287
2025-03-11 10:00:00,1.0889,1.092,1.088,1.0904,2269.0,0.12855831037650312
2025-03-11 14:00:00,1.0903,1.093,1.0894,1.0926,2958.0,0.20176082171678988
2025-03-11 18:00:00,1.0925,1.0946,1.0917,1.0919,1805.0,-0.06406736225516019
2025-03-11 22:00:00,1.0918,1.092,1.0909,1.0913,419.0,-0.05495008700432402
2025-03-12 02:00:00,1.0914,1.0915,1.0895,1.0896,767.0,-0.15577751305781984
2025-03-12 06:00:00,1.0905,1.0905,1.0887,1.0901,785.0,0.045888399412641334
2025-03-12 10:00:00,1.09,1.0925,1.0897,1.09,2081.0,-0.009173470323819988
2025-03-12 14:00:00,1.0899,1.0931,1.0875,1.0923,3709.0,0.2110091743119158
2025-03-12 18:00:00,1.0922,1.0927,1.0879,1.0889,1414.0,-0.31126979767464036
2025-03-12 22:00:00,1.089,1.0893,1.0883,1.0884,429.0,-0.0459178987969433
2025-03-13 02:00:00,1.0885,1.0896,1.0882,1.0884,649.0,0.0
2025-03-13 06:00:00,1.0883,1.0893,1.0859,1.0865,1119.0,-0.17456817346563902
2025-03-13 10:00:00,1.0866,1.0884,1.0844,1.0855,2301.0,-0.09203865623562679
2025-03-13 14:00:00,1.0856,1.0876,1.0822,1.0858,3328.0,0.02763703362507197
2025-03-13 18:00:00,1.0857,1.0877,1.0847,1.0847,1601.0,-0.10130779149015723
2025-03-13 22:00:00,1.0846,1.0855,1.0846,1.0854,302.0,0.06453397252694781
2025-03-14 02:00:00,1.0853,1.0858,1.0833,1.0845,796.0,-0.08291873963515162
2025-03-14 06:00:00,1.0844,1.085,1.083,1.0838,1180.0,-0.06454587367449305
2025-03-14 10:00:00,1.0837,1.0912,1.0834,1.0896,2748.0,0.5351540874700023
2025-03-14 14:00:00,1.0897,1.0911,1.0865,1.0871,2623.0,-0.22944199706314006
2025-03-14 18:00:00,1.087,1.0889,1.087,1.0882,1101.0,0.10118664336309369
2025-03-16 22:00:00,1.0878,1.0884,1.0874,1.0879,216.0,-0.02756846167983884
2025-03-17 02:00:00,1.088,1.0889,1.0873,1.0883,619.0,0.036768085301952524
2025-03-17 06:00:00,1.0884,1.0893,1.0868,1.0875,937.0,-0.07350914269963482
2025-03-17 10:00:00,1.0874,1.0911,1.087,1.0901,1447.0,0.2390804597701246
2025-03-17 14:00:00,1.0902,1.0929,1.0887,1.0921,1838.0,0.18346940647646637
2025-03-17 18:00:00,1.092,1.0926,1.0911,1.092,904.0,-0.00915667063455805
2025-03-17 22:00:00,1.0921,1.0927,1.0917,1.0917,330.0,-0.02747252747254958
2025-03-18 02:00:00,1.0918,1.092,1.0905,1.0907,468.0,-0.09160025648070613
2025-03-18 06:00:00,1.0908,1.0936,1.0903,1.0934,655.0,0.24754744659392092
2025-03-18 10:00:00,1.0933,1.0954,1.0914,1.0915,1526.0,-0.1737698920797559
2025-03-18 14:00:00,1.0916,1.0933,1.0892,1.0926,2451.0,0.10077874484655247
2025-03-18 18:00:00,1.0925,1.0951,1.0923,1.0945,1270.0,0.1738971261211697
2025-03-18 22:00:00,1.0946,1.0948,1.0937,1.0938,362.0,-0.063956144358146
2025-03-19 02:00:00,1.0937,1.0944,1.0931,1.0937,571.0,-0.009142439202802777
2025-03-19 06:00:00,1.0936,1.0936,1.0872,1.0891,1230.0,-0.4205906555728167
2025-03-19 10:00:00,1.0892,1.0912,1.0891,1.0907,1585.0,0.14691029290239133
2025-03-19 14:00:00,1.0908,1.0917,1.0875,1.0877,1736.0,-0.2750527184377072
2025-03-19 18:00:00,1.0878,1.0912,1.086,1.0897,2707.0,0.18387423002665937
2025-03-19 22:00:00,1.0898,1.0912,1.0895,1.0911,387.0,0.12847572726439882
2025-03-20 02:00:00,1.0912,1.0916,1.0903,1.0909,787.0,-0.018330125561361044
2025-03-20 06:00:00,1.0908,1.091,1.0864,1.0879,883.0,-0.2750022916857553
2025-03-20 10:00:00,1.088,1.0885,1.0833,1.0849,2245.0,-0.27576063976469944
2025-03-20 14:00:00,1.0848,1.0855,1.0814,1.0846,2263.0,-0.027652318186000002
2025-03-20 18:00:00,1.0847,1.0853,1.0838,1.0852,942.0,0.05531993361607146
2025-03-20 22:00:00,1.0853,1.0858,1.0847,1.0852,258.0,0.0
2025-03-21 02:00:00,1.0853,1.0858,1.0833,1.0834,821.0,-0.1658680427571002
2025-03-21 06:00:00,1.0835,1.0841,1.0819,1.0838,1006.0,0.03692080487356364
2025-03-21 10:00:00,1.0837,1.085,1.0823,1.085,1522.0,0.11072153533862039
2025-03-21 14:00:00,1.0849,1.086,1.0796,1.0805,2148.0,-0.41474654377879894
2025-03-21 18:00:00,1.0806,1.0826,1.0804,1.0816,1368.0,0.10180472003700203
2025-03-21 22:00:00,1.0817,1.0817,1.0811,1.0812,74.0,-0.036982248520700534
2025-03-23 22:00:00,1.0821,1.0836,1.0816,1.0835,266.0,0.21272660007398692
2025-03-24 02:00:00,1.0834,1.0839,1.0819,1.0819,895.0,-0.1476695892939417
2025-03-24 06:00:00,1.082,1.0849,1.0816,1.0839,1090.0,0.18485996857380282
2025-03-24 10:00:00,1.084,1.0857,1.0828,1.0831,1518.0,-0.07380754682168034
2025-03-24 14:00:00,1.0832,1.0834,1.079,1.0793,2064.0,-0.35084479734096563
2025-03-24 18:00:00,1.0794,1.0812,1.0781,1.0801,1297.0,0.07412211618642583
2025-03-24 22:00:00,1.0802,1.0805,1.0794,1.0801,329.0,0.0
2025-03-25 02:00:00,1.0802,1.0807,1.0793,1.0802,725.0,0.009258401999812094
2025-03-25 06:00:00,1.0803,1.0808,1.0784,1.0787,829.0,-0.1388631734863921
2025-03-25 10:00:00,1.0786,1.0827,1.0776,1.0818,1580.0,0.2873829609715495
2025-03-25 14:00:00,1.0817,1.0829,1.0796,1.0802,2147.0,-0.1479016454058124
2025-03-25 18:00:00,1.0803,1.0816,1.079,1.0794,1162.0,-0.07406035919275133
2025-03-25 22:00:00,1.0795,1.0795,1.0785,1.0788,355.0,-0.05558643690938281
2025-03-26 02:00:00,1.0787,1.0796,1.0777,1.0786,602.0,-0.018539117538007854
2025-03-26 06:00:00,1.0787,1.0791,1.0777,1.0786,925.0,0.0
2025-03-26 10:00:00,1.0785,1.0802,1.0784,1.0791,1352.0,0.046356387910240215
2025-03-26 14:00:00,1.0792,1.0794,1.0767,1.078,1972.0,-0.10193679918449883
2025-03-26 18:00:00,1.0781,1.0791,1.0743,1.0751,1625.0,-0.2690166975881425
2025-03-26 22:00:00,1.075,1.0758,1.0732,1.0741,744.0,-0.09301460329270705
2025-03-27 02:00:00,1.074,1.0779,1.074,1.0777,772.0,0.33516432361977433
2025-03-27 06:00:00,1.0778,1.0786,1.0753,1.0764,1220.0,-0.12062726176116367
2025-03-27 10:00:00,1.0763,1.0799,1.0755,1.0786,1821.0,0.20438498699368868
2025-03-27 14:00:00,1.0787,1.082,1.0776,1.0799,2039.0,0.12052660856667341
2025-03-27 18:00:00,1.0798,1.0808,1.0787,1.0794,1208.0,-0.046300583387370864
2025-03-27 22:00:00,1.0793,1.0802,1.0793,1.08,181.0,0.055586436909416115
2025-03-28 02:00:00,1.0799,1.08,1.0787,1.0791,685.0,-0.08333333333334636
2025-03-28 06:00:00,1.0792,1.0799,1.0781,1.0786,863.0,-0.04633490872022472
2025-03-28 10:00:00,1.0785,1.0796,1.0764,1.0771,1493.0,-0.13906916373076506
2025-03-28 14:00:00,1.077,1.0844,1.0765,1.0824,2738.0,0.4920620183826996
2025-03-28 18:00:00,1.0825,1.0832,1.0811,1.0825,1152.0,0.00923872875091547
2025-03-28 22:00:00,1.0824,1.0835,1.0824,1.083,85.0,0.04618937644340626
2025-03-30 23:00:00,1.0827,1.0829,1.0804,1.0823,637.0,-0.06463527239150002
2025-03-31 03:00:00,1.0824,1.0844,1.0822,1.0843,450.0,0.18479164741753706
2025-03-31 07:00:00,1.0832,1.0848,1.082,1.0831,1708.0,-0.11067047864983248
2025-03-31 11:00:00,1.0832,1.0833,1.0805,1.0819,1475.0,-0.11079309389713243
2025-03-31 15:00:00,1.0818,1.082,1.0783,1.0793,2331.0,-0.24031795914596366
2025-03-31 19:00:00,1.0794,1.0819,1.0784,1.0813,1199.0,0.18530529046605348
2025-03-31 23:00:00,1.0812,1.0819,1.0809,1.0817,311.0,0.036992509016942066
2025-04-01 03:00:00,1.0818,1.0827,1.0816,1.0826,818.0,0.0832023666450965
2025-04-01 07:00:00,1.0827,1.0829,1.0798,1.0801,1272.0,-0.23092554960280065
2025-04-01 11:00:00,1.08,1.0828,1.0777,1.078,1736.0,-0.19442644199610948
2025-04-01 15:00:00,1.0781,1.0812,1.0778,1.0798,2289.0,0.16697588126159957
2025-04-01 19:00:00,1.0799,1.0804,1.0784,1.0788,1050.0,-0.0926097425449246
2025-04-01 23:00:00,1.0789,1.0807,1.0788,1.0793,502.0,0.04634779384500298
2025-04-02 03:00:00,1.0794,1.0801,1.0786,1.0795,610.0,0.01853052904661201
2025-04-02 07:00:00,1.0794,1.0797,1.0779,1.0791,914.0,-0.03705419175543678
2025-04-02 11:00:00,1.079,1.0807,1.0785,1.0802,1245.0,0.10193679918450993
2025-04-02 15:00:00,1.0803,1.0872,1.0796,1.0867,2562.0,0.6017404184410324
2025-04-02 19:00:00,1.0866,1.0866,1.0846,1.0849,1015.0,-0.16563909082544237
2025-04-02 23:00:00,1.085,1.0924,1.0804,1.0904,4862.0,0.5069591667434814
2025-04-03 03:00:00,1.0902,1.0924,1.0879,1.0914,2747.0,0.09170946441672267
2025-04-03 07:00:00,1.0913,1.0989,1.0905,1.097,3269.0,0.51310243723659
2025-04-03 11:00:00,1.0971,1.1146,1.097,1.1087,5013.0,1.0665451230629008
2025-04-03 15:00:00,1.1088,1.1134,1.104,1.105,5816.0,-0.33372418147380456
2025-04-03 19:00:00,1.1049,1.1055,1.1015,1.1026,2468.0,-0.21719457013574806
2025-04-03 23:00:00,1.1025,1.1071,1.1021,1.1044,1046.0,0.16325049882097709
2025-04-04 03:00:00,1.1045,1.1098,1.1036,1.1092,2157.0,0.43462513582035456
2025-04-04 07:00:00,1.1093,1.1107,1.0999,1.1004,3043.0,-0.7933645870897843
2025-04-04 11:00:00,1.1003,1.1079,1.0964,1.106,6660.0,0.5089058524172962
2025-04-04 15:00:00,1.1061,1.1088,1.0959,1.1013,9443.0,-0.42495479204340825
2025-04-04 19:00:00,1.1014,1.1019,1.0924,1.0942,4486.0,-0.6446926359756522
2025-04-04 23:00:00,1.0944,1.0963,1.0932,1.0963,491.0,0.1919210382014258
2025-04-06 23:00:00,1.0888,1.1,1.0879,1.0983,2689.0,0.18243181610873016
2025-04-07 03:00:00,1.0982,1.0982,1.0919,1.0949,3947.0,-0.3095693344259409
2025-04-07 07:00:00,1.095,1.1049,1.0947,1.1001,5009.0,0.47492921728011783
2025-04-07 11:00:00,1.1002,1.1021,1.0934,1.0968,5466.0,-0.29997272975185174
2025-04-07 15:00:00,1.0967,1.099,1.09,1.0911,8047.0,-0.5196936542669617
2025-04-07 19:00:00,1.091,1.0951,1.0903,1.0916,3300.0,0.04582531390340261
2025-04-07 23:00:00,1.0914,1.092,1.0901,1.0914,1191.0,-0.018321729571268985
2025-04-08 03:00:00,1.0915,1.0979,1.0914,1.0962,2157.0,0.43980208905993745
2025-04-08 07:00:00,1.0963,1.0991,1.0921,1.0923,3007.0,-0.3557744937055296
2025-04-08 11:00:00,1.0922,1.0948,1.091,1.0934,3569.0,0.1007049345417732
2025-04-08 15:00:00,1.0935,1.0968,1.0888,1.091,4809.0,-0.2194988110481022
2025-04-08 19:00:00,1.0911,1.0977,1.0898,1.0953,3543.0,0.39413382218147497
2025-04-08 23:00:00,1.0954,1.0984,1.0938,1.0977,1318.0,0.2191180498493539
2025-04-09 03:00:00,1.0976,1.1039,1.097,1.1019,4303.0,0.38261820169447347
2025-04-09 07:00:00,1.102,1.1089,1.1009,1.1014,5964.0,-0.04537616843635073
2025-04-09 11:00:00,1.1013,1.1057,1.0997,1.1035,5448.0,0.19066642455056737
2025-04-09 15:00:00,1.1034,1.1094,1.1025,1.1037,5373.0,0.018124150430454122
2025-04-09 19:00:00,1.1038,1.1062,1.0913,1.0934,7874.0,-0.9332246081362627
2025-04-09 23:00:00,1.0935,1.0962,1.0928,1.095,2070.0,0.1463325406987348
2025-04-10 03:00:00,1.0951,1.0988,1.095,1.0981,2749.0,0.283105022831065
2025-04-10 07:00:00,1.098,1.103,1.0962,1.1026,3486.0,0.40979874328384014
2025-04-10 11:00:00,1.1025,1.1087,1.1015,1.1068,3827.0,0.38091783058225026
2025-04-10 15:00:00,1.1069,1.1228,1.1067,1.1188,5786.0,1.084206722081671
2025-04-10 19:00:00,1.1187,1.124,1.1158,1.1203,4995.0,0.1340722202359812
2025-04-10 23:00:00,1.1202,1.1262,1.118,1.1255,2592.0,0.46416138534319806
2025-04-11 03:00:00,1.1254,1.1383,1.1251,1.134,7048.0,0.755219902265658
2025-04-11 07:00:00,1.1339,1.1368,1.1246,1.1362,5347.0,0.19400352733687232
2025-04-11 11:00:00,1.1361,1.1473,1.132,1.1326,7762.0,-0.31684562577011244
2025-04-11 15:00:00,1.1325,1.1411,1.1312,1.1323,8427.0,-0.026487727352986212
2025-04-11 19:00:00,1.1322,1.1343,1.1276,1.1339,3948.0,0.14130530778060368
2025-04-11 23:00:00,1.1337,1.1353,1.1336,1.1351,317.0,0.10582943822208257
2025-04-13 23:00:00,1.1319,1.1354,1.1318,1.1342,1370.0,-0.07928816844330333
2025-04-14 03:00:00,1.134,1.1408,1.134,1.1371,3259.0,0.25568682771996976
2025-04-14 07:00:00,1.1372,1.1424,1.1352,1.1389,3437.0,0.1582974232697154
2025-04-14 11:00:00,1.1388,1.1409,1.1371,1.1384,3134.0,-0.04390201071208244
2025-04-14 15:00:00,1.1385,1.1388,1.1295,1.1356,4567.0,-0.24595924104007238
2025-04-14 19:00:00,1.1357,1.1369,1.1328,1.1355,2359.0,-0.008805917576615307
2025-04-14 23:00:00,1.1356,1.136,1.1333,1.1335,996.0,-0.1761338617349173
2025-04-15 03:00:00,1.1336,1.1352,1.1315,1.1347,1778.0,0.10586678429642671
2025-04-15 07:00:00,1.1346,1.1367,1.132,1.1356,2734.0,0.07931611879790079
2025-04-15 11:00:00,1.1357,1.1378,1.1313,1.1326,3155.0,-0.2641775272983371
2025-04-15 15:00:00,1.1325,1.1341,1.1281,1.1288,4714.0,-0.3355112131379179
2025-04-15 19:00:00,1.1289,1.1291,1.1263,1.1282,1868.0,-0.0531537916371283
2025-04-15 23:00:00,1.1283,1.1299,1.1279,1.1292,779.0,0.08863676653074748
2025-04-16 03:00:00,1.1293,1.1342,1.1292,1.1342,2202.0,0.44279135671272396
2025-04-16 07:00:00,1.1343,1.1392,1.1332,1.1387,2639.0,0.396755422324091
2025-04-16 11:00:00,1.1386,1.1387,1.1338,1.1362,3704.0,-0.21954860806181475
2025-04-16 15:00:00,1.1363,1.1386,1.134,1.1381,4203.0,0.16722408026754731
2025-04-16 19:00:00,1.1379,1.1412,1.1358,1.1386,2841.0,0.04393287057378181
2025-04-16 23:00:00,1.1387,1.1408,1.1381,1.1396,813.0,0.08782715615667236
2025-04-17 03:00:00,1.1395,1.1396,1.1355,1.1363,1936.0,-0.28957528957527234
2025-04-17 07:00:00,1.1364,1.1378,1.1343,1.1376,1997.0,0.11440640675877134
2025-04-17 11:00:00,1.1377,1.1388,1.1355,1.1355,2276.0,-0.18459915611814814
2025-04-17 15:00:00,1.1356,1.1385,1.1335,1.1363,4756.0,0.07045354469397136
2025-04-17 19:00:00,1.1364,1.1375,1.1339,1.1372,2235.0,0.07920443544837674
2025-04-17 23:00:00,1.1373,1.1376,1.136,1.1371,974.0,-0.008793527963413261
2025-04-18 03:00:00,1.1372,1.1385,1.1363,1.1373,1895.0,0.017588602585516533
2025-04-18 07:00:00,1.1372,1.1376,1.1359,1.1369,1890.0,-0.035171019080271204
2025-04-18 11:00:00,1.137,1.1382,1.1367,1.138,1758.0,0.09675433195530658
2025-04-18 15:00:00,1.1381,1.1397,1.1377,1.1391,1274.0,0.09666080843586666
2025-04-18 19:00:00,1.139,1.1396,1.1387,1.1393,979.0,0.017557721007821492
2025-04-18 23:00:00,1.1394,1.1394,1.139,1.1393,136.0,0.0
2025-04-20 23:00:00,1.1395,1.1458,1.1392,1.1448,1563.0,0.4827525673659405
2025-04-21 03:00:00,1.1449,1.153,1.1448,1.1513,2758.0,0.5677847658979607
2025-04-21 07:00:00,1.1512,1.1567,1.1498,1.1554,2317.0,0.3561191696343169
2025-04-21 11:00:00,1.1555,1.1572,1.1512,1.1542,2558.0,-0.10386013501818558
2025-04-21 15:00:00,1.1543,1.1549,1.1481,1.1506,2997.0,-0.3119043493328588
2025-04-21 19:00:00,1.1505,1.1526,1.1493,1.1513,1560.0,0.06083782374413094
2025-04-21 23:00:00,1.1514,1.1524,1.1504,1.1513,686.0,0.0
2025-04-22 03:00:00,1.1512,1.1539,1.1481,1.1534,2370.0,0.18240250152001813
2025-04-22 07:00:00,1.1533,1.1546,1.1482,1.1505,3220.0,-0.25143055314721385
2025-04-22 11:00:00,1.1504,1.1514,1.1483,1.1485,2825.0,-0.17383746197305872
2025-04-22 15:00:00,1.1486,1.1491,1.1455,1.1464,3196.0,-0.18284719198955468
2025-04-22 19:00:00,1.1465,1.1468,1.1419,1.142,2266.0,-0.38381018841592285
2025-04-22 23:00:00,1.1421,1.1429,1.1307,1.135,2773.0,-0.6129597197898295
2025-04-23 03:00:00,1.1349,1.1414,1.1348,1.1378,2833.0,0.24669603524227757
2025-04-23 07:00:00,1.1379,1.1408,1.137,1.1384,2885.0,0.05273334505186966
2025-04-23 11:00:00,1.1385,1.1439,1.1379,1.141,2673.0,0.22839072382290215
2025-04-23 15:00:00,1.1409,1.1419,1.1327,1.1347,5664.0,-0.5521472392638005
2025-04-23 19:00:00,1.1348,1.1365,1.1315,1.1327,2440.0,-0.1762580417731585
2025-04-23 23:00:00,1.1326,1.1346,1.131,1.1329,1002.0,0.017656925929188105
2025-04-24 03:00:00,1.1328,1.1357,1.1321,1.1337,1851.0,0.07061523523699265
2025-04-24 07:00:00,1.1338,1.138,1.133,1.1379,1957.0,0.3704683778777529
2025-04-24 11:00:00,1.138,1.1394,1.1363,1.1372,2195.0,-0.061516829246854865
2025-04-24 15:00:00,1.1373,1.1386,1.1347,1.136,3084.0,-0.10552233556103685
2025-04-24 19:00:00,1.1361,1.1397,1.1357,1.1384,1445.0,0.21126760563381364
2025-04-24 23:00:00,1.1385,1.1397,1.137,1.1372,677.0,-0.10541110330288816
2025-04-25 03:00:00,1.1371,1.1371,1.1324,1.1325,1875.0,-0.41329581428067863
2025-04-25 07:00:00,1.1326,1.1367,1.1315,1.1359,2406.0,0.3002207505518717
2025-04-25 11:00:00,1.1358,1.1366,1.1333,1.1348,2205.0,-0.09683951052028572
2025-04-25 15:00:00,1.1349,1.1381,1.1332,1.1379,2651.0,0.27317589002466836
2025-04-25 19:00:00,1.1378,1.1388,1.1358,1.1358,1364.0,-0.1845504877405757
2025-04-25 23:00:00,1.1359,1.1363,1.1357,1.1359,155.0,0.008804366966019828
2025-04-27 23:00:00,1.1363,1.1364,1.1339,1.1344,376.0,-0.1320538779821967
2025-04-28 03:00:00,1.1345,1.1366,1.1342,1.1355,1317.0,0.09696755994357265
2025-04-28 07:00:00,1.1354,1.138,1.1329,1.1347,1869.0,-0.07045354469396026
2025-04-28 11:00:00,1.1346,1.1359,1.1335,1.1351,1918.0,0.03525160835462504
2025-04-28 15:00:00,1.1352,1.1413,1.1339,1.1385,2917.0,0.29953308078582985
2025-04-28 19:00:00,1.1386,1.1424,1.1384,1.1421,1839.0,0.3162055335968139
2025-04-28 23:00:00,1.1422,1.1424,1.14,1.1407,586.0,-0.12258121005164213
2025-04-29 03:00:00,1.1408,1.1419,1.1386,1.139,1683.0,-0.14903129657228842
2025-04-29 07:00:00,1.1389,1.1411,1.1373,1.1405,2014.0,0.13169446883232183
2025-04-29 11:00:00,1.1404,1.1407,1.137,1.1374,1946.0,-0.27181060938186175
2025-04-29 15:00:00,1.1375,1.1417,1.1369,1.1395,3490.0,0.18463161596624644
2025-04-29 19:00:00,1.1396,1.1418,1.1375,1.1381,1654.0,-0.12286090390523086
2025-04-29 23:00:00,1.138,1.1395,1.1379,1.139,747.0,0.07907916703278062
2025-04-30 03:00:00,1.1391,1.1394,1.1354,1.1368,1274.0,-0.19315188762071278
2025-04-30 07:00:00,1.1369,1.1399,1.1365,1.1377,1425.0,0.0791695988740182
2025-04-30 11:00:00,1.1378,1.1384,1.1355,1.1372,1694.0,-0.04394831677946298
2025-04-30 15:00:00,1.1373,1.1388,1.1323,1.1347,4191.0,-0.21983819908546476
2025-04-30 19:00:00,1.1348,1.1364,1.1327,1.1329,1658.0,-0.158632237595846
2025-04-30 23:00:00,1.1328,1.133,1.1316,1.1321,683.0,-0.07061523523699265
2025-05-01 03:00:00,1.1322,1.1329,1.1299,1.1311,983.0,-0.08833141948592083
2025-05-01 07:00:00,1.1312,1.1313,1.1287,1.1309,1619.0,-0.017681902572719288
2025-05-01 11:00:00,1.131,1.134,1.131,1.1319,1522.0,0.08842514811211455
2025-05-01 15:00:00,1.1318,1.1338,1.1265,1.1278,3240.0,-0.3622228112024062
2025-05-01 19:00:00,1.1279,1.1293,1.1272,1.1288,1338.0,0.0886682035821984
2025-05-01 23:00:00,1.1289,1.1298,1.1284,1.1295,461.0,0.062012756909979316
2025-05-02 03:00:00,1.1296,1.1315,1.1273,1.1312,1330.0,0.15050907481186648
2025-05-02 07:00:00,1.1311,1.1337,1.13,1.1328,1845.0,0.14144271570013522
2025-05-02 11:00:00,1.1327,1.1354,1.1315,1.1346,2163.0,0.15889830508475367
2025-05-02 15:00:00,1.1345,1.138,1.1304,1.1328,4492.0,-0.15864621893177944
2025-05-02 19:00:00,1.1329,1.1338,1.1292,1.1303,2148.0,-0.2206920903954801
2025-05-02 23:00:00,1.1304,1.1304,1.1293,1.1298,173.0,-0.04423604352827848
2025-05-04 23:00:00,1.1302,1.1327,1.1294,1.132,541.0,0.19472473004071844
2025-05-05 03:00:00,1.1321,1.1346,1.1313,1.1331,1425.0,0.0971731448763391
2025-05-05 07:00:00,1.1332,1.1346,1.1312,1.1312,1983.0,-0.16768158150207713
2025-05-05 11:00:00,1.1311,1.1356,1.131,1.1341,2039.0,0.25636492220650897
2025-05-05 15:00:00,1.1342,1.1364,1.1312,1.1313,2678.0,-0.2468918084825078
2025-05-05 19:00:00,1.1312,1.132,1.1296,1.1314,1228.0,0.008839388314330066
2025-05-05 23:00:00,1.1315,1.1319,1.1309,1.1311,338.0,-0.026515821106587456
2025-05-06 03:00:00,1.131,1.1316,1.1279,1.1314,1678.0,0.02652285385906783
2025-05-06 07:00:00,1.1315,1.1347,1.1313,1.1337,1654.0,0.2032879618172112
2025-05-06 11:00:00,1.1338,1.1349,1.1305,1.1327,2490.0,-0.0882067566375433
2025-05-06 15:00:00,1.1326,1.1369,1.1316,1.1344,2864.0,0.1500838703981655
2025-05-06 19:00:00,1.1343,1.138,1.133,1.1372,1512.0,0.24682651622001117
2025-05-06 23:00:00,1.1373,1.1379,1.1325,1.1339,1557.0,-0.29018642279282636
2025-05-07 03:00:00,1.134,1.1351,1.1324,1.1345,2243.0,0.052914719111041286
2025-05-07 07:00:00,1.1344,1.1377,1.1342,1.1362,1757.0,0.14984574702512354
2025-05-07 11:00:00,1.1363,1.1373,1.1346,1.1357,1861.0,-0.044006336912527644
2025-05-07 15:00:00,1.1358,1.137,1.1341,1.1346,2087.0,-0.09685656423350508
2025-05-07 19:00:00,1.1345,1.1364,1.13,1.1306,3180.0,-0.352547153181737
2025-05-07 23:00:00,1.1305,1.1315,1.1291,1.1302,738.0,-0.0353794445427158
2025-05-08 03:00:00,1.1303,1.1335,1.1301,1.1327,1829.0,0.22119978764820747
2025-05-08 07:00:00,1.1326,1.133,1.1269,1.1296,2281.0,-0.27368235190253776
2025-05-08 11:00:00,1.1297,1.1304,1.1274,1.1295,2053.0,-0.008852691218130815
2025-05-08 15:00:00,1.1296,1.1319,1.1234,1.1248,3665.0,-0.41611332447984983
2025-05-08 19:00:00,1.1247,1.1248,1.1211,1.1225,2109.0,-0.20448079658605955
2025-05-08 23:00:00,1.1226,1.1232,1.1219,1.1227,583.0,0.0178173719376451
2025-05-09 03:00:00,1.1226,1.1232,1.1196,1.1222,1764.0,-0.04453549478934393
2025-05-09 07:00:00,1.1223,1.1257,1.1217,1.1251,1443.0,0.2584209588308628
2025-05-09 11:00:00,1.1252,1.1259,1.1241,1.1254,1572.0,0.026664296506972995
2025-05-09 15:00:00,1.1255,1.1292,1.1246,1.1269,2136.0,0.133285942775907
2025-05-09 19:00:00,1.127,1.1274,1.1248,1.1255,873.0,-0.12423462596504731
2025-05-09 23:00:00,1.1257,1.1257,1.1246,1.1247,123.0,-0.07107952021323527
2025-05-11 23:00:00,1.1197,1.1235,1.1196,1.1228,914.0,-0.16893393793900868
2025-05-12 03:00:00,1.1226,1.1242,1.1221,1.1232,1799.0,0.03562522265763146
2025-05-12 07:00:00,1.1231,1.1235,1.1097,1.1104,3543.0,-1.1396011396011319
2025-05-12 11:00:00,1.1103,1.1145,1.1071,1.111,4066.0,0.054034582132556075
2025-05-12 15:00:00,1.1109,1.1134,1.11,1.1105,3248.0,-0.04500450045004101
2025-05-12 19:00:00,1.1104,1.111,1.1065,1.1091,1612.0,-0.1260693381359812
2025-05-12 23:00:00,1.109,1.1099,1.1086,1.1095,572.0,0.03606527815345206
2025-05-13 03:00:00,1.1094,1.1116,1.1094,1.1116,1509.0,0.18927444794951676
2025-05-13 07:00:00,1.1115,1.1124,1.1101,1.1115,1814.0,-0.008996041741637928
2025-05-13 11:00:00,1.1114,1.1117,1.1096,1.1106,1769.0,-0.08097165991901578
2025-05-13 15:00:00,1.1107,1.1177,1.1106,1.1174,3605.0,0.612281649558799
2025-05-13 19:00:00,1.1173,1.1191,1.1164,1.1189,1112.0,0.13424020046537422
2025-05-13 23:00:00,1.1188,1.1197,1.1182,1.1185,661.0,-0.03574939672892352
2025-05-14 03:00:00,1.1186,1.1197,1.1181,1.1195,1507.0,0.08940545373266051
2025-05-14 07:00:00,1.1194,1.1216,1.1179,1.1214,1664.0,0.16971862438588392
2025-05-14 11:00:00,1.1215,1.1265,1.1212,1.1217,3445.0,0.02675227394328683
2025-05-14 15:00:00,1.1218,1.1235,1.1197,1.1205,3110.0,-0.10698047606311212
2025-05-14 19:00:00,1.1204,1.1212,1.1165,1.1168,1830.0,-0.3302097278000904
2025-05-14 23:00:00,1.1167,1.1187,1.1164,1.1181,554.0,0.11640401146133517
2025-05-15 03:00:00,1.118,1.1201,1.1175,1.1196,1445.0,0.13415615776761758
2025-05-15 07:00:00,1.1195,1.1227,1.1185,1.1196,1788.0,0.0
2025-05-15 11:00:00,1.1195,1.1212,1.1179,1.1182,1703.0,-0.12504465880670557
2025-05-15 15:00:00,1.1183,1.1223,1.1172,1.1187,3290.0,0.04471472008584776
2025-05-15 19:00:00,1.1188,1.119,1.1169,1.1183,1234.0,-0.03575578796817247
2025-05-15 23:00:00,1.1182,1.1193,1.1181,1.1191,468.0,0.0715371546096577
2025-05-16 03:00:00,1.119,1.1208,1.119,1.12,1375.0,0.08042176749174512
2025-05-16 07:00:00,1.1199,1.1219,1.1195,1.1207,1355.0,0.062499999999987566
2025-05-16 11:00:00,1.1206,1.1208,1.1187,1.1193,1450.0,-0.12492192379762734
2025-05-16 15:00:00,1.1194,1.1205,1.1139,1.1139,2411.0,-0.4824443848834181
2025-05-16 19:00:00,1.114,1.1158,1.113,1.1148,1145.0,0.0807971990304468
2025-05-18 23:00:00,1.1176,1.1193,1.1171,1.1188,569.0,0.35880875493361497
2025-05-19 03:00:00,1.1187,1.1198,1.1171,1.118,1504.0,-0.07150518412584184
2025-05-19 07:00:00,1.1181,1.1244,1.1176,1.1237,1833.0,0.5098389982110652
2025-05-19 11:00:00,1.1238,1.1287,1.1235,1.1272,2164.0,0.3114710331939108
2025-05-19 15:00:00,1.1271,1.1273,1.1233,1.1235,2517.0,-0.3282469836763724
2025-05-19 19:00:00,1.1236,1.1241,1.1223,1.1239,956.0,0.03560302625722489
2025-05-19 23:00:00,1.1238,1.1244,1.1231,1.1231,324.0,-0.07118071002757409
2025-05-20 03:00:00,1.123,1.1251,1.1217,1.1244,1462.0,0.11575104621137644
2025-05-20 07:00:00,1.1245,1.1277,1.124,1.1275,1881.0,0.27570259694058574
2025-05-20 11:00:00,1.1274,1.1275,1.1242,1.1245,1492.0,-0.2660753880265987
2025-05-20 15:00:00,1.1244,1.1269,1.1223,1.1252,2361.0,0.0622498888394718
2025-05-20 19:00:00,1.1253,1.1282,1.1244,1.128,1026.0,0.24884464984002985
2025-05-20 23:00:00,1.1279,1.1289,1.1278,1.1287,487.0,0.06205673758865604
2025-05-21 03:00:00,1.1288,1.1339,1.1286,1.1333,1596.0,0.4075485071320939
2025-05-21 07:00:00,1.1334,1.1352,1.1313,1.1322,1994.0,-0.09706167828464896
2025-05-21 11:00:00,1.1323,1.1361,1.1311,1.1323,2029.0,0.008832361773536412
2025-05-21 15:00:00,1.1324,1.1353,1.1317,1.1342,2690.0,0.1678000529894863
2025-05-21 19:00:00,1.1341,1.1362,1.1317,1.1318,1724.0,-0.21160289190620407
2025-05-21 23:00:00,1.1319,1.1331,1.131,1.1331,602.0,0.114861282912182
2025-05-22 03:00:00,1.1332,1.1344,1.1316,1.1331,1821.0,0.0
2025-05-22 07:00:00,1.1332,1.1341,1.1294,1.132,1957.0,-0.09707881034330956
2025-05-22 11:00:00,1.1319,1.1334,1.1289,1.1308,2219.0,-0.10600706713779218
2025-05-22 15:00:00,1.1309,1.1314,1.1265,1.1279,3023.0,-0.2564556066501744
2025-05-22 19:00:00,1.128,1.1287,1.1255,1.1278,1250.0,-0.008866034222887453
2025-05-22 23:00:00,1.1277,1.1288,1.1277,1.1281,350.0,0.026600461074677284
2025-05-23 03:00:00,1.1282,1.1318,1.1278,1.1311,1133.0,0.26593387111071287
2025-05-23 07:00:00,1.131,1.1343,1.1307,1.1338,1306.0,0.23870568473167708
2025-05-23 11:00:00,1.1339,1.1375,1.1298,1.1321,2619.0,-0.14993826071615368
2025-05-23 15:00:00,1.1322,1.1358,1.1297,1.1348,4024.0,0.23849483261195736
2025-05-23 19:00:00,1.1349,1.1368,1.134,1.1362,1095.0,0.123369756785352
2025-05-23 23:00:00,1.1363,1.1367,1.1358,1.1364,127.0,0.017602534764993294
2025-05-25 23:00:00,1.1365,1.1381,1.1361,1.1374,945.0,0.08799718409009394
2025-05-26 03:00:00,1.1375,1.1418,1.1374,1.1411,1691.0,0.3253033233690861
2025-05-26 07:00:00,1.141,1.1417,1.1388,1.1388,1382.0,-0.20155989834370613
2025-05-26 11:00:00,1.1389,1.1394,1.1373,1.1377,1028.0,-0.09659290481208727
2025-05-26 15:00:00,1.1378,1.1384,1.1368,1.138,847.0,0.026368990067671128
2025-05-26 19:00:00,1.1379,1.1385,1.1375,1.1385,208.0,0.04393673110723029
2025-05-26 23:00:00,1.1384,1.1394,1.1381,1.1388,377.0,0.026350461133062275
2025-05-27 03:00:00,1.1389,1.1406,1.1387,1.1393,915.0,0.04390586582367906
2025-05-27 07:00:00,1.1394,1.1397,1.1336,1.134,2012.0,-0.46519792855262976
2025-05-27 11:00:00,1.1339,1.1357,1.1338,1.1351,1802.0,0.09700176366844726
2025-05-27 15:00:00,1.135,1.1375,1.1322,1.1325,2181.0,-0.22905470883621826
2025-05-27 19:00:00,1.1324,1.1338,1.1323,1.133,891.0,0.04415011037526284
2025-05-27 23:00:00,1.1329,1.1337,1.1326,1.1337,574.0,0.06178287731684051
2025-05-28 03:00:00,1.1338,1.1344,1.13,1.1306,1597.0,-0.27344094557641974
2025-05-28 07:00:00,1.1307,1.133,1.1295,1.1327,1468.0,0.18574208384927182
2025-05-28 11:00:00,1.1326,1.134,1.1316,1.1317,1391.0,-0.08828462964598494
2025-05-28 15:00:00,1.1318,1.1324,1.1283,1.1284,2531.0,-0.29159671290976963
2025-05-28 19:00:00,1.1285,1.13,1.1283,1.1289,1082.0,0.044310528181501496
2025-05-28 23:00:00,1.129,1.1297,1.1209,1.1226,1249.0,-0.5580653733723073
2025-05-29 03:00:00,1.1227,1.1256,1.1222,1.1247,2481.0,0.18706574024585088
2025-05-29 07:00:00,1.1246,1.1282,1.123,1.1275,2117.0,0.24895527696273678
2025-05-29 11:00:00,1.1274,1.1291,1.1261,1.1271,1715.0,-0.03547671840354871
2025-05-29 15:00:00,1.1272,1.137,1.1271,1.1369,3653.0,0.8694880667198923
2025-05-29 19:00:00,1.1368,1.1384,1.1361,1.1366,1217.0,-0.026387545078720986
2025-05-29 23:00:00,1.1365,1.1378,1.136,1.1376,695.0,0.08798169980643866
2025-05-30 03:00:00,1.1375,1.1389,1.1345,1.135,1658.0,-0.22855133614626544
2025-05-30 07:00:00,1.1349,1.1354,1.1327,1.1338,1584.0,-0.10572687224670307
2025-05-30 11:00:00,1.1341,1.1344,1.1323,1.1337,1511.0,-0.008819897689182898
2025-05-30 15:00:00,1.1338,1.1358,1.1312,1.1345,3770.0,0.0705654053100524
2025-05-30 19:00:00,1.1346,1.1366,1.1343,1.1354,1479.0,0.0793301013662262
2025-05-30 23:00:00,1.1355,1.1355,1.1344,1.1346,108.0,-0.0704597498678794
2025-06-01 23:00:00,1.1347,1.136,1.1346,1.1352,482.0,0.05288207297724501
2025-06-02 03:00:00,1.1353,1.1381,1.1352,1.1361,1318.0,0.07928118393236705
2025-06-02 07:00:00,1.1362,1.1436,1.1359,1.1423,1478.0,0.5457266085731938
2025-06-02 11:00:00,1.1422,1.1436,1.1408,1.1414,1767.0,-0.07878840934957276
2025-06-02 15:00:00,1.1413,1.1449,1.1404,1.1431,2579.0,0.14893989837041488
2025-06-02 19:00:00,1.143,1.1445,1.1411,1.1444,1178.0,0.11372583326043628
2025-06-02 23:00:00,1.1443,1.1453,1.1437,1.1452,403.0,0.06990562740298856
2025-06-03 03:00:00,1.1453,1.1454,1.1415,1.1419,1284.0,-0.28815927348935233
2025-06-03 07:00:00,1.1418,1.1432,1.1411,1.1415,1428.0,-0.03502933706979183
2025-06-03 11:00:00,1.1414,1.1418,1.1386,1.139,1607.0,-0.21901007446342158
2025-06-03 15:00:00,1.1391,1.1394,1.1363,1.1372,2616.0,-0.1580333625987751
2025-06-03 19:00:00,1.1373,1.1383,1.1367,1.1368,1002.0,-0.03517411185367525
2025-06-03 23:00:00,1.1369,1.1385,1.1367,1.1383,404.0,0.1319493314567266
2025-06-04 03:00:00,1.1384,1.1392,1.1365,1.1367,1388.0,-0.14056048493367168
2025-06-04 07:00:00,1.1368,1.1396,1.1356,1.1385,1621.0,0.15835312747427555
2025-06-04 11:00:00,1.1384,1.1403,1.1374,1.1379,1290.0,-0.05270092226615786
2025-06-04 15:00:00,1.1378,1.1434,1.1378,1.1423,2860.0,0.3866772124088369
2025-06-04 19:00:00,1.1422,1.1434,1.1411,1.1411,1099.0,-0.10505121246608962
2025-06-04 23:00:00,1.1412,1.1428,1.1409,1.1421,591.0,0.08763473841029157
2025-06-05 03:00:00,1.142,1.1434,1.1408,1.1409,1149.0,-0.10506960861569326
2025-06-05 07:00:00,1.1408,1.1424,1.1404,1.1411,1208.0,0.017530020159517434
2025-06-05 11:00:00,1.1412,1.1432,1.1408,1.1425,1298.0,0.12268863377442596
2025-06-05 15:00:00,1.1426,1.1494,1.1413,1.1438,4568.0,0.1137855579868674
2025-06-05 19:00:00,1.1437,1.1447,1.143,1.1437,1785.0,-0.008742787200555213
2025-06-05 23:00:00,1.1436,1.1453,1.1435,1.1452,438.0,0.13115327446009406
2025-06-06 03:00:00,1.1451,1.1456,1.1432,1.1439,849.0,-0.1135172895564196
2025-06-06 07:00:00,1.1438,1.1441,1.1421,1.1426,1019.0,-0.11364629775328927
2025-06-06 11:00:00,1.1425,1.1428,1.141,1.1417,1268.0,-0.07876772273762711
2025-06-06 15:00:00,1.1416,1.143,1.1371,1.1396,3976.0,-0.18393623543837556
2025-06-06 19:00:00,1.1395,1.1401,1.1384,1.1396,1039.0,0.0
2025-06-06 23:00:00,1.1395,1.1397,1.1391,1.1393,87.0,-0.02632502632502476
2025-06-08 23:00:00,1.1394,1.141,1.1389,1.1406,342.0,0.1141051522864922
2025-06-09 03:00:00,1.1407,1.1424,1.1392,1.1411,833.0,0.043836577240052854
2025-06-09 07:00:00,1.141,1.1429,1.141,1.1421,883.0,0.08763473841029157
2025-06-09 11:00:00,1.1422,1.1438,1.1405,1.1417,1307.0,-0.03502320287189775
2025-06-09 15:00:00,1.1416,1.1425,1.1386,1.1423,1687.0,0.052553210125272365
2025-06-09 19:00:00,1.1424,1.143,1.1414,1.1422,661.0,-0.008754267705501917
2025-06-09 23:00:00,1.1423,1.1428,1.1418,1.1425,238.0,0.02626510243388669
2025-06-10 03:00:00,1.1424,1.1435,1.1385,1.1402,1371.0,-0.20131291028445686
2025-06-10 07:00:00,1.1403,1.1414,1.1372,1.1391,1776.0,-0.09647430275391278
2025-06-10 11:00:00,1.1392,1.1433,1.1391,1.1428,1365.0,0.32481783864455327
2025-06-10 15:00:00,1.1429,1.1447,1.1415,1.1422,1686.0,-0.052502625131245484
2025-06-10 19:00:00,1.1421,1.1435,1.1415,1.1425,788.0,0.02626510243388669
2025-06-10 23:00:00,1.1426,1.1438,1.1418,1.1437,635.0,0.10503282275708958
2025-06-11 03:00:00,1.1436,1.1438,1.1405,1.1415,1216.0,-0.19235813587479278
2025-06-11 07:00:00,1.1414,1.1423,1.1404,1.1419,1179.0,0.0350416119141439
2025-06-11 11:00:00,1.1418,1.1445,1.1418,1.1432,1331.0,0.11384534547684844
2025-06-11 15:00:00,1.1431,1.1489,1.1427,1.1488,3208.0,0.4898530440867743
2025-06-11 19:00:00,1.1489,1.1499,1.1478,1.1482,1145.0,-0.05222841225626107
2025-06-11 23:00:00,1.1483,1.1512,1.1479,1.1509,546.0,0.23515067061485873
2025-06-12 03:00:00,1.151,1.1528,1.1501,1.1519,1551.0,0.08688852202622943
2025-06-12 07:00:00,1.1518,1.1532,1.1505,1.1526,1632.0,0.0607691639899377
2025-06-12 11:00:00,1.1525,1.161,1.1522,1.1589,2801.0,0.5465903175429387
2025-06-12 15:00:00,1.1588,1.163,1.1567,1.1576,3043.0,-0.11217533868324026
2025-06-12 19:00:00,1.1575,1.158,1.1563,1.1575,1120.0,-0.00863856254319506
2025-06-12 23:00:00,1.1576,1.1609,1.1575,1.1608,355.0,0.28509719222462593
2025-06-13 03:00:00,1.1607,1.1614,1.1527,1.1536,3658.0,-0.6202618883528688
2025-06-13 07:00:00,1.1537,1.1559,1.1511,1.1535,2662.0,-0.00866851595007212
2025-06-13 11:00:00,1.1534,1.1546,1.1488,1.1509,2561.0,-0.2254009536194146
2025-06-13 15:00:00,1.1508,1.1569,1.15,1.1555,2614.0,0.3996872013207087
2025-06-13 19:00:00,1.1556,1.1565,1.1533,1.1549,1552.0,-0.05192557334486869
2025-06-13 23:00:00,1.1548,1.155,1.1537,1.1547,208.0,-0.017317516668102773
2025-06-15 23:00:00,1.1532,1.1546,1.1525,1.1537,951.0,-0.08660258075691152
2025-06-16 03:00:00,1.1536,1.1546,1.1523,1.1526,1527.0,-0.09534541041864575
2025-06-16 07:00:00,1.1527,1.1586,1.1527,1.1578,1868.0,0.4511539128925879
2025-06-16 11:00:00,1.1579,1.1585,1.1569,1.1572,1568.0,-0.05182242183451313
2025-06-16 15:00:00,1.1573,1.1614,1.157,1.1579,2346.0,0.060490839958515785
2025-06-16 19:00:00,1.158,1.1585,1.1554,1.1554,1136.0,-0.21590810950858907
2025-06-16 23:00:00,1.1555,1.1564,1.1548,1.1553,770.0,-0.00865501125151269
2025-06-17 03:00:00,1.1552,1.1563,1.1542,1.1561,1343.0,0.06924608326841497
2025-06-17 07:00:00,1.1562,1.1572,1.1545,1.1557,1497.0,-0.03459908312429816
2025-06-17 11:00:00,1.1558,1.1573,1.1549,1.1561,1481.0,0.03461105823310273
2025-06-17 15:00:00,1.1562,1.1579,1.151,1.1533,2660.0,-0.242193581870076
2025-06-17 19:00:00,1.1534,1.1538,1.1474,1.1484,2092.0,-0.42486777074480786
2025-06-17 23:00:00,1.1483,1.1487,1.1474,1.148,631.0,-0.034831069313845386
2025-06-18 03:00:00,1.1481,1.1504,1.148,1.1499,1316.0,0.16550522648084431
2025-06-18 07:00:00,1.1498,1.1523,1.1496,1.1511,1307.0,0.10435690060006664
2025-06-18 11:00:00,1.1512,1.1515,1.1491,1.1507,1295.0,-0.03474937016766377
2025-06-18 15:00:00,1.1508,1.1529,1.1483,1.152,2535.0,0.11297471104543266
2025-06-18 19:00:00,1.1519,1.1528,1.146,1.1472,3192.0,-0.4166666666666541
2025-06-18 23:00:00,1.1473,1.1488,1.147,1.1475,621.0,0.026150627615062483
2025-06-19 03:00:00,1.1474,1.1483,1.145,1.1465,1741.0,-0.08714596949890296
2025-06-19 07:00:00,1.1466,1.1476,1.1445,1.1461,1474.0,-0.0348887919755958
2025-06-19 11:00:00,1.146,1.1487,1.1456,1.148,1789.0,0.1657796003839085
2025-06-19 15:00:00,1.1479,1.1485,1.1458,1.1459,1630.0,-0.18292682926829285
2025-06-19 19:00:00,1.1458,1.1499,1.1454,1.1496,658.0,0.32289030456409407
2025-06-19 23:00:00,1.1495,1.1512,1.1491,1.151,530.0,0.12178148921364595
2025-06-20 03:00:00,1.1511,1.1529,1.151,1.1529,1372.0,0.16507384882711307
2025-06-20 07:00:00,1.1528,1.1532,1.1509,1.1516,1258.0,-0.11275912915257313
2025-06-20 11:00:00,1.1515,1.1534,1.1511,1.1519,1164.0,0.02605071205279419
2025-06-20 15:00:00,1.152,1.1528,1.1494,1.1519,2400.0,0.0
2025-06-20 19:00:00,1.152,1.1543,1.1515,1.1515,1042.0,-0.03472523656566917
2025-06-20 23:00:00,1.1514,1.1522,1.1513,1.1521,149.0,0.05210594876248198
2025-06-22 23:00:00,1.1461,1.1507,1.1459,1.1499,980.0,-0.19095564621126604
2025-06-23 03:00:00,1.15,1.1506,1.1471,1.1493,1615.0,-0.05217845030002222
2025-06-23 07:00:00,1.1492,1.152,1.1485,1.1497,2023.0,0.03480379361349151
2025-06-23 11:00:00,1.1498,1.1501,1.1453,1.1473,1840.0,-0.20875010872400956
2025-06-23 15:00:00,1.1474,1.1551,1.1456,1.1537,3159.0,0.5578314303146481
2025-06-23 19:00:00,1.1536,1.1578,1.1517,1.1578,2206.0,0.3553783479240735
2025-06-23 23:00:00,1.1577,1.1608,1.1573,1.1597,930.0,0.16410433580928974
2025-06-24 03:00:00,1.1598,1.1609,1.1586,1.1605,1662.0,0.06898335776495124
2025-06-24 07:00:00,1.1604,1.1621,1.1579,1.159,2033.0,-0.12925463162430928
2025-06-24 11:00:00,1.1591,1.1617,1.1585,1.1607,1779.0,0.14667817083693357
2025-06-24 15:00:00,1.1606,1.1641,1.1581,1.1606,2838.0,-0.008615490652186253
2025-06-24 19:00:00,1.1607,1.1632,1.1604,1.1612,1020.0,0.05169739789763206
2025-06-24 23:00:00,1.1613,1.1615,1.1604,1.1611,493.0,-0.008611780916290002
2025-06-25 03:00:00,1.161,1.1631,1.161,1.1611,1104.0,0.0
2025-06-25 07:00:00,1.1612,1.1622,1.1589,1.1598,1175.0,-0.11196279390234265
2025-06-25 11:00:00,1.1599,1.1612,1.1591,1.1598,1181.0,0.0
2025-06-25 15:00:00,1.1597,1.1629,1.1589,1.1619,1895.0,0.18106570098292973
2025-06-25 19:00:00,1.162,1.1664,1.162,1.1658,1047.0,0.33565711334881954
2025-06-25 23:00:00,1.1659,1.1684,1.165,1.1682,585.0,0.20586721564590515
2025-06-26 03:00:00,1.1683,1.1716,1.1667,1.1694,1304.0,0.10272213662045893
2025-06-26 07:00:00,1.1693,1.1712,1.1671,1.1709,1657.0,0.12827090815803466
2025-06-26 11:00:00,1.171,1.1743,1.1693,1.1694,1800.0,-0.1281065846784557
2025-06-26 15:00:00,1.1695,1.172,1.1689,1.1716,3192.0,0.18813066529843603
2025-06-26 19:00:00,1.1717,1.1739,1.1703,1.1704,1241.0,-0.1024240355069872
2025-06-26 23:00:00,1.1705,1.1708,1.168,1.1692,750.0,-0.1025290498974818
2025-06-27 03:00:00,1.1693,1.1709,1.1685,1.1695,1240.0,0.02565856996237237
2025-06-27 07:00:00,1.1694,1.1726,1.1683,1.1714,1267.0,0.16246259085079817
2025-06-27 11:00:00,1.1715,1.1725,1.17,1.1713,1127.0,-0.008536793580327107
2025-06-27 15:00:00,1.1712,1.1753,1.1702,1.1723,2977.0,0.08537522410996257
2025-06-27 19:00:00,1.1722,1.1732,1.1687,1.1706,1770.0,-0.14501407489548868
2025-06-27 23:00:00,1.1705,1.1719,1.1705,1.1719,158.0,0.11105416025969372
2025-06-29 23:00:00,1.1727,1.1738,1.1721,1.1726,462.0,0.059732059049411035
2025-06-30 03:00:00,1.1725,1.1734,1.1711,1.1711,1171.0,-0.12792085962818334
2025-06-30 07:00:00,1.1712,1.175,1.1711,1.1724,1585.0,0.11100674579456182
2025-06-30 11:00:00,1.172,1.1732,1.1713,1.1722,1483.0,-0.0170590242238311
2025-06-30 15:00:00,1.1723,1.1771,1.1707,1.1769,2295.0,0.4009554683501282
2025-06-30 19:00:00,1.1768,1.178,1.1748,1.1779,1333.0,0.08496898631997762
2025-06-30 23:00:00,1.1778,1.179,1.1777,1.1786,578.0,0.05942779522880581
2025-07-01 03:00:00,1.1785,1.1807,1.1777,1.1788,994.0,0.016969285593071426
2025-07-01 07:00:00,1.1789,1.1793,1.1767,1.1785,1148.0,-0.0254496097726431
2025-07-01 11:00:00,1.1783,1.1829,1.1774,1.1813,1720.0,0.23759015697919494
2025-07-01 15:00:00,1.1812,1.1816,1.1768,1.1775,2607.0,-0.32167950562939085
2025-07-01 19:00:00,1.1774,1.179,1.176,1.179,1169.0,0.1273885350318471
2025-07-01 23:00:00,1.1791,1.1806,1.1791,1.1804,380.0,0.11874469889736616
2025-07-02 03:00:00,1.1803,1.1809,1.1788,1.1799,896.0,-0.042358522534724496
2025-07-02 07:00:00,1.18,1.18,1.177,1.1773,943.0,-0.2203576574285937
2025-07-02 11:00:00,1.1772,1.1781,1.1746,1.1749,1232.0,-0.20385628132166822
2025-07-02 15:00:00,1.1748,1.1789,1.1746,1.1788,3076.0,0.3319431440973686
2025-07-02 19:00:00,1.1789,1.1802,1.1785,1.1802,995.0,0.11876484560569
2025-07-02 23:00:00,1.1801,1.1802,1.1788,1.1798,281.0,-0.03389256058294876
2025-07-03 03:00:00,1.1797,1.1809,1.1788,1.1791,752.0,-0.05933209018477159
2025-07-03 07:00:00,1.1792,1.1809,1.1786,1.1801,838.0,0.08481044864725451
2025-07-03 11:00:00,1.18,1.1807,1.1782,1.1784,966.0,-0.14405558850945077
2025-07-03 15:00:00,1.1785,1.1789,1.1717,1.1756,3589.0,-0.2376103190767087
2025-07-03 19:00:00,1.1757,1.1757,1.1739,1.1747,701.0,-0.07655665192241035
2025-07-03 23:00:00,1.1746,1.1771,1.1746,1.1768,503.0,0.17876904741636057
2025-07-04 03:00:00,1.1767,1.1772,1.1755,1.1769,771.0,0.008497620666214623
2025-07-04 07:00:00,1.177,1.1784,1.1767,1.1769,1171.0,0.0
2025-07-04 11:00:00,1.1768,1.1781,1.1767,1.1768,1118.0,-0.008496898631993322
2025-07-04 15:00:00,1.1769,1.1787,1.1763,1.1778,972.0,0.08497620666212402
2025-07-04 19:00:00,1.1777,1.1781,1.1771,1.1774,1168.0,-0.03396162336559705
2025-07-04 23:00:00,1.1775,1.1783,1.1774,1.1774,607.0,0.0
2025-07-06 23:00:00,1.1782,1.1783,1.1773,1.1779,280.0,0.042466451503297975
2025-07-07 03:00:00,1.178,1.1789,1.1764,1.1768,973.0,-0.09338653535952979
2025-07-07 07:00:00,1.1769,1.1773,1.1744,1.1745,1243.0,-0.195445275322903
2025-07-07 11:00:00,1.1744,1.1746,1.1721,1.1729,1174.0,-0.13622818220520028
2025-07-07 15:00:00,1.173,1.1745,1.1717,1.1732,1435.0,0.02557762810129205
2025-07-07 19:00:00,1.1731,1.1739,1.1686,1.1719,1739.0,-0.11080804636891539
2025-07-07 23:00:00,1.1718,1.1738,1.1706,1.1736,585.0,0.14506357197714426
2025-07-08 03:00:00,1.1737,1.1748,1.173,1.1746,1031.0,0.08520790729380501
2025-07-08 07:00:00,1.1744,1.1764,1.1731,1.1759,1140.0,0.11067597479992308
2025-07-08 11:00:00,1.1758,1.176,1.1721,1.1721,1081.0,-0.32315673101454
2025-07-08 15:00:00,1.1722,1.1724,1.1682,1.1706,2079.0,-0.12797542871767487
2025-07-08 19:00:00,1.1705,1.1729,1.1695,1.1723,1390.0,0.14522467110882342
2025-07-08 23:00:00,1.1722,1.1729,1.1718,1.1723,377.0,0.0
2025-07-09 03:00:00,1.1722,1.1725,1.1702,1.1703,949.0,-0.17060479399471085
2025-07-09 07:00:00,1.1704,1.1728,1.1701,1.1707,1109.0,0.034179270272605144
2025-07-09 11:00:00,1.1706,1.1719,1.1689,1.169,1173.0,-0.14521226616553973
2025-07-09 15:00:00,1.1691,1.1724,1.1691,1.1705,1766.0,0.1283147989734834
2025-07-09 19:00:00,1.1706,1.1722,1.17,1.1718,811.0,0.11106364801365398
2025-07-09 23:00:00,1.1717,1.1739,1.1711,1.1737,391.0,0.16214371053080434
2025-07-10 03:00:00,1.1736,1.1749,1.1733,1.1733,860.0,-0.03408025900996092
2025-07-10 07:00:00,1.1734,1.1743,1.1725,1.1732,933.0,-0.008522969402535718
2025-07-10 11:00:00,1.1733,1.1733,1.1707,1.1711,866.0,-0.17899761336515052
2025-07-10 15:00:00,1.1712,1.1714,1.1662,1.1686,2098.0,-0.21347451114336335
2025-07-10 19:00:00,1.1687,1.1698,1.1681,1.1695,866.0,0.07701523190142279
2025-07-10 23:00:00,1.1694,1.1706,1.1694,1.1701,393.0,0.05130397605814796
2025-07-11 03:00:00,1.1702,1.1704,1.1664,1.1681,1458.0,-0.17092556191778963
2025-07-11 07:00:00,1.168,1.1695,1.1668,1.1688,1258.0,0.05992637616643037
2025-07-11 11:00:00,1.1689,1.17,1.1679,1.1687,1208.0,-0.008555783709784937
2025-07-11 15:00:00,1.1686,1.1713,1.1673,1.1695,1963.0,0.06845212629416064
2025-07-11 19:00:00,1.1696,1.1697,1.1685,1.1687,1072.0,-0.06840530141085654
2025-07-11 23:00:00,1.1686,1.1693,1.1678,1.1691,138.0,0.03422606314709142
2025-07-13 23:00:00,1.1671,1.1683,1.1661,1.1682,775.0,-0.07698229407236967
2025-07-14 03:00:00,1.1683,1.1697,1.1672,1.168,927.0,-0.01712035610340612
2025-07-14 07:00:00,1.1679,1.1687,1.1653,1.1685,1189.0,0.04280821917810318
2025-07-14 11:00:00,1.1684,1.1696,1.1679,1.1688,855.0,0.02567394094994402
2025-07-14 15:00:00,1.1687,1.1695,1.1666,1.167,1497.0,-0.15400410677618437
2025-07-14 19:00:00,1.1669,1.1674,1.1658,1.1667,921.0,-0.025706940874037354
2025-07-14 23:00:00,1.1668,1.1668,1.166,1.1665,340.0,-0.017142367360933886
2025-07-15 03:00:00,1.1664,1.1677,1.1664,1.1675,665.0,0.08572653236176286
2025-07-15 07:00:00,1.1676,1.1692,1.1671,1.169,719.0,0.12847965738758127
2025-07-15 11:00:00,1.1689,1.169,1.1667,1.1669,813.0,-0.179640718562879
2025-07-15 15:00:00,1.1668,1.169,1.16,1.1617,3095.0,-0.4456251606821615
2025-07-15 19:00:00,1.1618,1.1619,1.1592,1.16,1007.0,-0.14633726435396843
2025-07-15 23:00:00,1.1601,1.1607,1.1597,1.1606,290.0,0.0517241379310418
2025-07-16 03:00:00,1.1607,1.1615,1.1602,1.161,670.0,0.034464931931754705
2025-07-16 07:00:00,1.1611,1.1628,1.1609,1.1618,797.0,0.06890611541774394
2025-07-16 11:00:00,1.1619,1.1626,1.16,1.1603,858.0,-0.12911000172145526
2025-07-16 15:00:00,1.1602,1.1721,1.1562,1.1628,5156.0,0.21546151857276818
2025-07-16 19:00:00,1.1627,1.1658,1.1615,1.1635,2602.0,0.060199518403836194
2025-07-16 23:00:00,1.1634,1.1642,1.1632,1.1635,470.0,0.0
2025-07-17 03:00:00,1.1634,1.1635,1.1613,1.1618,820.0,-0.14611087236785503
2025-07-17 07:00:00,1.1617,1.1626,1.1572,1.159,1254.0,-0.24100533654672907
2025-07-17 11:00:00,1.1589,1.1604,1.1569,1.1573,906.0,-0.14667817083693357
2025-07-17 15:00:00,1.1574,1.1602,1.1556,1.1595,1998.0,0.19009764106108218
2025-07-17 19:00:00,1.1596,1.1601,1.1579,1.1597,910.0,0.017248814144021907
2025-07-17 23:00:00,1.1596,1.1619,1.1593,1.1614,404.0,0.14658963525049362
2025-07-18 03:00:00,1.1615,1.1633,1.1614,1.1623,739.0,0.07749268124677133
2025-07-18 07:00:00,1.1622,1.163,1.1611,1.1628,761.0,0.04301815366083428
2025-07-18 11:00:00,1.1627,1.1647,1.1627,1.1644,1000.0,0.13759889920881285
2025-07-18 15:00:00,1.1643,1.1671,1.1642,1.1644,1659.0,0.0
2025-07-18 19:00:00,1.1643,1.1648,1.1616,1.1621,847.0,-0.1975266231535766
2025-07-18 23:00:00,1.1622,1.1627,1.1619,1.1621,90.0,0.0
2025-07-20 23:00:00,1.1627,1.1633,1.1621,1.1629,584.0,0.06884089148955219
2025-07-21 03:00:00,1.163,1.1635,1.1614,1.1624,652.0,-0.04299595837990999
2025-07-21 07:00:00,1.1625,1.1646,1.1622,1.1643,803.0,0.16345492085338975
2025-07-21 11:00:00,1.1642,1.1669,1.1633,1.1667,939.0,0.20613244009277665
2025-07-21 15:00:00,1.1668,1.1716,1.1657,1.1704,1493.0,0.31713379617726023
2025-07-21 19:00:00,1.1703,1.1705,1.1685,1.1689,820.0,-0.12816131237184392
2025-07-21 23:00:00,1.1688,1.1696,1.1688,1.1694,348.0,0.0427752587903063
2025-07-22 03:00:00,1.1695,1.1695,1.1682,1.1686,552.0,-0.06841115101761108
2025-07-22 07:00:00,1.1687,1.1694,1.1681,1.1685,673.0,-0.008557247989049444
2025-07-22 11:00:00,1.1684,1.1708,1.1683,1.17,943.0,0.12836970474967568
2025-07-22 15:00:00,1.1701,1.1748,1.1678,1.1747,2059.0,0.4017094017094047
2025-07-22 19:00:00,1.1746,1.176,1.1741,1.1751,1109.0,0.034051247126920536
2025-07-22 23:00:00,1.175,1.1755,1.1736,1.1737,572.0,-0.11913879669815941
2025-07-23 03:00:00,1.1738,1.1748,1.173,1.1738,1041.0,0.008520064752493006
2025-07-23 07:00:00,1.1739,1.1752,1.1726,1.1741,979.0,0.02555801669790192
2025-07-23 11:00:00,1.174,1.1747,1.1722,1.1725,1191.0,-0.13627459330549652
2025-07-23 15:00:00,1.1724,1.1757,1.171,1.1746,1890.0,0.1791044776119355
2025-07-23 19:00:00,1.1745,1.1774,1.1742,1.1772,1610.0,0.22135194959986837
2025-07-23 23:00:00,1.1773,1.1778,1.1766,1.1772,488.0,0.0
2025-07-24 03:00:00,1.1773,1.1779,1.1761,1.1774,777.0,0.016989466530747954
2025-07-24 07:00:00,1.1773,1.1777,1.1754,1.1761,880.0,-0.11041277390861914
2025-07-24 11:00:00,1.1762,1.1767,1.1743,1.1755,791.0,-0.05101607006205988
2025-07-24 15:00:00,1.1754,1.1788,1.173,1.1763,2797.0,0.06805614632070522
2025-07-24 19:00:00,1.1764,1.1777,1.1756,1.1758,1113.0,-0.04250616339368518
2025-07-24 23:00:00,1.1757,1.1759,1.174,1.1754,649.0,-0.03401939105289742
2025-07-25 03:00:00,1.1755,1.1758,1.1733,1.1742,711.0,-0.10209290454313846
2025-07-25 07:00:00,1.1741,1.176,1.1733,1.1752,1268.0,0.08516436722876275
2025-07-25 11:00:00,1.1753,1.1757,1.1711,1.172,1317.0,-0.2722940776038185
2025-07-25 15:00:00,1.1719,1.1738,1.1703,1.1728,2250.0,0.06825938566554779
2025-07-25 19:00:00,1.1729,1.1746,1.1719,1.1743,1019.0,0.12789904502044092
2025-07-25 23:00:00,1.1742,1.1742,1.1737,1.1739,119.0,-0.034062845950777465
2025-07-27 23:00:00,1.1759,1.1768,1.175,1.1755,479.0,0.13629781071642366
2025-07-28 03:00:00,1.1756,1.1769,1.1746,1.1756,896.0,0.008507018290093704
2025-07-28 07:00:00,1.1757,1.1757,1.167,1.1674,1468.0,-0.6975161619598436
2025-07-28 11:00:00,1.1675,1.1689,1.1643,1.165,1846.0,-0.2055850608189136
2025-07-28 15:00:00,1.1651,1.1664,1.1607,1.1608,2174.0,-0.360515021459229
2025-07-28 19:00:00,1.1609,1.161,1.1584,1.1591,909.0,-0.14645072363886902
2025-07-28 23:00:00,1.159,1.1596,1.1584,1.1595,424.0,0.03450953325856432
2025-07-29 03:00:00,1.1594,1.1598,1.1581,1.1582,642.0,-0.1121172919361868
2025-07-29 07:00:00,1.1581,1.1589,1.1526,1.1553,1745.0,-0.2503885339319556
2025-07-29 11:00:00,1.1552,1.1588,1.1536,1.1539,1472.0,-0.12118064571973175
2025-07-29 15:00:00,1.154,1.155,1.1518,1.1533,2501.0,-0.05199757344657163
2025-07-29 19:00:00,1.1534,1.156,1.1533,1.1549,1396.0,0.13873233330443657
2025-07-29 23:00:00,1.155,1.1552,1.1543,1.1551,417.0,0.017317516668113875
2025-07-30 03:00:00,1.155,1.1572,1.155,1.1561,808.0,0.0865725911176396
2025-07-30 07:00:00,1.156,1.1568,1.1539,1.1553,1030.0,-0.06919816624858521
2025-07-30 11:00:00,1.1552,1.156,1.1521,1.153,1092.0,-0.19908248939669582
2025-07-30 15:00:00,1.1531,1.1534,1.1457,1.1468,2929.0,-0.5377276669557673
2025-07-30 19:00:00,1.1469,1.1502,1.1413,1.1423,3065.0,-0.39239623299616166
2025-07-30 23:00:00,1.1424,1.1429,1.14,1.1427,756.0,0.03501707082202987
2025-07-31 03:00:00,1.1428,1.1437,1.1407,1.1422,1147.0,-0.043756016452256574
2025-07-31 07:00:00,1.1423,1.146,1.1419,1.1448,1255.0,0.22763088776045493
2025-07-31 11:00:00,1.1449,1.1454,1.142,1.1448,1187.0,0.0
2025-07-31 15:00:00,1.1449,1.145,1.1405,1.1429,2522.0,-0.16596785464709773
2025-07-31 19:00:00,1.1428,1.1432,1.1411,1.1412,1177.0,-0.14874442208417937
2025-07-31 23:00:00,1.1411,1.1425,1.1409,1.142,642.0,0.0701016473886984
2025-08-01 03:00:00,1.1421,1.1428,1.1404,1.1417,1073.0,-0.026269702276704443
2025-08-01 07:00:00,1.1418,1.1437,1.1412,1.1418,978.0,0.00875886835420836
2025-08-01 11:00:00,1.1417,1.1421,1.1392,1.1404,998.0,-0.12261341741108822
2025-08-01 15:00:00,1.1403,1.1587,1.1391,1.1553,6558.0,1.306559102069449
2025-08-01 19:00:00,1.1552,1.1581,1.1516,1.1569,2348.0,0.13849216653682994
2025-08-01 23:00:00,1.157,1.1596,1.1568,1.1594,376.0,0.21609473593222628
2025-08-03 23:00:00,1.1592,1.1595,1.1577,1.1587,635.0,-0.060376056580979665
2025-08-04 03:00:00,1.1586,1.1588,1.155,1.1578,1394.0,-0.07767325450936946
2025-08-04 07:00:00,1.1577,1.1585,1.155,1.1563,1591.0,-0.12955605458626618
2025-08-04 11:00:00,1.1562,1.1585,1.1549,1.1566,1644.0,0.02594482400761766
2025-08-04 15:00:00,1.1567,1.1587,1.1556,1.1566,2438.0,0.0
2025-08-04 19:00:00,1.1567,1.1577,1.1556,1.1567,1081.0,0.008646031471548632
2025-08-04 23:00:00,1.1566,1.1585,1.1565,1.1583,444.0,0.1383245439612768
2025-08-05 03:00:00,1.1584,1.1587,1.1553,1.1554,744.0,-0.25036691703359537
2025-08-05 07:00:00,1.1553,1.1561,1.1532,1.1545,1152.0,-0.07789510126362531
2025-08-05 11:00:00,1.1544,1.1548,1.1527,1.1539,1481.0,-0.05197055002166273
2025-08-05 15:00:00,1.1538,1.1584,1.1529,1.1578,2879.0,0.33798422740272116
2025-08-05 19:00:00,1.158,1.1585,1.1566,1.1572,888.0,-0.05182242183451313
2025-08-05 23:00:00,1.1573,1.158,1.157,1.1578,413.0,0.05184929139301353
2025-08-06 03:00:00,1.1577,1.1584,1.1563,1.1579,636.0,0.00863707030576144
2025-08-06 07:00:00,1.158,1.1587,1.157,1.158,815.0,0.008636324380351112
2025-08-06 11:00:00,1.1579,1.1614,1.157,1.1603,1224.0,0.19861830742662345
2025-08-06 15:00:00,1.1604,1.1646,1.16,1.1645,2194.0,0.36197535120228164
2025-08-06 19:00:00,1.1646,1.1668,1.163,1.1656,1193.0,0.0944611421210606
2025-08-06 23:00:00,1.1657,1.1665,1.1649,1.1662,564.0,0.05147563486616047
2025-08-07 03:00:00,1.1663,1.1664,1.1649,1.1664,680.0,0.017149717029685263
2025-08-07 07:00:00,1.1663,1.169,1.1662,1.1689,898.0,0.21433470507543628
2025-08-07 11:00:00,1.1688,1.1698,1.1633,1.1644,1643.0,-0.38497732911283444
2025-08-07 15:00:00,1.1643,1.1661,1.161,1.1639,2964.0,-0.04294057025078235
2025-08-07 19:00:00,1.164,1.1656,1.1618,1.1654,1344.0,0.1288770512930748
2025-08-07 23:00:00,1.1655,1.1677,1.1654,1.1676,572.0,0.1887763857902902
2025-08-08 03:00:00,1.1677,1.1679,1.1654,1.1659,775.0,-0.14559780746831175
2025-08-08 07:00:00,1.1658,1.1664,1.1638,1.1658,967.0,-0.008577064928383393
2025-08-08 11:00:00,1.1659,1.1662,1.1628,1.1643,1404.0,-0.1286670097786935
2025-08-08 15:00:00,1.1644,1.1667,1.1637,1.1659,1836.0,0.13742162672851777
2025-08-08 19:00:00,1.166,1.1666,1.1636,1.1642,1162.0,-0.14581010378248438
2025-08-08 23:00:00,1.1643,1.1643,1.1638,1.164,174.0,-0.01717917883524711
2025-08-10 23:00:00,1.1645,1.165,1.1642,1.1647,208.0,0.06013745704469553
2025-08-11 03:00:00,1.1646,1.1675,1.1641,1.167,678.0,0.19747574482698038
2025-08-11 07:00:00,1.1671,1.1674,1.1645,1.1646,729.0,-0.20565552699228773
2025-08-11 11:00:00,1.1647,1.1659,1.1622,1.1628,1008.0,-0.1545595054095794
2025-08-11 15:00:00,1.1629,1.163,1.1589,1.1606,1531.0,-0.18919848641211212
2025-08-11 19:00:00,1.1607,1.1613,1.1598,1.1604,726.0,-0.017232465965877353
2025-08-11 23:00:00,1.1603,1.1619,1.1603,1.1616,298.0,0.10341261633917131
2025-08-12 03:00:00,1.1615,1.1624,1.1611,1.1618,646.0,0.017217630853982868
2025-08-12 07:00:00,1.1619,1.1628,1.1607,1.1619,1024.0,0.008607333448096277
2025-08-12 11:00:00,1.1618,1.1621,1.1598,1.1606,964.0,-0.11188570444959911
2025-08-12 15:00:00,1.1605,1.1696,1.16,1.1671,4113.0,0.5600551438910806
2025-08-12 19:00:00,1.167,1.1685,1.1664,1.1674,1162.0,0.025704738240084346
2025-08-12 23:00:00,1.1673,1.1678,1.1668,1.1677,313.0,0.025698132602358648
2025-08-13 03:00:00,1.1676,1.1687,1.167,1.1683,1196.0,0.051383060717635765
2025-08-13 07:00:00,1.1682,1.1712,1.1676,1.1706,1044.0,0.1968672430026741
2025-08-13 11:00:00,1.1707,1.1729,1.1706,1.1718,1122.0,0.1025115325474113
2025-08-13 15:00:00,1.1717,1.1723,1.1692,1.1713,1772.0,-0.042669397508099394
2025-08-13 19:00:00,1.1712,1.1714,1.1695,1.1698,763.0,-0.12806283616495495
2025-08-13 23:00:00,1.1699,1.1712,1.1698,1.1711,337.0,0.11113010771073295
2025-08-14 03:00:00,1.1712,1.1714,1.1698,1.1703,676.0,-0.06831184356589359
2025-08-14 07:00:00,1.1702,1.1706,1.1677,1.1679,1023.0,-0.20507562163547544
2025-08-14 11:00:00,1.1678,1.1696,1.1667,1.1688,1305.0,0.07706139224250563
2025-08-14 15:00:00,1.1687,1.1691,1.1637,1.1643,2839.0,-0.3850102669404665
2025-08-14 19:00:00,1.1642,1.1649,1.163,1.1647,1076.0,0.034355406682151646
2025-08-14 23:00:00,1.1648,1.1652,1.1644,1.165,303.0,0.025757705847007095
2025-08-15 03:00:00,1.1649,1.1664,1.1646,1.1659,540.0,0.07725321888412129
2025-08-15 07:00:00,1.166,1.1683,1.1658,1.1682,662.0,0.19727249335277364
2025-08-15 11:00:00,1.1681,1.1691,1.1676,1.1686,714.0,0.034240712206834445
2025-08-15 15:00:00,1.1687,1.1714,1.1673,1.1706,1945.0,0.17114495978094446
2025-08-15 19:00:00,1.1705,1.1707,1.1698,1.17,559.0,-0.05125576627371675
2025-08-17 23:00:00,1.171,1.1715,1.1703,1.1706,194.0,0.05128205128206442
2025-08-18 03:00:00,1.1705,1.171,1.1693,1.1703,524.0,-0.025627883136869478
2025-08-18 07:00:00,1.1702,1.1709,1.1679,1.168,886.0,-0.1965308040673297
2025-08-18 11:00:00,1.1679,1.1687,1.167,1.1676,1202.0,-0.034246575342467
2025-08-18 15:00:00,1.1675,1.1684,1.1659,1.1665,1537.0,-0.09421034600889389
2025-08-18 19:00:00,1.1664,1.167,1.1655,1.1666,738.0,0.008572653236171845
2025-08-18 23:00:00,1.1667,1.1674,1.1659,1.1667,339.0,0.008571918395339218
2025-08-19 03:00:00,1.1666,1.1669,1.1638,1.1653,796.0,-0.1199965715265372
2025-08-19 07:00:00,1.1654,1.1683,1.165,1.1683,904.0,0.25744443490944846
2025-08-19 11:00:00,1.1682,1.1692,1.1671,1.1685,897.0,0.01711889069591077
2025-08-19 15:00:00,1.1684,1.1687,1.1657,1.1659,1576.0,-0.22250748823279265
2025-08-19 19:00:00,1.166,1.1662,1.1641,1.1646,734.0,-0.1115018440689508
2025-08-19 23:00:00,1.1645,1.165,1.164,1.1641,375.0,-0.042933195947125746
2025-08-20 03:00:00,1.164,1.1641,1.1621,1.1632,871.0,-0.07731294562322022
2025-08-20 07:00:00,1.1633,1.1646,1.1622,1.1644,941.0,0.10316368638239037
2025-08-20 11:00:00,1.1643,1.1657,1.1631,1.1642,920.0,-0.017176228100324042
2025-08-20 15:00:00,1.1643,1.1673,1.1642,1.1648,1835.0,0.05153753650577464
2025-08-20 19:00:00,1.1647,1.1672,1.1647,1.1652,834.0,0.034340659340648116
2025-08-20 23:00:00,1.1651,1.1655,1.1646,1.165,299.0,-0.0171644352900735
2025-08-21 03:00:00,1.1651,1.1651,1.164,1.1645,617.0,-0.0429184549356143
2025-08-21 07:00:00,1.1644,1.166,1.1624,1.1657,960.0,0.10304851867752873
2025-08-21 11:00:00,1.1656,1.1662,1.1639,1.164,1009.0,-0.14583512052843695
2025-08-21 15:00:00,1.1639,1.1655,1.16,1.1604,2440.0,-0.3092783505154517
2025-08-21 19:00:00,1.1603,1.1618,1.1601,1.1604,665.0,0.0
2025-08-21 23:00:00,1.1603,1.1614,1.1603,1.1611,390.0,0.06032402619786659
2025-08-22 03:00:00,1.161,1.1616,1.1588,1.1589,625.0,-0.1894754973731816
2025-08-22 07:00:00,1.159,1.1598,1.1582,1.1594,678.0,0.04314436103201036
2025-08-22 11:00:00,1.1595,1.1605,1.159,1.1604,704.0,0.0862515094014249
2025-08-22 15:00:00,1.1605,1.1731,1.1597,1.1711,3382.0,0.9220958290244718
2025-08-22 19:00:00,1.1712,1.1742,1.1711,1.1719,1277.0,0.06831184356586029
2025-08-22 23:00:00,1.172,1.1726,1.1717,1.1721,266.0,0.01706630258553332
2025-08-24 23:00:00,1.1722,1.1726,1.1707,1.1707,270.0,-0.11944373346982617
2025-08-25 03:00:00,1.1706,1.1707,1.1693,1.1706,549.0,-0.00854189800973959
2025-08-25 07:00:00,1.1707,1.172,1.1694,1.1697,777.0,-0.07688364941056403
2025-08-25 11:00:00,1.1696,1.171,1.1684,1.1703,811.0,0.051295203898438224
2025-08-25 15:00:00,1.1702,1.1708,1.1665,1.1668,1276.0,-0.2990686148850563
2025-08-25 19:00:00,1.1667,1.1668,1.1602,1.1609,1238.0,-0.5056564964004084
2025-08-25 23:00:00,1.161,1.1625,1.1609,1.1614,421.0,0.04307003187182801
2025-08-26 03:00:00,1.1613,1.1659,1.1609,1.1625,1760.0,0.09471327707939459
2025-08-26 07:00:00,1.1624,1.1643,1.1601,1.1621,1335.0,-0.03440860215054853
2025-08-26 11:00:00,1.1622,1.166,1.1605,1.1653,1355.0,0.27536356595818656
2025-08-26 15:00:00,1.1654,1.1664,1.1636,1.1656,1942.0,0.025744443490949287
2025-08-26 19:00:00,1.1657,1.1661,1.1633,1.1639,940.0,-0.1458476321207991
2025-08-26 23:00:00,1.164,1.1647,1.1633,1.1636,449.0,-0.02577541025861052
2025-08-27 03:00:00,1.1637,1.1641,1.1621,1.1624,539.0,-0.1031282227569541
2025-08-27 07:00:00,1.1623,1.1624,1.1596,1.1603,868.0,-0.1806607019958717
2025-08-27 11:00:00,1.1602,1.1603,1.1573,1.1585,1106.0,-0.15513229337240642
2025-08-27 15:00:00,1.1586,1.1611,1.1581,1.161,1900.0,0.2157962883038378
2025-08-27 19:00:00,1.1611,1.1642,1.161,1.1633,880.0,0.1981050818260055
2025-08-27 23:00:00,1.1634,1.1647,1.1631,1.1647,372.0,0.12034728788790083
2025-08-28 03:00:00,1.1646,1.1654,1.1641,1.1642,513.0,-0.042929509745015526
2025-08-28 07:00:00,1.1641,1.1649,1.1633,1.1643,807.0,0.008589589417629107
2025-08-28 11:00:00,1.1644,1.1674,1.1628,1.1666,1080.0,0.1975435884222554
2025-08-28 15:00:00,1.1665,1.1686,1.1658,1.1672,2261.0,0.0514315103720131
2025-08-28 19:00:00,1.1673,1.1696,1.1671,1.1682,669.0,0.08567511994514998
2025-08-28 23:00:00,1.1681,1.1683,1.1673,1.1678,447.0,-0.03424071220681224
2025-08-29 03:00:00,1.1679,1.1681,1.1655,1.1662,595.0,-0.13700976194553904
2025-08-29 07:00:00,1.1663,1.1676,1.1658,1.1675,674.0,0.11147316069286539
2025-08-29 11:00:00,1.1674,1.1689,1.166,1.1662,1006.0,-0.11134903640257487
2025-08-29 15:00:00,1.1663,1.1708,1.165,1.1694,2238.0,0.27439547247471996
2025-08-29 19:00:00,1.1693,1.1706,1.1692,1.1697,782.0,0.02565418163160693
2025-08-29 23:00:00,1.1698,1.17,1.168,1.1686,146.0,-0.09404120714712194
2025-08-31 23:00:00,1.1695,1.1695,1.1686,1.1689,190.0,0.02567174396714833
2025-09-01 03:00:00,1.169,1.1713,1.1687,1.1707,663.0,0.15399093164514266
2025-09-01 07:00:00,1.1706,1.1732,1.1704,1.1724,865.0,0.14521226616555083
2025-09-01 11:00:00,1.1725,1.1735,1.1712,1.1713,1005.0,-0.09382463323098778
2025-09-01 15:00:00,1.1714,1.1717,1.1699,1.1699,842.0,-0.11952531375395425
2025-09-01 19:00:00,1.1697,1.1713,1.1696,1.1711,299.0,0.10257286947603639
2025-09-01 23:00:00,1.1712,1.1717,1.1706,1.1714,228.0,0.02561694133720316
2025-09-02 03:00:00,1.1715,1.1715,1.1691,1.1694,850.0,-0.17073587160661985
2025-09-02 07:00:00,1.1695,1.1706,1.1642,1.1644,1382.0,-0.4275696938600859
2025-09-02 11:00:00,1.1643,1.1655,1.1623,1.1646,2038.0,0.01717622810031294
2025-09-02 15:00:00,1.1645,1.1682,1.1612,1.1652,2586.0,0.05151983513651537
2025-09-02 19:00:00,1.1653,1.1654,1.1629,1.1641,798.0,-0.09440439409543755
2025-09-02 23:00:00,1.164,1.1643,1.1632,1.1632,422.0,-0.07731294562322022
2025-09-03 03:00:00,1.1633,1.1635,1.1622,1.1623,665.0,-0.07737276478678723
2025-09-03 07:00:00,1.1622,1.1642,1.1607,1.1635,1067.0,0.1032435687860156
2025-09-03 11:00:00,1.1636,1.1664,1.1636,1.165,1378.0,0.12892135797164528
2025-09-03 15:00:00,1.1651,1.1681,1.1638,1.1674,2184.0,0.2060085836909753
2025-09-03 19:00:00,1.1673,1.1677,1.1655,1.1657,878.0,-0.14562275141339898
2025-09-03 23:00:00,1.1658,1.1664,1.1655,1.1661,437.0,0.03431414600669758
2025-09-04 03:00:00,1.166,1.1668,1.165,1.1652,785.0,-0.0771803447388697
2025-09-04 07:00:00,1.1653,1.166,1.1643,1.1649,838.0,-0.025746652935110248
2025-09-04 11:00:00,1.165,1.1659,1.1638,1.1642,1088.0,-0.060090994935202424
2025-09-04 15:00:00,1.1643,1.1657,1.1629,1.1647,2250.0,0.04294794708814553
2025-09-04 19:00:00,1.1646,1.1651,1.1633,1.165,639.0,0.025757705847007095
2025-09-04 23:00:00,1.1649,1.1657,1.1647,1.1656,270.0,0.05150214592273272
2025-09-05 03:00:00,1.1655,1.1674,1.1651,1.1671,523.0,0.12868908716541227
2025-09-05 07:00:00,1.167,1.1678,1.1664,1.1676,761.0,0.042841230400125774
2025-09-05 11:00:00,1.1675,1.1695,1.1674,1.1687,899.0,0.09421034600891609
2025-09-05 15:00:00,1.1688,1.1758,1.1685,1.1758,4108.0,0.607512620860784
2025-09-05 19:00:00,1.1757,1.1759,1.1712,1.1717,1137.0,-0.34869875829222075
2025-09-05 23:00:00,1.1716,1.1721,1.1714,1.172,115.0,0.02560382350431656
2025-09-07 23:00:00,1.1714,1.172,1.1703,1.1712,418.0,-0.06825938566552558
2025-09-08 03:00:00,1.1711,1.1717,1.1704,1.1708,854.0,-0.03415300546447675
2025-09-08 07:00:00,1.1709,1.1733,1.1705,1.1732,893.0,0.20498804236419588
2025-09-08 11:00:00,1.1733,1.1742,1.1719,1.1728,882.0,-0.034094783498117565
2025-09-08 15:00:00,1.1729,1.1755,1.1722,1.1749,1459.0,0.1790586630286528
2025-09-08 19:00:00,1.175,1.1765,1.1734,1.1761,637.0,0.10213635202995786
2025-09-08 23:00:00,1.1762,1.1772,1.1758,1.1768,410.0,0.05951874840575133
2025-09-09 03:00:00,1.1767,1.1777,1.1763,1.1763,593.0,-0.042488103331084215
2025-09-09 07:00:00,1.1764,1.1779,1.1747,1.1751,1022.0,-0.10201479214484444
2025-09-09 11:00:00,1.175,1.1771,1.174,1.1741,1392.0,-0.08509914049869005
2025-09-09 15:00:00,1.1742,1.1762,1.1715,1.1721,2358.0,-0.1703432416318873
2025-09-09 19:00:00,1.1722,1.1729,1.1703,1.1706,1166.0,-0.12797542871767487
2025-09-09 23:00:00,1.1705,1.1713,1.1697,1.1701,479.0,-0.04271313856143433
2025-09-10 03:00:00,1.1702,1.1709,1.1689,1.1708,702.0,0.059823946671233585
2025-09-10 07:00:00,1.1707,1.1717,1.1682,1.1702,1083.0,-0.05124701059106007
2025-09-10 11:00:00,1.1701,1.1716,1.169,1.1704,1184.0,0.017091095539245593
2025-09-10 15:00:00,1.1703,1.173,1.169,1.1713,2428.0,0.07689678742308637
2025-09-10 19:00:00,1.1714,1.1715,1.1693,1.1699,551.0,-0.11952531375395425
2025-09-10 23:00:00,1.17,1.1706,1.1693,1.1702,283.0,0.025643217368997995
2025-09-11 03:00:00,1.1701,1.1702,1.1692,1.1695,445.0,-0.05981883438728186
2025-09-11 07:00:00,1.1696,1.1698,1.1683,1.1692,840.0,-0.02565198802907398
2025-09-11 11:00:00,1.1693,1.1694,1.1677,1.1683,992.0,-0.0769757098871171
2025-09-11 15:00:00,1.1684,1.1745,1.166,1.1731,3623.0,0.4108533767011924
2025-09-11 19:00:00,1.173,1.1739,1.1727,1.1736,807.0,0.04262211235188662
2025-09-11 23:00:00,1.1737,1.174,1.1731,1.1731,408.0,-0.0426039536468914
2025-09-12 03:00:00,1.1732,1.1734,1.1722,1.1724,519.0,-0.05967095729263461
2025-09-12 07:00:00,1.1723,1.1747,1.172,1.1739,771.0,0.12794268167859446
2025-09-12 11:00:00,1.174,1.174,1.1712,1.172,1142.0,-0.1618536502257406
2025-09-12 15:00:00,1.1721,1.1727,1.1701,1.1713,1703.0,-0.059726962457329336
2025-09-12 19:00:00,1.1712,1.1741,1.1709,1.1735,724.0,0.18782549304192653
2025-09-12 23:00:00,1.1734,1.1736,1.1728,1.1731,130.0,-0.03408606731998276
2025-09-14 23:00:00,1.1733,1.1735,1.1724,1.1725,160.0,-0.05114653482225506
2025-09-14 23:00:00,1.1733,1.1735,1.1729,1.1731,42.0,0.051172707889124425
2025-09-15 03:00:00,1.1726,1.1733,1.1721,1.173,469.0,-0.008524422470379545
2025-09-15 07:00:00,1.1731,1.1743,1.1715,1.1733,696.0,0.02557544757033625
2025-09-15 11:00:00,1.1732,1.1762,1.1729,1.1761,1009.0,0.23864314327111114
2025-09-15 15:00:00,1.1762,1.1772,1.175,1.1771,1353.0,0.08502678343678127
2025-09-15 19:00:00,1.177,1.1774,1.1755,1.1765,618.0,-0.05097272958966004
2025-09-15 23:00:00,1.1764,1.1768,1.1759,1.1762,340.0,-0.02549936251595719
2025-09-16 03:00:00,1.1761,1.1786,1.1757,1.1779,727.0,0.1445332426458057
2025-09-16 07:00:00,1.1778,1.1801,1.1773,1.1793,1018.0,0.11885559045758942
2025-09-16 11:00:00,1.1792,1.182,1.1789,1.1814,1275.0,0.17807173747137472
2025-09-16 15:00:00,1.1813,1.1852,1.179,1.1846,2447.0,0.2708650753343589
2025-09-16 19:00:00,1.1847,1.1877,1.1846,1.1859,1245.0,0.10974168495694325
2025-09-16 23:00:00,1.1858,1.1872,1.1857,1.1871,458.0,0.10118897040223285
2025-09-17 03:00:00,1.187,1.1872,1.185,1.1851,776.0,-0.16847780304944937
2025-09-17 07:00:00,1.1852,1.1859,1.1837,1.184,881.0,-0.09281917137795581
2025-09-17 11:00:00,1.1839,1.185,1.1832,1.1838,932.0,-0.01689189189189033
2025-09-17 15:00:00,1.1837,1.1858,1.1833,1.1844,1303.0,0.05068423720222537
2025-09-17 19:00:00,1.1845,1.1918,1.1818,1.1824,4712.0,-0.16886187098953398
2025-09-17 23:00:00,1.1823,1.1828,1.1807,1.1825,694.0,0.008457374830861397
2025-09-18 03:00:00,1.1824,1.1828,1.1807,1.1811,891.0,-0.11839323467230933
2025-09-18 07:00:00,1.181,1.1838,1.178,1.1831,1367.0,0.16933367200067106
2025-09-18 11:00:00,1.183,1.1847,1.1819,1.1824,1493.0,-0.05916659623025344
2025-09-18 15:00:00,1.1825,1.1825,1.1749,1.1778,2941.0,-0.3890392422192135
2025-09-18 19:00:00,1.1779,1.1793,1.1771,1.1784,1039.0,0.05094243504839557
2025-09-18 23:00:00,1.1783,1.179,1.178,1.1788,604.0,0.03394433129668695
2025-09-19 03:00:00,1.1789,1.1792,1.1771,1.1781,895.0,-0.05938242280286721
2025-09-19 07:00:00,1.1782,1.1789,1.1757,1.1769,1619.0,-0.10185892538832064
2025-09-19 11:00:00,1.177,1.177,1.1734,1.1736,1259.0,-0.28039765485597945
2025-09-19 15:00:00,1.1735,1.1767,1.1728,1.1751,1822.0,0.1278118609407075
2025-09-19 19:00:00,1.1752,1.1754,1.174,1.1747,667.0,-0.03403965619946936
2025-09-21 23:00:00,1.1744,1.1748,1.1735,1.1735,303.0,-0.10215374138078381
2025-09-22 03:00:00,1.1734,1.174,1.1725,1.1731,703.0,-0.03408606731998276
2025-09-22 07:00:00,1.173,1.1753,1.1726,1.1747,829.0,0.1363907595260505
2025-09-22 11:00:00,1.1746,1.1785,1.1746,1.1778,1166.0,0.263897165233673
2025-09-22 15:00:00,1.1779,1.1787,1.1762,1.1771,1603.0,-0.059432840889783733
2025-09-22 19:00:00,1.1772,1.1801,1.177,1.1799,609.0,0.23787273808510978
2025-09-22 23:00:00,1.1798,1.1803,1.1794,1.18,442.0,0.008475294516485654
2025-09-23 03:00:00,1.1799,1.1819,1.1796,1.1805,566.0,0.042372881355956515
2025-09-23 07:00:00,1.1806,1.1807,1.1779,1.1789,1090.0,-0.13553578991952753
2025-09-23 11:00:00,1.1788,1.1811,1.1783,1.1791,1040.0,0.016964967342425474
2025-09-23 15:00:00,1.179,1.1804,1.1783,1.1798,1884.0,0.0593673140530937
2025-09-23 19:00:00,1.1799,1.1817,1.1791,1.1816,1285.0,0.15256823190370472
2025-09-23 23:00:00,1.1817,1.1817,1.1809,1.1815,395.0,-0.008463100880162777
2025-09-24 03:00:00,1.1816,1.1816,1.1794,1.1797,778.0,-0.1523487092678799
2025-09-24 07:00:00,1.1796,1.1804,1.1783,1.1788,864.0,-0.07629058235143482
2025-09-24 11:00:00,1.1787,1.1787,1.1746,1.1748,1124.0,-0.3393281303019968
2025-09-24 15:00:00,1.1749,1.1757,1.1727,1.1741,1884.0,-0.05958461014642369
2025-09-24 19:00:00,1.174,1.1743,1.1729,1.1737,742.0,-0.03406864832636858
2025-09-24 23:00:00,1.1738,1.1745,1.1734,1.1741,317.0,0.034080259009972025
2025-09-25 03:00:00,1.174,1.1753,1.174,1.1751,612.0,0.0851716208159603
2025-09-25 07:00:00,1.1752,1.1753,1.1731,1.1732,821.0,-0.16168836694749888
2025-09-25 11:00:00,1.1733,1.1753,1.173,1.1739,1095.0,0.05966587112171684
2025-09-25 15:00:00,1.174,1.1745,1.1666,1.1671,2598.0,-0.5792656955447617
2025-09-25 19:00:00,1.1672,1.1682,1.1645,1.1659,1210.0,-0.10281895296033738
2025-09-25 23:00:00,1.166,1.1668,1.1658,1.1661,1049.0,0.017154129856766787
2025-09-26 03:00:00,1.166,1.1679,1.1657,1.1677,498.0,0.1372095017579955
2025-09-26 07:00:00,1.1676,1.1683,1.1668,1.1672,847.0,-0.04281921726470017
2025-09-26 11:00:00,1.1671,1.1687,1.1661,1.1667,895.0,-0.04283755997257499
2025-09-26 15:00:00,1.1666,1.1704,1.1666,1.169,2395.0,0.19713722465071193
2025-09-26 19:00:00,1.1691,1.1705,1.1686,1.1705,805.0,0.1283147989734834
2025-09-26 23:00:00,1.1706,1.1706,1.1698,1.1701,138.0,-0.03417343015806873
2025-09-28 23:00:00,1.1701,1.1709,1.17,1.1704,271.0,0.02563883428767788
2025-09-29 03:00:00,1.1705,1.1728,1.1705,1.1724,606.0,0.17088174982911042
2025-09-29 07:00:00,1.1723,1.1732,1.1717,1.1726,969.0,0.017059024223819996
2025-09-29 11:00:00,1.1725,1.173,1.1707,1.1728,1036.0,0.01705611461708667
2025-09-29 15:00:00,1.1729,1.1754,1.1718,1.1728,2012.0,0.0
2025-09-29 19:00:00,1.1729,1.1732,1.1719,1.1726,560.0,-0.017053206002726196
2025-09-29 23:00:00,1.1727,1.1731,1.1723,1.1729,284.0,0.025584171925641108
2025-09-30 03:00:00,1.173,1.1731,1.1711,1.1723,755.0,-0.0511552562025841
2025-09-30 07:00:00,1.1724,1.1747,1.1718,1.1743,1092.0,0.17060479399471085
2025-09-30 11:00:00,1.1744,1.176,1.1736,1.1742,1120.0,-0.008515711487688815
2025-09-30 15:00:00,1.1741,1.1751,1.1716,1.1734,2005.0,-0.06813149378299688
2025-09-30 19:00:00,1.1733,1.1761,1.1733,1.1739,1031.0,0.0426112152718483
2025-09-30 23:00:00,1.1738,1.1742,1.1732,1.1733,507.0,-0.051111679018644995
2025-10-01 03:00:00,1.1732,1.174,1.1729,1.1737,676.0,0.03409187761016508
2025-10-01 07:00:00,1.1738,1.1778,1.1737,1.175,1664.0,0.11076084178240908
2025-10-01 11:00:00,1.1751,1.1765,1.1715,1.1734,1712.0,-0.13617021276596253
2025-10-01 15:00:00,1.1735,1.1768,1.172,1.1721,3747.0,-0.11078915970683667
2025-10-01 19:00:00,1.1722,1.1741,1.1715,1.173,1048.0,0.07678525723062712
2025-10-01 23:00:00,1.1729,1.1737,1.1725,1.1732,613.0,0.017050298380216766
2025-10-02 03:00:00,1.1731,1.1741,1.1723,1.1734,642.0,0.017047391749058782
2025-10-02 07:00:00,1.1733,1.1756,1.1729,1.1749,871.0,0.12783364581558931
2025-10-02 11:00:00,1.175,1.1757,1.1744,1.1749,896.0,0.0
2025-10-02 15:00:00,1.175,1.1757,1.1682,1.1695,2268.0,-0.45961358413482145
2025-10-02 19:00:00,1.1696,1.1726,1.1694,1.1718,768.0,0.19666524155621534
2025-10-02 23:00:00,1.1717,1.1725,1.1713,1.1724,262.0,0.051203277009737036
2025-10-03 03:00:00,1.1723,1.1728,1.1715,1.1725,545.0,0.008529512111898896
2025-10-03 07:00:00,1.1726,1.1733,1.1714,1.1732,893.0,0.05970149253731183
2025-10-03 11:00:00,1.1731,1.1744,1.173,1.1734,1070.0,0.017047391749058782
2025-10-03 15:00:00,1.1735,1.1758,1.1727,1.1746,2028.0,0.10226691665247145
2025-10-03 19:00:00,1.1745,1.1747,1.1726,1.174,682.0,-0.051081219138437994
2025-10-03 23:00:00,1.1741,1.1743,1.1738,1.1739,89.0,-0.008517887563885829
2025-10-05 23:00:00,1.1722,1.1727,1.1705,1.1711,937.0,-0.23852116875372475
2025-10-06 03:00:00,1.1712,1.173,1.1709,1.1724,716.0,0.11100674579456182
2025-10-06 07:00:00,1.1723,1.1726,1.1661,1.1662,1713.0,-0.5288297509382645
2025-10-06 11:00:00,1.1661,1.1678,1.1651,1.1674,1723.0,0.10289830217802276
2025-10-06 15:00:00,1.1675,1.172,1.1672,1.1705,1892.0,0.2655473702244393
2025-10-06 19:00:00,1.1706,1.1716,1.1702,1.171,710.0,0.04271678769756093
2025-10-06 23:00:00,1.1709,1.1715,1.1707,1.1708,510.0,-0.017079419299736998
2025-10-07 03:00:00,1.1709,1.171,1.1696,1.1702,472.0,-0.05124701059106007
2025-10-07 07:00:00,1.1701,1.1706,1.1669,1.1675,937.0,-0.23072978977951575
2025-10-07 11:00:00,1.1676,1.1682,1.1653,1.1662,898.0,-0.11134903640257487
2025-10-07 15:00:00,1.1661,1.1679,1.1653,1.1672,1627.0,0.0857485851483597
2025-10-07 19:00:00,1.1673,1.168,1.1647,1.1649,942.0,-0.19705277587388492
2025-10-07 23:00:00,1.165,1.166,1.1648,1.1652,467.0,0.02575328354363915
2025-10-08 03:00:00,1.1651,1.1652,1.1616,1.1623,837.0,-0.24888431170613234
2025-10-08 07:00:00,1.1624,1.1633,1.1606,1.163,1124.0,0.060225415125181314
2025-10-08 11:00:00,1.1629,1.1636,1.1605,1.1625,1328.0,-0.04299226139294898
2025-10-08 15:00:00,1.1626,1.1644,1.1602,1.1605,1619.0,-0.17204301075268713
2025-10-08 19:00:00,1.1606,1.1627,1.1598,1.1627,1074.0,0.18957345971564177
2025-10-08 23:00:00,1.1628,1.1634,1.1622,1.1628,954.0,0.008600670852332293
2025-10-09 03:00:00,1.1627,1.1647,1.1627,1.1644,556.0,0.13759889920881285
2025-10-09 07:00:00,1.1643,1.1647,1.1606,1.161,936.0,-0.2919958777052645
2025-10-09 11:00:00,1.1609,1.1626,1.1602,1.1611,1204.0,0.00861326442722632
2025-10-09 15:00:00,1.1612,1.1622,1.1546,1.1558,2654.0,-0.4564636982172132
2025-10-09 19:00:00,1.1559,1.1566,1.1541,1.1559,1495.0,0.008652015919707878
2025-10-09 23:00:00,1.1558,1.1566,1.1556,1.1564,397.0,0.04325633705339893
2025-10-10 03:00:00,1.1565,1.1573,1.156,1.1572,635.0,0.06918021445865286
2025-10-10 07:00:00,1.1571,1.1579,1.156,1.1577,1184.0,0.043207742827511275
2025-10-10 11:00:00,1.1576,1.1589,1.156,1.156,1202.0,-0.1468428781204123
2025-10-10 15:00:00,1.1561,1.163,1.1558,1.1612,2938.0,0.44982698961939516
2025-10-10 19:00:00,1.1613,1.1625,1.1596,1.1612,1325.0,0.0
2025-10-10 23:00:00,1.1611,1.1624,1.1603,1.1624,324.0,0.10334137099552443
2025-10-12 23:00:00,1.1611,1.1615,1.1591,1.1601,887.0,-0.19786648313835364
2025-10-13 03:00:00,1.16,1.1627,1.1599,1.162,935.0,0.16377898457029527
2025-10-13 07:00:00,1.1619,1.1629,1.1597,1.1599,1313.0,-0.1807228915662651
2025-10-13 11:00:00,1.1598,1.1604,1.1565,1.1567,1532.0,-0.27588585222863005
2025-10-13 15:00:00,1.1568,1.1577,1.1557,1.1573,1663.0,0.05187170398546215
2025-10-13 19:00:00,1.1574,1.1578,1.1565,1.1565,811.0,-0.06912641493129756
2025-10-13 23:00:00,1.1566,1.1573,1.1563,1.1565,327.0,0.0
2025-10-14 03:00:00,1.1564,1.1581,1.1554,1.1578,802.0,0.1124081279723077
2025-10-14 07:00:00,1.1577,1.1593,1.1542,1.1549,1620.0,-0.2504750388668042
2025-10-14 11:00:00,1.1547,1.1562,1.1545,1.1551,1524.0,0.017317516668113875
2025-10-14 15:00:00,1.1552,1.1607,1.1547,1.1606,2348.0,0.4761492511470955
2025-10-14 19:00:00,1.1607,1.1614,1.16,1.1605,1568.0,-0.008616232982938676
2025-10-14 23:00:00,1.1604,1.1609,1.1599,1.1602,388.0,-0.0258509263248774
2025-10-15 03:00:00,1.1601,1.1625,1.1601,1.1621,718.0,0.16376486812619273
2025-10-15 07:00:00,1.1622,1.1644,1.1616,1.1635,980.0,0.12047156010670523
2025-10-15 11:00:00,1.1636,1.1644,1.1619,1.1619,1114.0,-0.1375161151697557
2025-10-15 15:00:00,1.1618,1.1646,1.161,1.1636,2027.0,0.14631207504949284
2025-10-15 19:00:00,1.1637,1.1644,1.1626,1.1644,984.0,0.06875214850465827
2025-10-15 23:00:00,1.1643,1.1651,1.1642,1.1645,387.0,0.00858811405015647
2025-10-16 03:00:00,1.1644,1.1674,1.1642,1.1661,956.0,0.13739802490337905
2025-10-16 07:00:00,1.166,1.1667,1.1642,1.1651,1073.0,-0.08575593859874164
2025-10-16 11:00:00,1.1652,1.1663,1.1645,1.1653,1149.0,0.01716590850571187
2025-10-16 15:00:00,1.1652,1.1677,1.1648,1.1664,1723.0,0.09439629280014739
2025-10-16 19:00:00,1.1663,1.1693,1.1663,1.1688,1882.0,0.2057613168724215
2025-10-16 23:00:00,1.1687,1.1699,1.1684,1.1698,480.0,0.08555783709787157
2025-10-17 03:00:00,1.1699,1.1711,1.1694,1.1708,879.0,0.0854846982390356
2025-10-17 07:00:00,1.1709,1.1727,1.1693,1.1711,1793.0,0.025623505295513382
2025-10-17 11:00:00,1.1712,1.1715,1.1679,1.1684,1859.0,-0.23055247203482843
2025-10-17 15:00:00,1.1685,1.1685,1.1656,1.1672,2312.0,-0.1027045532352
2025-10-17 19:00:00,1.1671,1.1679,1.1663,1.167,918.0,-0.017135023989034437
2025-10-17 23:00:00,1.1668,1.1669,1.165,1.1652,200.0,-0.15424164524421302
2025-10-19 23:00:00,1.1664,1.1665,1.1651,1.1657,309.0,0.04291108822518375
2025-10-20 03:00:00,1.1658,1.167,1.1656,1.1667,615.0,0.08578536501673284
2025-10-20 07:00:00,1.1668,1.1675,1.1653,1.1662,958.0,-0.042855918402340265
2025-10-20 11:00:00,1.1661,1.1667,1.1644,1.1656,1259.0,-0.05144915108900028
2025-10-20 15:00:00,1.1657,1.1664,1.1645,1.1654,1539.0,-0.017158544955386823
2025-10-20 19:00:00,1.1655,1.1657,1.1638,1.164,697.0,-0.1201304273210968
2025-10-20 23:00:00,1.1641,1.1644,1.1639,1.1643,240.0,0.025773195876288568
2025-10-21 03:00:00,1.1642,1.1654,1.1632,1.1634,653.0,-0.07729966503478014
2025-10-21 07:00:00,1.1633,1.1637,1.1618,1.1624,1144.0,-0.0859549596011644
2025-10-21 11:00:00,1.1623,1.1627,1.1606,1.1612,1478.0,-0.10323468685479176
2025-10-21 15:00:00,1.1613,1.1617,1.1597,1.1614,1848.0,0.017223561832580003
2025-10-21 19:00:00,1.1613,1.1624,1.1599,1.16,1097.0,-0.12054417082831836
2025-10-21 23:00:00,1.1599,1.1603,1.1598,1.1599,315.0,-0.008620689655169933
2025-10-22 03:00:00,1.16,1.161,1.1599,1.1606,551.0,0.06035003017503815
2025-10-22 07:00:00,1.1607,1.1615,1.1599,1.16,1024.0,-0.05169739789765426
2025-10-22 11:00:00,1.1599,1.1601,1.1582,1.1582,1203.0,-0.1551724137931032
2025-10-22 15:00:00,1.1581,1.1616,1.1576,1.161,1780.0,0.24175444655500922
2025-10-22 19:00:00,1.1611,1.1622,1.1604,1.1605,936.0,-0.04306632213608719
2025-10-22 23:00:00,1.1606,1.1614,1.1605,1.1606,264.0,0.008616975441610997
2025-10-23 03:00:00,1.1605,1.1607,1.1591,1.1592,544.0,-0.12062726176116367
2025-10-23 07:00:00,1.1591,1.1603,1.159,1.1599,813.0,0.06038647342994086
2025-10-23 11:00:00,1.1598,1.1605,1.1585,1.1586,997.0,-0.1120786274678709
2025-10-23 15:00:00,1.1587,1.1619,1.1586,1.1611,1474.0,0.21577766269635923
2025-10-23 19:00:00,1.161,1.1619,1.1603,1.1616,745.0,0.04306261303934633
2025-10-23 23:00:00,1.1615,1.1621,1.1613,1.1616,332.0,0.0
2025-10-24 03:00:00,1.1617,1.1621,1.1606,1.1608,484.0,-0.06887052341597588
2025-10-24 07:00:00,1.1607,1.1627,1.16,1.1617,820.0,0.07753273604409472
2025-10-24 11:00:00,1.1618,1.1623,1.1604,1.1614,924.0,-0.02582422312128463
2025-10-24 15:00:00,1.1615,1.1648,1.1608,1.1625,2762.0,0.09471327707939459
2025-10-24 19:00:00,1.1624,1.1632,1.162,1.1631,804.0,0.05161290322579504
2025-10-24 23:00:00,1.163,1.1635,1.162,1.1626,206.0,-0.042988565041690574
2025-10-26 22:00:00,1.1627,1.1635,1.1625,1.163,288.0,0.03440564252537026
2025-10-27 02:00:00,1.1631,1.1647,1.1626,1.1627,485.0,-0.02579535683576717
2025-10-27 06:00:00,1.1626,1.1631,1.1618,1.1618,685.0,-0.07740603767094623
2025-10-27 10:00:00,1.1619,1.1646,1.1617,1.1645,1071.0,0.2323980030986439
2025-10-27 14:00:00,1.1646,1.1651,1.1631,1.1634,1220.0,-0.09446114212109391
2025-10-27 18:00:00,1.1635,1.1651,1.1632,1.1647,779.0,0.11174144748151704
2025-10-27 22:00:00,1.1646,1.1654,1.1643,1.165,315.0,0.025757705847007095
2025-10-28 02:00:00,1.1649,1.1663,1.1646,1.1659,541.0,0.07725321888412129
2025-10-28 06:00:00,1.166,1.1667,1.165,1.1653,666.0,-0.051462389570278155
2025-10-28 10:00:00,1.1654,1.1664,1.1644,1.1659,1026.0,0.05148888698187637
2025-10-28 14:00:00,1.1658,1.1666,1.1625,1.1658,1711.0,-0.008577064928383393
2025-10-28 18:00:00,1.1657,1.1668,1.1651,1.1651,980.0,-0.06004460456338068
2025-10-28 22:00:00,1.1652,1.1656,1.1648,1.1656,298.0,0.04291477126425747
2025-10-29 02:00:00,1.1655,1.166,1.1636,1.1636,699.0,-0.17158544955387933
2025-10-29 06:00:00,1.1637,1.1637,1.1627,1.1632,619.0,-0.034376074252318034
2025-10-29 10:00:00,1.1631,1.1648,1.1618,1.164,1075.0,0.06877579092159358
2025-10-29 14:00:00,1.1639,1.1664,1.1626,1.1663,1479.0,0.19759450171821236
2025-10-29 18:00:00,1.1662,1.1665,1.1577,1.1598,3347.0,-0.5573180142330436
2025-10-29 22:00:00,1.1599,1.1607,1.159,1.1602,433.0,0.03448870494913159
2025-10-30 02:00:00,1.1603,1.1619,1.1596,1.1615,995.0,0.11204964661266636
2025-10-30 06:00:00,1.1614,1.1636,1.1609,1.1617,1225.0,0.01721911321566072
2025-10-30 10:00:00,1.1616,1.1627,1.1595,1.1597,1074.0,-0.17216148747525306
2025-10-30 14:00:00,1.1596,1.1598,1.1546,1.1563,2490.0,-0.29317927050097614
2025-10-30 18:00:00,1.1562,1.1571,1.1559,1.1563,986.0,0.0
2025-10-30 22:00:00,1.1564,1.1572,1.1563,1.1571,281.0,0.06918619735361009
2025-10-31 02:00:00,1.1572,1.1577,1.1564,1.1566,521.0,-0.04321147696827454
2025-10-31 06:00:00,1.1567,1.1573,1.1554,1.1564,577.0,-0.017292062943108366
2025-10-31 10:00:00,1.1563,1.1576,1.1557,1.1566,771.0,0.017295053614674316
2025-10-31 14:00:00,1.1565,1.1565,1.1521,1.154,1686.0,-0.22479681826043096
2025-10-31 18:00:00,1.1539,1.1543,1.1521,1.1525,769.0,-0.12998266897745747
2025-10-31 22:00:00,1.1524,1.1537,1.1524,1.1536,112.0,0.09544468546636153
2025-11-02 22:00:00,1.1532,1.1538,1.1525,1.1527,640.0,-0.07801664355061577
2025-11-03 02:00:00,1.1526,1.1533,1.1521,1.1533,596.0,0.05205170469331222
2025-11-03 06:00:00,1.1532,1.154,1.1531,1.1539,471.0,0.05202462498916649
2025-11-03 10:00:00,1.1538,1.1539,1.1507,1.1514,1033.0,-0.21665655602738365
2025-11-03 14:00:00,1.1515,1.1524,1.1504,1.1524,1459.0,0.08685079034220777
2025-11-03 18:00:00,1.1525,1.1537,1.1516,1.1519,757.0,-0.04338771259980723
2025-11-03 22:00:00,1.1518,1.1522,1.1515,1.1518,307.0,-0.008681309141422844
2025-11-04 02:00:00,1.1517,1.1518,1.1497,1.1513,644.0,-0.04341031429067055
2025-11-04 06:00:00,1.1512,1.1533,1.1507,1.1526,833.0,0.11291583427430751
2025-11-04 10:00:00,1.1527,1.1528,1.1488,1.1489,1175.0,-0.3210133610966559
2025-11-04 14:00:00,1.1488,1.1496,1.1472,1.1491,1197.0,0.017407955435633227
2025-11-04 18:00:00,1.149,1.1496,1.1478,1.1478,562.0,-0.11313201636063974
2025-11-04 22:00:00,1.1477,1.1485,1.1474,1.1484,282.0,0.052273915316281006
2025-11-05 02:00:00,1.1483,1.1497,1.1479,1.1488,862.0,0.034831069313834284
2025-11-05 06:00:00,1.1487,1.1493,1.1482,1.1486,584.0,-0.017409470752083323
2025-11-05 10:00:00,1.1487,1.1494,1.1475,1.1487,923.0,0.008706251088286265
2025-11-05 14:00:00,1.1488,1.1493,1.1468,1.1478,1656.0,-0.07834943849570619
2025-11-05 18:00:00,1.1479,1.1487,1.1469,1.1485,853.0,0.06098623453565377
2025-11-05 22:00:00,1.1486,1.1496,1.1486,1.1495,319.0,0.08707009142359112
2025-11-06 02:00:00,1.1494,1.1508,1.1492,1.1506,533.0,0.0956937799043045
2025-11-06 06:00:00,1.1507,1.1513,1.1503,1.1507,420.0,0.008691117677739335
2025-11-06 10:00:00,1.1508,1.1523,1.1505,1.1519,881.0,0.10428434865732417
2025-11-06 14:00:00,1.1518,1.1543,1.1513,1.1539,1582.0,0.17362618282836806
2025-11-06 18:00:00,1.1538,1.1551,1.1529,1.1543,1050.0,0.03466504896438849
2025-11-06 22:00:00,1.1544,1.1551,1.1542,1.1548,572.0,0.043316295590400955
2025-11-07 02:00:00,1.1547,1.1547,1.1534,1.1537,405.0,-0.09525458953931754
2025-11-07 06:00:00,1.1536,1.1538,1.1529,1.1532,375.0,-0.043338822917560194
2025-11-07 10:00:00,1.1531,1.156,1.1529,1.1557,742.0,0.21678806798473005
2025-11-07 14:00:00,1.1556,1.159,1.1553,1.1571,1532.0,0.12113870381587066
2025-11-07 18:00:00,1.1572,1.1583,1.1555,1.1559,879.0,-0.10370754472388555
2025-11-07 22:00:00,1.1558,1.1566,1.1557,1.1563,349.0,0.034605069642723585
2025-11-09 22:00:00,1.1556,1.1558,1.1541,1.1542,323.0,-0.18161376805329033
2025-11-10 02:00:00,1.1543,1.156,1.1542,1.1554,714.0,0.10396811644430848
2025-11-10 06:00:00,1.1555,1.1571,1.1551,1.1567,518.0,0.11251514626968717
2025-11-10 10:00:00,1.1566,1.1582,1.1553,1.1562,867.0,-0.04322641998790733
2025-11-10 14:00:00,1.1563,1.1577,1.1544,1.1544,1269.0,-0.15568240788789156
2025-11-10 18:00:00,1.1545,1.1564,1.154,1.156,933.0,0.1386001386001201
2025-11-10 22:00:00,1.1561,1.1564,1.1554,1.1556,336.0,-0.034602076124568004
2025-11-11 02:00:00,1.1557,1.1559,1.1546,1.1556,394.0,0.0
2025-11-11 06:00:00,1.1555,1.1564,1.1549,1.1559,553.0,0.025960539979230646
2025-11-11 10:00:00,1.156,1.1577,1.1553,1.1571,963.0,0.10381520892812635
2025-11-11 14:00:00,1.1572,1.1605,1.1568,1.1594,1631.0,0.19877279405409176
2025-11-11 18:00:00,1.1593,1.1599,1.1582,1.1583,848.0,-0.0948766603415474
2025-11-11 22:00:00,1.1584,1.1588,1.158,1.1586,363.0,0.025900025900016388
2025-11-12 02:00:00,1.1585,1.1586,1.1574,1.1577,433.0,-0.07767995857069776
2025-11-12 06:00:00,1.1576,1.1587,1.1569,1.1583,499.0,0.05182689816016772
2025-11-12 10:00:00,1.1582,1.1587,1.1564,1.1577,876.0,-0.05180005180006608
2025-11-12 14:00:00,1.1578,1.1595,1.1562,1.1593,1199.0,0.13820506176038805
2025-11-12 18:00:00,1.1594,1.1597,1.1583,1.1586,692.0,-0.06038126455618631
2025-11-12 22:00:00,1.1585,1.1593,1.1584,1.1591,470.0,0.043155532539262964
2025-11-13 02:00:00,1.159,1.1592,1.1578,1.1589,702.0,-0.01725476662928216
2025-11-13 06:00:00,1.1588,1.1611,1.1579,1.161,616.0,0.18120631633444795
2025-11-13 10:00:00,1.1611,1.1634,1.1604,1.1605,1318.0,-0.04306632213608719
2025-11-13 14:00:00,1.1606,1.1642,1.1605,1.1638,1464.0,0.28436018957345155
2025-11-13 18:00:00,1.1637,1.1655,1.1634,1.1635,1027.0,-0.02577762502148362
2025-11-13 22:00:00,1.1634,1.1638,1.1623,1.1629,471.0,-0.05156854318865145
2025-11-14 02:00:00,1.163,1.1644,1.1626,1.1637,1022.0,0.06879353340785155
2025-11-14 06:00:00,1.1638,1.1648,1.1631,1.1632,867.0,-0.042966400274979666
2025-11-14 10:00:00,1.1631,1.1636,1.1608,1.1619,1728.0,-0.11176066024759512
2025-11-14 14:00:00,1.1618,1.1653,1.1605,1.1612,2425.0,-0.06024614854978072
2025-11-14 18:00:00,1.1613,1.1622,1.1607,1.1617,918.0,0.04305890458147221
2025-11-14 22:00:00,1.1618,1.1623,1.1616,1.1621,262.0,0.03443229749504617
2025-11-16 22:00:00,1.1622,1.1624,1.1611,1.1614,230.0,-0.060235780053341514
2025-11-17 02:00:00,1.1613,1.1614,1.1595,1.1598,553.0,-0.13776476666093052
2025-11-17 06:00:00,1.1597,1.1614,1.1594,1.1613,423.0,0.12933264355923235
2025-11-17 10:00:00,1.1612,1.1614,1.1594,1.16,899.0,-0.11194351158185789
2025-11-17 14:00:00,1.1601,1.1604,1.1581,1.1596,1204.0,-0.034482758620690834
2025-11-17 18:00:00,1.1597,1.1601,1.1583,1.1583,707.0,-0.11210762331836932
2025-11-17 22:00:00,1.1582,1.1593,1.1582,1.1589,417.0,0.05180005180005498
2025-11-18 02:00:00,1.1588,1.1595,1.1584,1.1591,638.0,0.017257744412813025
2025-11-18 06:00:00,1.159,1.1602,1.1588,1.159,871.0,-0.00862738331464108
2025-11-18 10:00:00,1.1591,1.1605,1.1579,1.1583,1107.0,-0.06039689387402625
2025-11-18 14:00:00,1.1584,1.1607,1.1581,1.1581,1488.0,-0.017266683933370164
2025-11-18 18:00:00,1.158,1.1586,1.1571,1.1585,948.0,0.034539331663951955
2025-11-18 22:00:00,1.1584,1.1586,1.1577,1.1579,454.0,-0.051791109192933504
2025-11-19 02:00:00,1.158,1.1584,1.1572,1.1583,451.0,0.034545297521382246
2025-11-19 06:00:00,1.1582,1.1596,1.1576,1.1581,587.0,-0.017266683933370164
2025-11-19 10:00:00,1.1582,1.1588,1.1565,1.1586,1306.0,0.04317416457992884
2025-11-19 14:00:00,1.1587,1.159,1.1539,1.1546,1324.0,-0.3452442603141703
2025-11-19 18:00:00,1.1547,1.1547,1.1517,1.152,1124.0,-0.2251862116750547
2025-11-19 22:00:00,1.1519,1.1541,1.1519,1.1538,504.0,0.15624999999999112
2025-11-20 02:00:00,1.1537,1.1537,1.1509,1.1513,659.0,-0.21667533368000536
2025-11-20 06:00:00,1.1512,1.1522,1.1512,1.1518,625.0,0.04342916702857469
2025-11-20 10:00:00,1.1519,1.1529,1.1511,1.1513,1026.0,-0.04341031429067055
2025-11-20 14:00:00,1.1514,1.1549,1.1502,1.1527,2462.0,0.12160166768002689
2025-11-20 18:00:00,1.1528,1.154,1.1524,1.1537,1224.0,0.08675284115553517
2025-11-20 22:00:00,1.1538,1.1538,1.1523,1.1533,424.0,-0.03467105833405704
2025-11-21 02:00:00,1.1532,1.1538,1.1527,1.1535,586.0,0.017341541663062898
2025-11-21 06:00:00,1.1536,1.1547,1.1534,1.154,598.0,0.04334633723450665
2025-11-21 10:00:00,1.1541,1.1552,1.1504,1.1505,1418.0,-0.3032928942807489
2025-11-21 14:00:00,1.1504,1.1526,1.1496,1.1501,2105.0,-0.034767492394627286
2025-11-21 18:00:00,1.1502,1.1517,1.149,1.1512,1197.0,0.09564385705591594
2025-11-21 22:00:00,1.1513,1.152,1.1508,1.1515,254.0,0.026059763724806118
2025-11-23 22:00:00,1.1516,1.1516,1.1505,1.1506,200.0,-0.07815892314371187
2025-11-24 02:00:00,1.1507,1.1518,1.1501,1.1515,596.0,0.0782200590995874
2025-11-24 06:00:00,1.1516,1.1527,1.151,1.1511,812.0,-0.034737299174980585
2025-11-24 10:00:00,1.151,1.1546,1.1509,1.1544,1644.0,0.28668230388324556
2025-11-24 14:00:00,1.1545,1.155,1.1516,1.1528,1781.0,-0.1386001386001423
2025-11-24 18:00:00,1.1529,1.153,1.1511,1.1527,1012.0,-0.008674531575292299
2025-11-24 22:00:00,1.1526,1.1527,1.1518,1.1519,355.0,-0.0694022729244459
2025-11-25 02:00:00,1.152,1.1529,1.1516,1.1517,616.0,-0.017362618282834585
2025-11-25 06:00:00,1.1516,1.153,1.1511,1.1522,689.0,0.04341408352868115
2025-11-25 10:00:00,1.1521,1.154,1.152,1.1525,1217.0,0.0260371463287834
2025-11-25 14:00:00,1.1526,1.1583,1.1525,1.1561,2167.0,0.31236442516267005
2025-11-25 18:00:00,1.1562,1.1585,1.1549,1.1583,1440.0,0.19029495718365652
2025-11-25 22:00:00,1.1584,1.1584,1.1557,1.1564,468.0,-0.16403349736683337
2025-11-26 02:00:00,1.1565,1.1591,1.1562,1.159,1037.0,0.2248356969906551
2025-11-26 06:00:00,1.1591,1.1595,1.1574,1.1578,685.0,-0.10353753235549101
2025-11-26 10:00:00,1.1579,1.158,1.1565,1.1573,1204.0,-0.04318535152875169
2025-11-26 14:00:00,1.1572,1.1594,1.1546,1.1589,2540.0,0.13825282986261733
2025-11-26 18:00:00,1.1588,1.16,1.1584,1.1593,858.0,0.034515488825603846
2025-11-26 22:00:00,1.1592,1.1601,1.1591,1.1601,294.0,0.06900715949278435
2025-11-27 02:00:00,1.1603,1.1613,1.1599,1.1601,652.0,0.0
2025-11-27 06:00:00,1.1602,1.1605,1.1585,1.1591,557.0,-0.08619946556330804
2025-11-27 10:00:00,1.159,1.1595,1.1576,1.1585,908.0,-0.051764299887835374
2025-11-27 14:00:00,1.1586,1.1599,1.1581,1.1593,858.0,0.06905481225722987
2025-11-27 18:00:00,1.1594,1.1601,1.159,1.1594,323.0,0.008625894936598044
2025-11-27 22:00:00,1.1595,1.1601,1.1593,1.1599,141.0,0.04312575470071245
2025-11-28 02:00:00,1.16,1.1601,1.158,1.1586,1089.0,-0.1120786274678709
2025-11-28 06:00:00,1.1587,1.1593,1.1576,1.1579,2249.0,-0.060417745554997015
2025-11-28 10:00:00,1.1581,1.1581,1.1554,1.1567,2013.0,-0.10363589256411343
2025-11-28 14:00:00,1.1566,1.1607,1.1561,1.1607,1860.0,0.3458113599031698
2025-11-28 18:00:00,1.1606,1.1606,1.1592,1.1601,869.0,-0.05169294391317303
2025-11-28 22:00:00,1.1602,1.1603,1.1598,1.1598,398.0,-0.025859839668995743
2025-11-30 22:00:00,1.1594,1.1607,1.1592,1.16,326.0,0.017244352474565794
2025-12-01 02:00:00,1.1601,1.1615,1.1589,1.1596,960.0,-0.034482758620690834
2025-12-01 06:00:00,1.1597,1.1612,1.159,1.1606,732.0,0.08623663332183451
2025-12-01 10:00:00,1.1605,1.1631,1.1603,1.1627,1344.0,0.1809408926417344
2025-12-01 14:00:00,1.1626,1.1651,1.1622,1.1628,1809.0,0.008600670852332293
2025-12-01 18:00:00,1.1629,1.1633,1.1606,1.1608,826.0,-0.17199862401100496
2025-12-01 22:00:00,1.1609,1.161,1.1606,1.1606,223.0,-0.017229496898685248
2025-12-02 02:00:00,1.1607,1.1612,1.1603,1.1611,343.0,0.04308116491469338
2025-12-02 06:00:00,1.1612,1.1615,1.1604,1.1612,445.0,0.008612522607864825
2025-12-02 10:00:00,1.1613,1.1615,1.1597,1.1611,904.0,-0.008611780916290002
2025-12-02 14:00:00,1.161,1.1622,1.1592,1.1605,1330.0,-0.05167513564722226
2025-12-02 18:00:00,1.1606,1.1624,1.159,1.162,1110.0,0.12925463162427597
2025-12-02 22:00:00,1.1621,1.1628,1.1619,1.1627,366.0,0.0602409638554402
2025-12-03 02:00:00,1.1628,1.1638,1.1627,1.1637,448.0,0.08600670852325631
2025-12-03 06:00:00,1.1636,1.1652,1.1635,1.164,577.0,0.02577984016498558
2025-12-03 10:00:00,1.1641,1.1665,1.1635,1.1665,1122.0,0.21477663230242694
2025-12-03 14:00:00,1.1664,1.1674,1.1654,1.1659,1755.0,-0.05143591941707548
2025-12-03 18:00:00,1.1658,1.1677,1.1657,1.1671,907.0,0.10292477914057852
2025-12-03 22:00:00,1.1672,1.1674,1.1663,1.1665,308.0,-0.05140947648015759
2025-12-04 02:00:00,1.1666,1.1666,1.1652,1.1655,570.0,-0.08572653236177397
2025-12-04 06:00:00,1.1656,1.1665,1.1652,1.1664,505.0,0.07722007722008595
2025-12-04 10:00:00,1.1665,1.1681,1.1663,1.1679,1241.0,0.128600823045244
2025-12-04 14:00:00,1.168,1.168,1.1651,1.1673,1764.0,-0.05137426149498525
2025-12-04 18:00:00,1.1672,1.1673,1.1649,1.1651,963.0,-0.18846911676517752
2025-12-04 22:00:00,1.165,1.1651,1.164,1.1642,390.0,-0.07724658827569231
2025-12-05 02:00:00,1.1643,1.1653,1.1643,1.1648,408.0,0.05153753650577464
2025-12-05 06:00:00,1.1649,1.1671,1.1649,1.1662,671.0,0.12019230769229061
2025-12-05 10:00:00,1.1663,1.1663,1.1641,1.1645,1102.0,-0.1457725947521693
2025-12-05 14:00:00,1.1646,1.1659,1.1643,1.1647,1672.0,0.017174753112914054
2025-12-05 18:00:00,1.1646,1.1648,1.1627,1.1642,1086.0,-0.042929509745015526
2025-12-05 22:00:00,1.1641,1.1646,1.1639,1.1641,201.0,-0.008589589417629107
2025-12-07 22:00:00,1.1638,1.1645,1.1637,1.164,214.0,-0.008590327291468913
2025-12-08 02:00:00,1.1639,1.1655,1.1639,1.1649,482.0,0.0773195876288657
2025-12-08 06:00:00,1.165,1.1671,1.1649,1.1657,624.0,0.06867542278305994
2025-12-08 10:00:00,1.1658,1.1661,1.1646,1.1649,976.0,-0.06862829201337295
2025-12-08 14:00:00,1.165,1.1656,1.1616,1.1624,1400.0,-0.21461069619709283
2025-12-08 18:00:00,1.1625,1.1641,1.1616,1.1638,906.0,0.1204404679972404
2025-12-08 22:00:00,1.1639,1.1641,1.1634,1.164,354.0,0.017185083347648344
2025-12-09 02:00:00,1.1639,1.1648,1.1635,1.1645,329.0,0.04295532646050315
2025-12-09 06:00:00,1.1646,1.1649,1.1637,1.1639,494.0,-0.05152425933878657
2025-12-09 10:00:00,1.164,1.1656,1.1633,1.1643,1052.0,0.03436721367815476
2025-12-09 14:00:00,1.1642,1.1643,1.1614,1.1628,1663.0,-0.1288327750579632
2025-12-09 18:00:00,1.1629,1.164,1.1616,1.1628,832.0,0.0
2025-12-09 22:00:00,1.1627,1.1631,1.1623,1.1627,360.0,-0.008599931200548028
2025-12-10 02:00:00,1.1628,1.1628,1.1621,1.1626,511.0,-0.00860067085232119
2025-12-10 06:00:00,1.1625,1.1648,1.1624,1.1647,559.0,0.18062962325822163
2025-12-10 10:00:00,1.1646,1.1657,1.1627,1.1634,1138.0,-0.11161672533700484
2025-12-10 14:00:00,1.1635,1.165,1.1627,1.1641,1511.0,0.060168471720811745
2025-12-10 18:00:00,1.1642,1.168,1.1636,1.1677,2452.0,0.3092517824929253
2025-12-10 22:00:00,1.1676,1.1702,1.1673,1.1701,1237.0,0.20553224287058747
2025-12-11 02:00:00,1.17,1.1706,1.1689,1.169,759.0,-0.09400905905476709
2025-12-11 06:00:00,1.1691,1.17,1.1681,1.1693,763.0,0.02566295979469224
2025-12-11 10:00:00,1.1694,1.1717,1.1686,1.1712,1080.0,0.16249037885913697
2025-12-11 14:00:00,1.1711,1.1756,1.1709,1.1756,1617.0,0.37568306010928865
2025-12-11 18:00:00,1.1755,1.1762,1.174,1.174,1039.0,-0.13610071452875294
2025-12-11 22:00:00,1.1739,1.1745,1.1736,1.174,433.0,0.0
2025-12-12 02:00:00,1.1741,1.1745,1.173,1.1733,552.0,-0.059625212947178596
2025-12-12 06:00:00,1.1734,1.1742,1.173,1.1737,520.0,0.03409187761016508
2025-12-12 10:00:00,1.1738,1.1741,1.1721,1.1726,883.0,-0.09372071227740086
2025-12-12 14:00:00,1.1725,1.1744,1.1719,1.1737,1348.0,0.09380863039398779
2025-12-12 18:00:00,1.1738,1.1749,1.1725,1.174,965.0,0.02556019425747902
2025-12-14 22:00:00,1.1735,1.174,1.1735,1.1736,180.0,-0.03407155025553221
2025-12-15 02:00:00,1.1735,1.1744,1.1728,1.1733,595.0,-0.02556237218813706
2025-12-15 06:00:00,1.1732,1.1737,1.1727,1.1728,572.0,-0.042614847012689694
2025-12-15 10:00:00,1.1727,1.1749,1.1725,1.1748,975.0,0.17053206002728416
2025-12-15 14:00:00,1.1749,1.1768,1.1743,1.1762,1343.0,0.11916922029280297
2025-12-15 18:00:00,1.1761,1.1764,1.1737,1.1747,1033.0,-0.12752933174629
2025-12-15 22:00:00,1.1748,1.1755,1.1747,1.1753,469.0,0.05107687069039191
2025-12-16 02:00:00,1.1754,1.1758,1.1746,1.1751,565.0,-0.01701693184719133
2025-12-16 06:00:00,1.1752,1.1753,1.1744,1.1752,537.0,0.008509914049859013
2025-12-16 10:00:00,1.1753,1.1763,1.1746,1.1763,999.0,0.0936010891763095
2025-12-16 14:00:00,1.1762,1.1803,1.1756,1.1769,2421.0,0.05100739607244442
2025-12-16 18:00:00,1.1768,1.1777,1.1734,1.1757,1107.0,-0.10196278358399757
2025-12-16 22:00:00,1.1758,1.1762,1.1745,1.1748,529.0,-0.07655014034191332
2025-12-17 02:00:00,1.1749,1.1751,1.1736,1.1738,608.0,-0.08512087163773385
2025-12-17 06:00:00,1.1739,1.1739,1.1702,1.1713,945.0,-0.2129834724825308
2025-12-17 10:00:00,1.1714,1.1727,1.1705,1.1708,1111.0,-0.04268761205498128
2025-12-17 14:00:00,1.1709,1.1757,1.1709,1.1752,1573.0,0.3758114110010258
2025-12-17 18:00:00,1.1753,1.1755,1.1741,1.1744,842.0,-0.0680735194009463
2025-12-17 22:00:00,1.1745,1.1745,1.1738,1.1741,285.0,-0.025544959128076528
2025-12-18 02:00:00,1.174,1.1745,1.1734,1.1738,530.0,-0.02555148624477921
2025-12-18 06:00:00,1.1739,1.1749,1.1733,1.1733,573.0,-0.0425966944964995
2025-12-18 10:00:00,1.1734,1.1736,1.1716,1.172,988.0,-0.11079860223301985
2025-12-18 14:00:00,1.1719,1.1762,1.1712,1.1726,2892.0,0.05119453924915529
2025-12-18 18:00:00,1.1725,1.1745,1.1714,1.1724,1172.0,-0.01705611461708667
2025-12-18 22:00:00,1.1725,1.1727,1.1719,1.1724,480.0,0.0
2025-12-19 02:00:00,1.1725,1.1728,1.1717,1.172,484.0,-0.03411804844763999
2025-12-19 06:00:00,1.1721,1.1721,1.1703,1.1707,637.0,-0.11092150170647352
2025-12-19 10:00:00,1.1706,1.1717,1.1705,1.171,910.0,0.02562569402921877
2025-12-19 14:00:00,1.1709,1.1737,1.1702,1.1709,1581.0,-0.008539709649868499
2025-12-19 18:00:00,1.1708,1.1726,1.1707,1.1723,920.0,0.11956614569987867
2025-12-19 22:00:00,1.1722,1.1725,1.1705,1.1706,305.0,-0.14501407489548868
2025-12-21 22:00:00,1.1718,1.1719,1.1705,1.1709,356.0,0.025627883136847274
2025-12-22 02:00:00,1.171,1.1718,1.1709,1.1717,625.0,0.06832351182850527
2025-12-22 06:00:00,1.1716,1.173,1.1712,1.1728,417.0,0.09388068618247924
2025-12-22 10:00:00,1.1729,1.1737,1.1722,1.1732,757.0,0.03410641200545239
2025-12-22 14:00:00,1.1733,1.1768,1.1732,1.1763,1103.0,0.26423457211046664
2025-12-22 18:00:00,1.1762,1.1764,1.1747,1.1754,756.0,-0.07651109410863333
2025-12-22 22:00:00,1.1755,1.1765,1.1751,1.1763,550.0,0.07656967840734552
2025-12-23 02:00:00,1.1764,1.178,1.1762,1.1776,494.0,0.11051602482361478
2025-12-23 06:00:00,1.1777,1.178,1.1768,1.1778,756.0,0.016983695652172948
2025-12-23 10:00:00,1.1777,1.1799,1.1774,1.1795,966.0,0.14433689930379856
2025-12-23 14:00:00,1.1794,1.1801,1.1763,1.1773,1595.0,-0.18651971174226123
2025-12-23 18:00:00,1.1774,1.179,1.1768,1.1789,753.0,0.13590418754778621
2025-12-23 22:00:00,1.1788,1.1796,1.1786,1.1794,332.0,0.04241241835609699
2025-12-24 02:00:00,1.1795,1.1807,1.1786,1.1787,600.0,-0.059352212989649544
2025-12-24 06:00:00,1.1786,1.1803,1.1785,1.1788,727.0,0.008483922965973889
2025-12-24 10:00:00,1.1789,1.18,1.1779,1.1792,904.0,0.0339328130301908
2025-12-24 14:00:00,1.1791,1.1792,1.1774,1.1777,1089.0,-0.1272048846675755
2025-12-24 18:00:00,1.1776,1.1782,1.1772,1.1775,360.0,-0.01698225354503924
2025-12-26 06:00:00,1.1785,1.1787,1.1769,1.1772,483.0,-0.02547770700637164
2025-12-26 10:00:00,1.1773,1.1781,1.1766,1.1776,742.0,0.03397893306149591
2025-12-26 14:00:00,1.1777,1.1796,1.1771,1.1777,976.0,0.008491847826075372
2025-12-26 18:00:00,1.1776,1.1779,1.1761,1.1776,888.0,-0.00849112677252517
2025-12-26 22:00:00,1.1777,1.1781,1.1765,1.1769,310.0,-0.05944293478260532
2025-12-28 22:00:00,1.1771,1.1777,1.1769,1.1772,236.0,0.025490695895991067
2025-12-29 02:00:00,1.1773,1.1785,1.177,1.1773,649.0,0.00849473326538508
2025-12-29 06:00:00,1.1772,1.1778,1.1753,1.1776,693.0,0.02548203516521408
2025-12-29 10:00:00,1.1777,1.1788,1.1757,1.1765,1208.0,-0.09341032608695121
2025-12-29 14:00:00,1.1764,1.1788,1.1755,1.1767,1631.0,0.016999575010623325
2025-12-29 18:00:00,1.1766,1.1767,1.1749,1.1766,1054.0,-0.008498342823148874
2025-12-29 22:00:00,1.1767,1.1774,1.1763,1.1772,429.0,0.05099439061702071
2025-12-30 02:00:00,1.1771,1.1776,1.1769,1.1772,442.0,0.0
2025-12-30 06:00:00,1.1771,1.1779,1.1765,1.177,492.0,-0.016989466530747954
2025-12-30 10:00:00,1.1771,1.1777,1.1763,1.1766,879.0,-0.03398470688189548
2025-12-30 14:00:00,1.1765,1.1767,1.1744,1.1759,1338.0,-0.059493455719883404
2025-12-30 18:00:00,1.1758,1.1766,1.1744,1.1746,825.0,-0.11055361850496048
2025-12-30 22:00:00,1.1747,1.1749,1.1742,1.1745,291.0,-0.008513536523069298
2025-12-31 02:00:00,1.1744,1.1748,1.1738,1.1742,459.0,-0.025542784163490317
2025-12-31 06:00:00,1.1741,1.1742,1.1732,1.1738,178.0,-0.03406574689149844
2026-01-02 06:00:00,1.175,1.1751,1.1731,1.1733,386.0,-0.0425966944964995
2026-01-02 10:00:00,1.1734,1.1737,1.1712,1.1721,1138.0,-0.10227563283048413
2026-01-02 14:00:00,1.172,1.1751,1.1715,1.175,1097.0,0.24741916218753435
2026-01-02 18:00:00,1.1751,1.1753,1.1713,1.1722,785.0,-0.23829787234043165
2026-01-02 22:00:00,1.1723,1.1723,1.1714,1.1719,240.0,-0.025592902235105353
2026-01-04 22:00:00,1.1722,1.1722,1.1699,1.1704,306.0,-0.12799726939157763
2026-01-05 02:00:00,1.1705,1.171,1.1671,1.1674,997.0,-0.25632262474368783
2026-01-05 06:00:00,1.1673,1.1691,1.1672,1.1685,766.0,0.09422648620867058
2026-01-05 10:00:00,1.1686,1.1694,1.1673,1.1681,1146.0,-0.034231921266592025
2026-01-05 14:00:00,1.168,1.1704,1.1658,1.1704,1696.0,0.1969009502611252
2026-01-05 18:00:00,1.1703,1.1728,1.1703,1.1726,1188.0,0.1879699248120259
2026-01-05 22:00:00,1.1725,1.1728,1.1712,1.1714,271.0,-0.10233668770255333
2026-01-06 02:00:00,1.1715,1.1737,1.171,1.1734,606.0,0.17073587160663095
2026-01-06 06:00:00,1.1733,1.1742,1.1725,1.1728,785.0,-0.05113345832622462
2026-01-06 10:00:00,1.1727,1.1738,1.1704,1.1705,1152.0,-0.196111869031379
2026-01-06 14:00:00,1.1706,1.1717,1.1683,1.1694,1597.0,-0.09397693293464737
2026-01-06 18:00:00,1.1695,1.1701,1.1683,1.1689,987.0,-0.04275696938600415
2026-01-06 22:00:00,1.169,1.1692,1.1684,1.1686,271.0,-0.025665155274190443
2026-01-07 02:00:00,1.1687,1.1702,1.1684,1.1698,655.0,0.10268697586854891
2026-01-07 06:00:00,1.1699,1.1701,1.1678,1.1681,556.0,-0.14532398700632942
2026-01-07 10:00:00,1.1682,1.1693,1.1672,1.1688,801.0,0.05992637616643037
2026-01-07 14:00:00,1.1689,1.1698,1.1679,1.1689,1606.0,0.008555783709796039
2026-01-07 18:00:00,1.169,1.1694,1.1678,1.1682,831.0,-0.05988536230645547
2026-01-07 22:00:00,1.1681,1.1683,1.1673,1.1676,262.0,-0.05136106831021836
2026-01-08 02:00:00,1.1677,1.1682,1.1672,1.1679,427.0,0.025693730729692277
2026-01-08 06:00:00,1.1678,1.1682,1.1674,1.1677,620.0,-0.01712475383166545
2026-01-08 10:00:00,1.1678,1.1681,1.1668,1.1676,801.0,-0.008563843452935593
2026-01-08 14:00:00,1.1677,1.1677,1.1655,1.1665,1274.0,-0.09421034600889389
2026-01-08 18:00:00,1.1666,1.1667,1.1642,1.1649,794.0,-0.13716245177882724
2026-01-08 22:00:00,1.165,1.1662,1.1649,1.1657,318.0,0.06867542278305994
2026-01-09 02:00:00,1.1656,1.1658,1.1645,1.1655,396.0,-0.01715707300334879
2026-01-09 06:00:00,1.1656,1.1656,1.1639,1.165,435.0,-0.04290004290004035
2026-01-09 10:00:00,1.1649,1.1652,1.1636,1.1645,581.0,-0.0429184549356143
2026-01-09 14:00:00,1.1644,1.166,1.1617,1.164,2641.0,-0.042936882782329544
2026-01-09 18:00:00,1.1641,1.1643,1.1627,1.1634,998.0,-0.051546391752577136
2026-01-09 22:00:00,1.1633,1.1637,1.1629,1.163,104.0,-0.034381983840459096
2026-01-11 22:00:00,1.1631,1.1633,1.1622,1.1623,175.0,-0.060189165950119694
2026-01-12 02:00:00,1.1624,1.167,1.1621,1.1654,993.0,0.2667125526972347
2026-01-12 06:00:00,1.1653,1.1687,1.1652,1.1684,703.0,0.25742234425949473
2026-01-12 10:00:00,1.1682,1.1695,1.1675,1.1677,988.0,-0.059910989387212954
2026-01-12 14:00:00,1.1678,1.1698,1.1672,1.168,1435.0,0.025691530358828985
2026-01-12 18:00:00,1.1681,1.1681,1.1664,1.1671,891.0,-0.07705479452053687
2026-01-12 22:00:00,1.167,1.1672,1.1662,1.1667,311.0,-0.03427298432010506
2026-01-13 02:00:00,1.1666,1.1667,1.1655,1.1658,410.0,-0.07714065312420804
2026-01-13 06:00:00,1.1659,1.1667,1.1653,1.1663,527.0,0.042889003259549696
2026-01-13 10:00:00,1.1662,1.1673,1.1658,1.1668,726.0,0.04287061647947343
2026-01-13 14:00:00,1.1667,1.1677,1.1643,1.1651,1984.0,-0.14569763455605234
2026-01-13 18:00:00,1.1652,1.1654,1.1633,1.1648,954.0,-0.0257488627585567
2026-01-13 22:00:00,1.1649,1.1649,1.1641,1.1641,331.0,-0.06009615384616751
2026-01-14 02:00:00,1.1642,1.1648,1.1635,1.1646,405.0,0.04295163645735567
2026-01-14 06:00:00,1.1647,1.1651,1.1641,1.1645,341.0,-0.008586639189422929
2026-01-14 10:00:00,1.1644,1.1657,1.164,1.1646,784.0,0.00858737655646813
2026-01-14 14:00:00,1.1647,1.166,1.1644,1.1659,1473.0,0.11162630946246477
2026-01-14 18:00:00,1.166,1.1661,1.1635,1.1636,694.0,-0.19727249335277364
2026-01-14 22:00:00,1.1637,1.1646,1.1636,1.1644,373.0,0.06875214850465827
2026-01-15 02:00:00,1.1643,1.1645,1.1632,1.1638,530.0,-0.05152868430093882
2026-01-15 06:00:00,1.1637,1.1638,1.1625,1.1627,495.0,-0.0945179584120881
2026-01-15 10:00:00,1.1628,1.164,1.1626,1.163,919.0,0.025802012556974674
2026-01-15 14:00:00,1.1631,1.1634,1.1592,1.1601,1555.0,-0.24935511607911964
2026-01-15 18:00:00,1.1602,1.1617,1.1597,1.1613,736.0,0.10343935867598297
2026-01-15 22:00:00,1.1612,1.1615,1.1602,1.1608,258.0,-0.04305519676224279
2026-01-16 02:00:00,1.1609,1.1613,1.1602,1.1611,401.0,0.025844245348038974
2026-01-16 06:00:00,1.1612,1.1614,1.1603,1.1611,350.0,0.0
2026-01-16 10:00:00,1.1612,1.1623,1.1607,1.1618,748.0,0.06028765825509819
2026-01-16 14:00:00,1.1619,1.1626,1.1584,1.1593,1530.0,-0.21518333620244023
2026-01-16 18:00:00,1.1594,1.1605,1.1588,1.1596,954.0,0.025877684809794133
2026-01-16 22:00:00,1.1595,1.1601,1.1595,1.1598,184.0,0.017247326664371343
2026-01-18 22:00:00,1.1579,1.1626,1.1577,1.1624,633.0,0.22417658216935532
2026-01-19 02:00:00,1.1623,1.1637,1.1604,1.1624,1370.0,0.0
2026-01-19 06:00:00,1.1625,1.164,1.1622,1.1627,691.0,0.025808671713689613
2026-01-19 10:00:00,1.1626,1.1629,1.161,1.1627,1062.0,0.0
2026-01-19 14:00:00,1.1626,1.1643,1.1624,1.1639,943.0,0.1032080502278987
2026-01-19 18:00:00,1.1638,1.1648,1.1637,1.1642,357.0,0.02577541025861052
2026-01-19 22:00:00,1.1643,1.1646,1.1637,1.1639,147.0,-0.025768768252876217
2026-01-20 02:00:00,1.1638,1.1658,1.1632,1.1656,513.0,0.14606065813214109
2026-01-20 06:00:00,1.1655,1.1693,1.1655,1.1688,956.0,0.2745367192862114
2026-01-20 10:00:00,1.1689,1.1738,1.1687,1.1734,2037.0,0.3935660506502403
2026-01-20 14:00:00,1.1733,1.1768,1.1714,1.1726,2699.0,-0.06817794443496616
2026-01-20 18:00:00,1.1727,1.1742,1.1711,1.1711,1310.0,-0.12792085962818334
2026-01-20 22:00:00,1.1712,1.1728,1.171,1.1725,484.0,0.11954572624028881
2026-01-21 02:00:00,1.1724,1.1733,1.171,1.1718,685.0,-0.05970149253732293
2026-01-21 06:00:00,1.1717,1.1724,1.1709,1.1716,752.0,-0.017067759003241978
2026-01-21 10:00:00,1.1717,1.1719,1.17,1.1713,1011.0,-0.025606008876744024
2026-01-21 14:00:00,1.1714,1.1742,1.17,1.1701,2064.0,-0.10245026893196396
2026-01-21 18:00:00,1.1702,1.1711,1.1676,1.169,1763.0,-0.09400905905476709
2026-01-21 22:00:00,1.1691,1.1691,1.1669,1.1672,569.0,-0.15397775876817565
2026-01-22 02:00:00,1.1673,1.1693,1.1672,1.1688,566.0,0.1370801919122755
2026-01-22 06:00:00,1.1689,1.1696,1.1683,1.1689,635.0,0.008555783709796039
2026-01-22 10:00:00,1.169,1.1703,1.1683,1.1701,1285.0,0.10266062109673957
2026-01-22 14:00:00,1.1702,1.1733,1.1699,1.1733,1653.0,0.27348089906846784
2026-01-22 18:00:00,1.1734,1.175,1.1727,1.1743,1078.0,0.08522969402537939
2026-01-22 22:00:00,1.1742,1.1758,1.1741,1.1753,328.0,0.08515711487695476
2026-01-23 02:00:00,1.1752,1.1753,1.1743,1.1743,521.0,-0.08508465923594555
2026-01-23 06:00:00,1.1742,1.1753,1.1734,1.1736,827.0,-0.05960998041385501
2026-01-23 10:00:00,1.1735,1.1744,1.1727,1.1737,1242.0,0.008520790729371619
2026-01-23 14:00:00,1.1736,1.176,1.1731,1.1757,1116.0,0.17040129504983792
2026-01-23 18:00:00,1.1756,1.1814,1.1746,1.181,2106.0,0.45079527090243765
2026-01-23 22:00:00,1.1811,1.1833,1.1809,1.1829,647.0,0.160880609652847
2026-01-25 22:00:00,1.1862,1.1897,1.185,1.1859,1060.0,0.2536139994927522
2026-01-26 02:00:00,1.1858,1.1875,1.1844,1.1861,1647.0,0.016864828400375842
2026-01-26 06:00:00,1.186,1.1869,1.1836,1.1839,1212.0,-0.1854818312115314
2026-01-26 10:00:00,1.1838,1.1866,1.1837,1.1854,1601.0,0.12669989019342687
2026-01-26 14:00:00,1.1853,1.1896,1.1834,1.1894,1654.0,0.3374388392104022
2026-01-26 18:00:00,1.1895,1.1906,1.187,1.1878,1789.0,-0.13452160753321118
2026-01-26 22:00:00,1.1879,1.1885,1.1871,1.1873,541.0,-0.042094628725375394
2026-01-27 02:00:00,1.1872,1.1898,1.1872,1.1879,917.0,0.05053482691821376
2026-01-27 06:00:00,1.188,1.1882,1.186,1.1863,801.0,-0.13469147234616008
2026-01-27 10:00:00,1.1864,1.1896,1.1849,1.1894,1493.0,0.26131669898004084
2026-01-27 14:00:00,1.1895,1.1972,1.1893,1.195,3214.0,0.4708256263662447
2026-01-27 18:00:00,1.1949,1.1989,1.1949,1.1976,1989.0,0.21757322175732785
2026-01-27 22:00:00,1.1975,1.2081,1.1971,1.2022,2635.0,0.384101536406134
2026-01-28 02:00:00,1.2021,1.2023,1.1986,1.1997,1521.0,-0.20795208783895847
2026-01-28 06:00:00,1.1996,1.2025,1.1974,1.199,1594.0,-0.0583479203134063
2026-01-28 10:00:00,1.1991,1.2004,1.1961,1.1967,2424.0,-0.19182652210174567
2026-01-28 14:00:00,1.1968,1.1982,1.1922,1.1943,3420.0,-0.2005515166708549
2026-01-28 18:00:00,1.1942,1.1952,1.1895,1.194,3035.0,-0.025119316754584897
2026-01-28 22:00:00,1.1939,1.198,1.1929,1.198,1107.0,0.3350083752093891
2026-01-29 02:00:00,1.1978,1.1986,1.1952,1.1986,1416.0,0.05008347245409883
2026-01-29 06:00:00,1.1985,1.1996,1.1966,1.1973,1253.0,-0.10845986984816536
2026-01-29 10:00:00,1.1974,1.1985,1.1937,1.1946,1854.0,-0.2255073916311634
2026-01-29 14:00:00,1.1947,1.1972,1.1905,1.1928,3919.0,-0.15067805123053502
2026-01-29 18:00:00,1.1929,1.1964,1.1926,1.1951,2779.0,0.1928236083165613
2026-01-29 22:00:00,1.195,1.1974,1.1945,1.1967,726.0,0.1338800100409987
2026-01-30 02:00:00,1.1966,1.1972,1.1894,1.1919,2955.0,-0.4011030333416987
2026-01-30 06:00:00,1.1918,1.1942,1.1913,1.1937,1903.0,0.15101938082053845
2026-01-30 10:00:00,1.1938,1.195,1.1897,1.1948,2409.0,0.0921504565636333
2026-01-30 14:00:00,1.1947,1.1954,1.1882,1.1894,3652.0,-0.45195848677603845
2026-01-30 18:00:00,1.1895,1.1897,1.1854,1.1868,3028.0,-0.21859761224145569
2026-01-30 22:00:00,1.1867,1.1868,1.1849,1.185,646.0,-0.15166835187058192
2026-02-01 22:00:00,1.185,1.1856,1.1839,1.1846,791.0,-0.033755274261604296
2026-02-02 02:00:00,1.1847,1.1874,1.1847,1.1863,2178.0,0.14350835725138733
2026-02-02 06:00:00,1.1864,1.1872,1.184,1.1854,1867.0,-0.0758661384135495
2026-02-02 10:00:00,1.1853,1.187,1.1843,1.1863,1988.0,0.0759237388223255
2026-02-02 14:00:00,1.1864,1.1869,1.1789,1.1791,2945.0,-0.6069291073084293
2026-02-02 18:00:00,1.1792,1.1812,1.1775,1.1788,1911.0,-0.025443134594183014
2026-02-02 22:00:00,1.1787,1.1798,1.1779,1.1798,630.0,0.0848320325754992
2026-02-03 02:00:00,1.1797,1.1814,1.1797,1.1808,792.0,0.08476012883540385
2026-02-03 06:00:00,1.1809,1.1824,1.1804,1.1814,979.0,0.050813008130079496
2026-02-03 10:00:00,1.1815,1.1819,1.1782,1.1786,1687.0,-0.23700694091755015
2026-02-03 14:00:00,1.1787,1.1813,1.1779,1.1812,2008.0,0.22060071270999515
2026-02-03 18:00:00,1.1813,1.1828,1.1805,1.1813,1849.0,0.008465966813409054
2026-02-03 22:00:00,1.1812,1.1824,1.1809,1.1815,613.0,0.016930500296274964
2026-02-04 02:00:00,1.1814,1.1831,1.1808,1.1826,880.0,0.09310198899703526
2026-02-04 06:00:00,1.1825,1.1835,1.1823,1.183,702.0,0.033823778116004455
2026-02-04 10:00:00,1.1829,1.1837,1.1804,1.1809,1558.0,-0.17751479289940253
2026-02-04 14:00:00,1.181,1.1826,1.1792,1.1795,2539.0,-0.11855364552461056
2026-02-04 18:00:00,1.1796,1.1814,1.179,1.1808,1835.0,0.1102161933022483
2026-02-04 22:00:00,1.1809,1.1809,1.18,1.1801,414.0,-0.05928184281843718
2026-02-05 02:00:00,1.1802,1.1807,1.1782,1.1788,974.0,-0.11016015591898132
2026-02-05 06:00:00,1.1787,1.1803,1.1783,1.1797,751.0,0.0763488293179515
2026-02-05 10:00:00,1.1798,1.1808,1.1779,1.1791,1200.0,-0.05086038823428618
2026-02-05 14:00:00,1.179,1.1821,1.1781,1.179,3507.0,-0.008481044864727671
2026-02-05 18:00:00,1.1791,1.1803,1.1784,1.1793,1310.0,0.02544529262085149
2026-02-05 22:00:00,1.1792,1.1794,1.1774,1.1776,620.0,-0.14415331128635467
2026-02-06 02:00:00,1.1775,1.1791,1.1765,1.1787,873.0,0.09341032608696231
2026-02-06 06:00:00,1.1788,1.1801,1.1786,1.179,649.0,0.02545176889794387
2026-02-06 10:00:00,1.1791,1.1799,1.1785,1.1789,1002.0,-0.008481764206957898
2026-02-06 14:00:00,1.179,1.1825,1.1787,1.1818,1429.0,0.2459920264653359
2026-02-06 18:00:00,1.1819,1.1822,1.1809,1.1818,826.0,0.0
2026-02-06 22:00:00,1.1819,1.1823,1.1812,1.1813,232.0,-0.04230834320527732
2026-02-08 22:00:00,1.1814,1.1827,1.1809,1.1826,374.0,0.11004825192584278
2026-02-09 02:00:00,1.1825,1.1833,1.1815,1.1818,935.0,-0.06764755623204222
2026-02-09 06:00:00,1.1819,1.1859,1.1819,1.1855,987.0,0.3130817397190677
2026-02-09 10:00:00,1.1854,1.1871,1.1851,1.1868,1273.0,0.10965837199494732
2026-02-09 14:00:00,1.1869,1.1926,1.1869,1.1911,2111.0,0.36231884057971175
2026-02-09 18:00:00,1.1912,1.1921,1.1892,1.1919,1070.0,0.06716480564183946
2026-02-09 22:00:00,1.192,1.192,1.1901,1.1903,483.0,-0.1342394496182564
2026-02-10 02:00:00,1.1904,1.1916,1.1896,1.1911,629.0,0.06720994707218875
2026-02-10 06:00:00,1.1912,1.1912,1.1899,1.1907,665.0,-0.03358240282091973
2026-02-10 10:00:00,1.1906,1.1919,1.1899,1.1904,990.0,-0.025195263290522796
2026-02-10 14:00:00,1.1903,1.1928,1.1888,1.1913,2373.0,0.07560483870969747
2026-02-10 18:00:00,1.1914,1.1914,1.1886,1.1901,1055.0,-0.10073029463611993
2026-02-10 22:00:00,1.19,1.1902,1.1886,1.1887,435.0,-0.11763717334676294
2026-02-11 02:00:00,1.1886,1.1913,1.1885,1.191,731.0,0.19348868511819273
2026-02-11 06:00:00,1.1911,1.1925,1.1906,1.1917,705.0,0.05877413937867004
2026-02-11 10:00:00,1.1916,1.1926,1.1904,1.1907,972.0,-0.08391373667868685
2026-02-11 14:00:00,1.1908,1.1908,1.1832,1.1858,3925.0,-0.4115226337448652
2026-02-11 18:00:00,1.1857,1.1893,1.1852,1.1879,1402.0,0.17709563164107767
2026-02-11 22:00:00,1.188,1.188,1.1868,1.1874,456.0,-0.042091085108164616
2026-02-12 02:00:00,1.1875,1.1884,1.1865,1.1869,838.0,-0.0421088091628774
2026-02-12 06:00:00,1.1868,1.1874,1.1852,1.1873,1035.0,0.033701238520511545
2026-02-12 10:00:00,1.1874,1.1887,1.187,1.1884,1005.0,0.09264718268338079
2026-02-12 14:00:00,1.1883,1.1888,1.1866,1.1885,1857.0,0.00841467519354655
2026-02-12 18:00:00,1.1886,1.1889,1.1855,1.1869,2192.0,-0.13462347496843163
2026-02-12 22:00:00,1.1868,1.1872,1.1863,1.1868,415.0,-0.008425309630133437
2026-02-13 02:00:00,1.1869,1.1873,1.1862,1.1866,590.0,-0.01685203909672639
2026-02-13 06:00:00,1.1867,1.1867,1.1846,1.1858,784.0,-0.0674195179504622
2026-02-13 10:00:00,1.1859,1.1866,1.1852,1.1858,955.0,0.0
2026-02-13 14:00:00,1.1857,1.1884,1.1847,1.1847,2534.0,-0.09276437847864916
2026-02-13 18:00:00,1.1848,1.1882,1.1848,1.1866,1141.0,0.16037815480711703
2026-02-15 22:00:00,1.1871,1.1872,1.1862,1.1866,162.0,0.0
2026-02-16 02:00:00,1.1865,1.1868,1.1858,1.1866,614.0,0.0
2026-02-16 06:00:00,1.1867,1.1869,1.186,1.1862,304.0,-0.0337097589752422
2026-02-16 10:00:00,1.1861,1.187,1.1857,1.186,756.0,-0.016860563142806484
2026-02-16 14:00:00,1.1861,1.1863,1.1848,1.1853,648.0,-0.05902192242832616
2026-02-16 18:00:00,1.1854,1.1856,1.1845,1.1853,260.0,0.0
2026-02-16 22:00:00,1.1854,1.1854,1.1846,1.185,167.0,-0.025310048089088877
2026-02-17 02:00:00,1.1849,1.1851,1.1837,1.1841,557.0,-0.07594936708861244
2026-02-17 06:00:00,1.184,1.1845,1.1828,1.1832,743.0,-0.07600709399543382
2026-02-17 10:00:00,1.1833,1.1849,1.1823,1.183,793.0,-0.01690331304935455
2026-02-17 14:00:00,1.1829,1.1835,1.1804,1.181,1682.0,-0.16906170752324368
2026-02-17 18:00:00,1.1811,1.1852,1.181,1.1847,1087.0,0.3132938187976331
2026-02-17 22:00:00,1.1846,1.1856,1.1846,1.185,303.0,0.025322866548482814
2026-02-18 02:00:00,1.1851,1.1853,1.184,1.184,438.0,-0.08438818565401629
2026-02-18 06:00:00,1.1841,1.1845,1.1832,1.1834,375.0,-0.050675675675670995
2026-02-18 10:00:00,1.1835,1.184,1.1828,1.1834,712.0,0.0
2026-02-18 14:00:00,1.1835,1.1848,1.1811,1.1822,1292.0,-0.10140273787393461
2026-02-18 18:00:00,1.1821,1.1825,1.1783,1.1786,1104.0,-0.30451700219927824
2026-02-18 22:00:00,1.1787,1.1789,1.1781,1.1788,329.0,0.016969285593071426
2026-02-19 02:00:00,1.1787,1.1795,1.1784,1.179,433.0,0.0169664065150954
2026-02-19 06:00:00,1.1791,1.1803,1.1784,1.18,580.0,0.08481764206953457
2026-02-19 10:00:00,1.1799,1.1807,1.1776,1.1779,804.0,-0.17796610169491522
2026-02-19 14:00:00,1.1778,1.178,1.1741,1.1762,2263.0,-0.14432464555564906
2026-02-19 18:00:00,1.1761,1.1773,1.1755,1.1763,1173.0,0.008501955449746745
2026-02-19 22:00:00,1.1762,1.1777,1.1762,1.1768,398.0,0.042506163393696283
2026-02-20 02:00:00,1.1767,1.1771,1.1753,1.1756,642.0,-0.10197144799456437
2026-02-20 06:00:00,1.1757,1.1762,1.1749,1.175,601.0,-0.051037767948280965
2026-02-20 10:00:00,1.1751,1.1768,1.1742,1.1766,1198.0,0.13617021276595143
2026-02-20 14:00:00,1.1765,1.1806,1.1754,1.1788,3027.0,0.1869794322624463
2026-02-20 18:00:00,1.1787,1.1798,1.1765,1.178,1967.0,-0.06786562606041491
2026-02-20 22:00:00,1.1779,1.1791,1.1777,1.1784,268.0,0.03395585738539264
2026-02-22 22:00:00,1.1795,1.1834,1.1792,1.1832,457.0,0.40733197556008793
2026-02-23 02:00:00,1.1831,1.1834,1.1816,1.1823,1163.0,-0.07606490872211769
2026-02-23 06:00:00,1.1822,1.1833,1.1814,1.1822,599.0,-0.008458090163243615
2026-02-23 10:00:00,1.1823,1.1824,1.178,1.1784,1035.0,-0.32143461343258073
2026-02-23 14:00:00,1.1785,1.1809,1.1774,1.1793,1728.0,0.07637474541752898
2026-02-23 18:00:00,1.1794,1.1808,1.1787,1.1791,1107.0,-0.01695921309251558
2026-02-23 22:00:00,1.179,1.1794,1.1783,1.1792,457.0,0.008481044864727671
2026-02-24 02:00:00,1.1793,1.1795,1.1771,1.1774,865.0,-0.15264586160108617
2026-02-24 06:00:00,1.1775,1.1781,1.1767,1.1778,852.0,0.03397316120263838
2026-02-24 10:00:00,1.1779,1.1792,1.1772,1.178,1112.0,0.016980811682798524
2026-02-24 14:00:00,1.1779,1.1783,1.1765,1.1772,1567.0,-0.06791171477078528
2026-02-24 18:00:00,1.1771,1.1789,1.1771,1.1778,860.0,0.05096839959224386
2026-02-24 22:00:00,1.1779,1.1782,1.1772,1.1773,323.0,-0.04245202920699631
2026-02-25 02:00:00,1.1774,1.1793,1.1772,1.1789,820.0,0.13590418754778621
2026-02-25 06:00:00,1.1788,1.1807,1.1787,1.1796,660.0,0.05937738569852247
2026-02-25 10:00:00,1.1797,1.1799,1.177,1.1774,899.0,-0.18650389962698855
2026-02-25 14:00:00,1.1773,1.1802,1.1772,1.18,1504.0,0.22082554781721608
2026-02-25 18:00:00,1.1801,1.1813,1.1798,1.1805,988.0,0.042372881355956515
2026-02-25 22:00:00,1.1806,1.1815,1.1803,1.1814,432.0,0.0762388818297266
2026-02-26 02:00:00,1.1813,1.1828,1.1811,1.1816,656.0,0.01692906720840437
2026-02-26 06:00:00,1.1817,1.1822,1.1808,1.1815,708.0,-0.008463100880162777
2026-02-26 10:00:00,1.1814,1.1814,1.1792,1.18,867.0,-0.12695725772323696
2026-02-26 14:00:00,1.1801,1.1816,1.178,1.1798,1515.0,-0.016949152542367063
2026-02-26 18:00:00,1.1797,1.1798,1.1773,1.1796,1108.0,-0.01695202576708077
2026-02-26 22:00:00,1.1797,1.1803,1.1795,1.1802,364.0,0.05086469989825648
2026-02-27 02:00:00,1.1803,1.1805,1.1788,1.1803,769.0,0.00847314014573719
2026-02-27 06:00:00,1.1802,1.1818,1.1796,1.1814,654.0,0.09319664492080104
2026-02-27 10:00:00,1.1815,1.1821,1.1792,1.18,988.0,-0.11850347045878618
2026-02-27 14:00:00,1.1799,1.1816,1.179,1.1806,1897.0,0.050847457627134496
2026-02-27 18:00:00,1.1805,1.1826,1.1805,1.1818,989.0,0.10164323225476668
2026-02-27 22:00:00,1.1819,1.1825,1.181,1.1811,275.0,-0.05923168048738159
2026-03-01 22:00:00,1.1768,1.1787,1.1756,1.1758,884.0,-0.4487342308018061
2026-03-02 02:00:00,1.1759,1.1795,1.1755,1.1788,1413.0,0.25514543289675284
2026-03-02 06:00:00,1.1789,1.1789,1.1703,1.1715,1749.0,-0.6192738378011597
2026-03-02 10:00:00,1.1716,1.1746,1.1697,1.1732,2115.0,0.14511310285958423
2026-03-02 14:00:00,1.1731,1.1733,1.1679,1.1679,2901.0,-0.45175588135015765
2026-03-02 18:00:00,1.168,1.1712,1.1671,1.1711,1675.0,0.273996061306625
2026-03-02 22:00:00,1.171,1.1712,1.1678,1.1694,1029.0,-0.14516266757749197
2026-03-03 02:00:00,1.1693,1.1706,1.1685,1.169,1185.0,-0.03420557550880554
2026-03-03 06:00:00,1.1689,1.1693,1.1642,1.1643,1536.0,-0.4020530367835895
2026-03-03 10:00:00,1.1644,1.1645,1.1581,1.1596,3241.0,-0.4036760285149765
2026-03-03 14:00:00,1.1595,1.1615,1.1529,1.1573,4214.0,-0.19834425664021493
2026-03-03 18:00:00,1.1572,1.1625,1.1568,1.1612,3903.0,0.3369912727901214
2026-03-03 22:00:00,1.1613,1.1624,1.1608,1.161,1036.0,-0.017223561832580003
2026-03-04 02:00:00,1.1609,1.161,1.1574,1.1608,2004.0,-0.017226528854430434
2026-03-04 06:00:00,1.1609,1.1627,1.1586,1.1615,1574.0,0.06030323914540947
2026-03-04 10:00:00,1.1616,1.1654,1.1591,1.1635,2793.0,0.17219113215669601
2026-03-04 14:00:00,1.1634,1.1651,1.1616,1.1639,2876.0,0.0343790287924417
2026-03-04 18:00:00,1.164,1.1645,1.1623,1.1639,1352.0,0.0
2026-03-04 22:00:00,1.164,1.1643,1.1628,1.1634,450.0,-0.0429590170976879
2026-03-05 02:00:00,1.1633,1.1646,1.1609,1.1612,1256.0,-0.189100911122575
2026-03-05 06:00:00,1.1611,1.1615,1.1587,1.1604,1549.0,-0.06889424733034222
2026-03-05 10:00:00,1.1603,1.1644,1.1581,1.1611,2926.0,0.06032402619786659
2026-03-05 14:00:00,1.161,1.1624,1.1568,1.1582,2969.0,-0.24976315562829088
2026-03-05 18:00:00,1.1581,1.1591,1.1558,1.1572,2894.0,-0.08634087376963029
2026-03-05 22:00:00,1.1571,1.161,1.1569,1.1606,1209.0,0.2938126512270989
2026-03-06 02:00:00,1.1605,1.162,1.1604,1.1619,1148.0,0.11201102877820279
2026-03-06 06:00:00,1.1618,1.162,1.1601,1.1613,1046.0,-0.05163955589981839
2026-03-06 10:00:00,1.1612,1.1614,1.156,1.1563,2278.0,-0.4305519676224834
2026-03-06 14:00:00,1.1562,1.1592,1.1545,1.1578,4716.0,0.1297241200380439
2026-03-06 18:00:00,1.1579,1.162,1.1578,1.1601,3188.0,0.1986526170322911
2026-03-06 22:00:00,1.1602,1.1617,1.1595,1.1612,721.0,0.09481941211966216
2026-03-08 22:00:00,1.1542,1.155,1.152,1.1523,1353.0,-0.7664485015501099
2026-03-09 02:00:00,1.1524,1.1531,1.1506,1.1516,2434.0,-0.060748069079241684
2026-03-09 06:00:00,1.1517,1.1571,1.1515,1.1563,3167.0,0.4081278221604867
2026-03-09 10:00:00,1.1564,1.1572,1.1514,1.1561,3831.0,-0.017296549338419176
2026-03-09 14:00:00,1.156,1.1593,1.1547,1.1591,4171.0,0.25949312343223063
2026-03-09 18:00:00,1.1592,1.1633,1.1574,1.1608,3041.0,0.14666551634889835
2026-03-09 22:00:00,1.1609,1.1645,1.1608,1.1615,1205.0,0.06030323914540947
2026-03-10 02:00:00,1.1616,1.1635,1.1607,1.1609,1931.0,-0.05165733964700436
2026-03-10 06:00:00,1.1608,1.1663,1.1606,1.1659,1460.0,0.43070031871823566
2026-03-10 10:00:00,1.1658,1.1661,1.1619,1.1638,2587.0,-0.18011836349600685
2026-03-10 14:00:00,1.1637,1.1654,1.1621,1.1647,2972.0,0.07733287506446196
2026-03-10 18:00:00,1.1646,1.1666,1.1606,1.1614,3486.0,-0.28333476431700033
2026-03-10 22:00:00,1.1613,1.1614,1.1602,1.1611,557.0,-0.025830893748923778
2026-03-11 02:00:00,1.1612,1.1631,1.1605,1.163,1316.0,0.1636379295495649
2026-03-11 06:00:00,1.1629,1.1644,1.1613,1.1616,1108.0,-0.12037833190026159
2026-03-11 10:00:00,1.1615,1.1621,1.1589,1.1594,2252.0,-0.18939393939393367
2026-03-11 14:00:00,1.1593,1.1612,1.1565,1.1565,3582.0,-0.2501293772640967
2026-03-11 18:00:00,1.1566,1.1576,1.156,1.1572,1624.0,0.06052745352356226
2026-03-11 22:00:00,1.1573,1.1573,1.1539,1.1542,600.0,-0.25924645696510096
2026-03-12 02:00:00,1.1541,1.1555,1.1531,1.1537,957.0,-0.04332004851844706
2026-03-12 06:00:00,1.1538,1.1552,1.1531,1.1551,980.0,0.12134870416919963
2026-03-12 10:00:00,1.155,1.1565,1.1542,1.1556,1349.0,0.0432862955588309
2026-03-12 14:00:00,1.1555,1.1556,1.151,1.1521,3083.0,-0.30287296642437234
2026-03-12 18:00:00,1.1522,1.1531,1.151,1.1514,1799.0,-0.060758614703582126
2026-03-12 22:00:00,1.1513,1.1522,1.1509,1.152,539.0,0.05211047420530246
2026-03-13 02:00:00,1.1519,1.1529,1.1504,1.1508,806.0,-0.10416666666666075
2026-03-13 06:00:00,1.1507,1.1508,1.1453,1.1457,1085.0,-0.4431699687174273
2026-03-13 10:00:00,1.1458,1.1471,1.1432,1.1467,2342.0,0.08728288382648941
2026-03-13 14:00:00,1.1468,1.1489,1.1434,1.1442,3224.0,-0.21801691811283996
2026-03-13 18:00:00,1.1441,1.145,1.1419,1.1421,1760.0,-0.18353434714212247
2026-03-13 22:00:00,1.142,1.1422,1.141,1.1413,160.0,-0.0700464057437955
2026-03-15 22:00:00,1.143,1.1435,1.1418,1.1435,689.0,0.19276263909575597
2026-03-16 02:00:00,1.1434,1.1456,1.1434,1.145,1091.0,0.13117621337996876
2026-03-16 06:00:00,1.1449,1.1451,1.1413,1.1426,901.0,-0.2096069868995576
2026-03-16 10:00:00,1.1425,1.1486,1.1425,1.1478,1938.0,0.4551023980395419
2026-03-16 14:00:00,1.1479,1.1501,1.1471,1.1486,2066.0,0.06969855375502654
2026-03-16 18:00:00,1.1485,1.1524,1.1477,1.1507,1807.0,0.18283127285390055
2026-03-16 22:00:00,1.1508,1.151,1.1494,1.1497,440.0,-0.08690362388112938
2026-03-17 02:00:00,1.1496,1.1502,1.1486,1.1491,669.0,-0.05218752718100239
2026-03-17 06:00:00,1.1492,1.1499,1.1465,1.1494,859.0,0.02610738839090576
2026-03-17 10:00:00,1.1493,1.1524,1.1487,1.1506,1749.0,0.10440229685053648
2026-03-17 14:00:00,1.1505,1.1543,1.1504,1.1524,2255.0,0.156440118199197
2026-03-17 18:00:00,1.1523,1.1546,1.1517,1.1535,1206.0,0.09545296771953371
2026-03-17 22:00:00,1.1534,1.1544,1.1534,1.1538,441.0,0.02600780234069955
2026-03-18 02:00:00,1.1537,1.1543,1.1531,1.1535,602.0,-0.026001040041601087
2026-03-18 06:00:00,1.1536,1.1548,1.1523,1.1525,568.0,-0.0866926744690022
2026-03-18 10:00:00,1.1526,1.1554,1.1517,1.1546,1216.0,0.18221258134489826
2026-03-18 14:00:00,1.1545,1.1547,1.149,1.1512,3415.0,-0.29447427680582283
2026-03-18 18:00:00,1.1513,1.1524,1.1468,1.1469,2586.0,-0.37352328005558766
2026-03-18 22:00:00,1.1468,1.1472,1.1449,1.1462,922.0,-0.06103409189989195
2026-03-19 02:00:00,1.1461,1.149,1.1461,1.1473,1238.0,0.09596928982724684
2026-03-19 06:00:00,1.1474,1.1476,1.145,1.1452,1446.0,-0.18303843807199183
2026-03-19 10:00:00,1.1451,1.1487,1.1442,1.1479,3034.0,0.23576667830946807
2026-03-19 14:00:00,1.148,1.1538,1.1462,1.1513,5496.0,0.29619304817494196
2026-03-19 18:00:00,1.1512,1.1615,1.1511,1.1584,4005.0,0.6166941718057872
2026-03-19 22:00:00,1.1583,1.1593,1.1574,1.1576,668.0,-0.06906077348067807
2026-03-20 02:00:00,1.1575,1.1579,1.1555,1.1556,747.0,-0.1727712508638568
2026-03-20 06:00:00,1.1557,1.1574,1.1552,1.1573,787.0,0.14710972654898846
2026-03-20 10:00:00,1.1572,1.158,1.1534,1.1571,2045.0,-0.017281603732821615
2026-03-20 14:00:00,1.1572,1.1579,1.1524,1.1541,3489.0,-0.25926886180970277
2026-03-20 18:00:00,1.154,1.1571,1.154,1.1557,2809.0,0.13863616670999335
2026-03-20 22:00:00,1.1558,1.157,1.1556,1.157,195.0,0.11248593925758943
2026-03-22 22:00:00,1.1548,1.1564,1.1545,1.1561,639.0,-0.07778738115817863
2026-03-23 02:00:00,1.1562,1.1563,1.1538,1.1546,1686.0,-0.12974656171610421
2026-03-23 06:00:00,1.1547,1.1552,1.152,1.1526,1577.0,-0.17322016282694808
2026-03-23 10:00:00,1.1527,1.1618,1.1484,1.1555,5787.0,0.25160506680548256
2026-03-23 14:00:00,1.1556,1.1639,1.1545,1.1585,7467.0,0.25962786672437677
2026-03-23 18:00:00,1.1584,1.1636,1.1576,1.1612,3490.0,0.23305999136813416
2026-03-23 22:00:00,1.1611,1.1617,1.1605,1.1607,647.0,-0.04305890458146111
2026-03-24 02:00:00,1.1608,1.1608,1.1578,1.1582,1916.0,-0.21538726630483396
2026-03-24 06:00:00,1.1581,1.1617,1.1575,1.1607,1759.0,0.21585218442412568
2026-03-24 10:00:00,1.1608,1.1608,1.1578,1.1589,2622.0,-0.15507883173947468
2026-03-24 14:00:00,1.159,1.1606,1.1566,1.1577,4134.0,-0.10354646647683374
2026-03-24 18:00:00,1.1576,1.1592,1.1556,1.1584,2885.0,0.060464714520191976
2026-03-24 22:00:00,1.1585,1.1627,1.1582,1.1613,1801.0,0.2503453038674053
2026-03-25 02:00:00,1.1614,1.163,1.16,1.1603,1286.0,-0.08611039352448557
2026-03-25 06:00:00,1.1602,1.1604,1.1586,1.1597,1034.0,-0.05171076445747991
2026-03-25 10:00:00,1.1596,1.1616,1.159,1.1606,2181.0,0.07760627748556459
2026-03-25 14:00:00,1.1607,1.1613,1.1562,1.1569,3168.0,-0.31880062036877543
2026-03-25 18:00:00,1.157,1.1583,1.1554,1.1562,1923.0,-0.060506526061032684
2026-03-25 22:00:00,1.1563,1.1563,1.1555,1.1561,381.0,-0.008649022660434103
2026-03-26 02:00:00,1.156,1.1568,1.1553,1.1567,819.0,0.05189862468646389
2026-03-26 06:00:00,1.1568,1.1571,1.155,1.1553,970.0,-0.12103397596611165
2026-03-26 10:00:00,1.1552,1.1564,1.1522,1.1523,1410.0,-0.2596728122565506
2026-03-26 14:00:00,1.1524,1.1554,1.1521,1.154,2752.0,0.14753102490669967
2026-03-26 18:00:00,1.1541,1.1542,1.1521,1.1521,1405.0,-0.1646447140381313
2026-03-26 22:00:00,1.152,1.1558,1.1519,1.1533,1044.0,0.10415762520614713
2026-03-27 02:00:00,1.1534,1.1542,1.1523,1.1538,858.0,0.04335385415763504
2026-03-27 06:00:00,1.1539,1.1545,1.1516,1.1517,765.0,-0.1820072802912076
2026-03-27 10:00:00,1.1516,1.1525,1.1504,1.1506,1472.0,-0.09551098376312517
2026-03-27 14:00:00,1.1507,1.1547,1.1501,1.1518,2303.0,0.1042934121327832
2026-03-27 18:00:00,1.1519,1.1528,1.1505,1.1516,1575.0,-0.01736412571626822
2026-03-27 22:00:00,1.1515,1.152,1.1508,1.1511,225.0,-0.04341785342132365
2026-03-29 23:00:00,1.1502,1.1502,1.1487,1.1492,598.0,-0.1650595082964168
2026-03-30 03:00:00,1.1491,1.1518,1.1489,1.1515,1109.0,0.20013922728854272
2026-03-30 07:00:00,1.1516,1.152,1.1493,1.1497,988.0,-0.15631784628745704
2026-03-30 11:00:00,1.1496,1.1499,1.1483,1.1484,1327.0,-0.11307297555882556
2026-03-30 15:00:00,1.1483,1.1488,1.1442,1.1452,2145.0,-0.27864855451062986
2026-03-30 19:00:00,1.1453,1.1465,1.1447,1.1459,1094.0,0.06112469437651313
2026-03-30 23:00:00,1.1458,1.1466,1.1451,1.1456,347.0,-0.026180294964650574
2026-03-31 03:00:00,1.1455,1.149,1.1446,1.1469,1418.0,0.1134776536312998
2026-03-31 07:00:00,1.147,1.1473,1.146,1.1472,892.0,0.02615746795708862
2026-03-31 11:00:00,1.1473,1.149,1.1457,1.149,1429.0,0.1569037656903749
2026-03-31 15:00:00,1.1491,1.154,1.1486,1.1516,3335.0,0.2262837249782379
2026-03-31 19:00:00,1.1515,1.1559,1.1513,1.1558,3288.0,0.36470996873914086
2026-03-31 23:00:00,1.1559,1.1574,1.155,1.1573,541.0,0.12978023879564038
2026-04-01 03:00:00,1.1572,1.1578,1.1554,1.156,1086.0,-0.11233042426337381
2026-04-01 07:00:00,1.1559,1.1598,1.1559,1.1581,1799.0,0.18166089965396814
2026-04-01 11:00:00,1.158,1.161,1.1577,1.1607,1998.0,0.2245056558155767
2026-04-01 15:00:00,1.1608,1.1626,1.1593,1.1612,3286.0,0.04307745326095347
2026-04-01 19:00:00,1.1613,1.1623,1.1575,1.1583,1496.0,-0.24974164657249887
2026-04-01 23:00:00,1.1584,1.1594,1.1583,1.1588,470.0,0.04316670983337545
2026-04-02 03:00:00,1.1589,1.1605,1.1537,1.1539,2482.0,-0.42285122540560716
2026-04-02 07:00:00,1.154,1.1541,1.1514,1.1532,1465.0,-0.06066383568765765
2026-04-02 11:00:00,1.1533,1.1535,1.1508,1.1517,1317.0,-0.13007284079085135
2026-04-02 15:00:00,1.1518,1.1563,1.1516,1.1544,3295.0,0.2344360510549759
2026-04-02 19:00:00,1.1545,1.1548,1.1532,1.1534,1273.0,-0.08662508662509172
2026-04-02 23:00:00,1.1533,1.1542,1.1531,1.1541,257.0,0.0606901335182819
2026-04-03 03:00:00,1.1542,1.1544,1.1531,1.1535,268.0,-0.0519885625162364
2026-04-03 07:00:00,1.1534,1.1545,1.1528,1.1541,208.0,0.0520156046813991
2026-04-03 11:00:00,1.1542,1.1548,1.1539,1.1544,223.0,0.025994281258134855
2026-04-03 15:00:00,1.1543,1.1545,1.1517,1.1521,910.0,-0.19923769923771983
2026-04-03 19:00:00,1.152,1.1521,1.1513,1.1514,480.0,-0.060758614703582126
2026-04-03 23:00:00,1.1513,1.1531,1.1513,1.1515,292.0,0.008685079034220777
2026-04-05 23:00:00,1.1522,1.1523,1.1504,1.1509,769.0,-0.05210594876248198
2026-04-06 03:00:00,1.1508,1.1528,1.1506,1.1518,925.0,0.07819966982360871
2026-04-06 07:00:00,1.1519,1.1568,1.1518,1.1564,973.0,0.39937489147423566
2026-04-06 11:00:00,1.1565,1.1568,1.1538,1.1545,1189.0,-0.1643030093393283
2026-04-06 15:00:00,1.1544,1.1571,1.1535,1.1543,1698.0,-0.017323516673883876
2026-04-06 19:00:00,1.1544,1.1552,1.1533,1.1542,1060.0,-0.008663259118102395
2026-04-06 23:00:00,1.1543,1.1547,1.1538,1.1539,408.0,-0.025992029111066017
2026-04-07 03:00:00,1.154,1.1543,1.1523,1.1534,873.0,-0.04333131120547451
2026-04-07 07:00:00,1.1533,1.1545,1.1529,1.1541,999.0,0.0606901335182819
2026-04-07 11:00:00,1.1542,1.1575,1.1541,1.156,2390.0,0.164630447968106
2026-04-07 15:00:00,1.1559,1.1582,1.1553,1.157,2238.0,0.08650519031143666
2026-04-07 19:00:00,1.1571,1.1601,1.1566,1.1594,2012.0,0.20743301642178746
2026-04-07 23:00:00,1.1593,1.1689,1.1588,1.1686,3088.0,0.7935138864930247
2026-04-08 03:00:00,1.1687,1.1696,1.1665,1.167,2741.0,-0.1369159678247467
2026-04-08 07:00:00,1.1671,1.1708,1.167,1.1694,1923.0,0.20565552699227663
2026-04-08 11:00:00,1.1695,1.1709,1.1668,1.17,1873.0,0.05130836326321386
2026-04-08 15:00:00,1.1701,1.1721,1.1683,1.1685,3001.0,-0.12820512820511665
2026-04-08 19:00:00,1.1684,1.1688,1.1643,1.1668,1859.0,-0.1454856653829717
2026-04-08 23:00:00,1.1667,1.1668,1.1657,1.1658,456.0,-0.08570449091532817
2026-04-09 03:00:00,1.1657,1.1667,1.165,1.1662,864.0,0.03431120260763976
2026-04-09 07:00:00,1.1661,1.167,1.1653,1.1662,854.0,0.0
2026-04-09 11:00:00,1.1661,1.1689,1.1659,1.1688,874.0,0.22294632138570858
2026-04-09 15:00:00,1.1687,1.1706,1.1673,1.1705,2053.0,0.14544832306639943
2026-04-09 19:00:00,1.1704,1.1722,1.1697,1.17,1439.0,-0.042716787697583136
2026-04-09 23:00:00,1.1699,1.1702,1.1689,1.1691,421.0,-0.07692307692306333
2026-04-10 03:00:00,1.169,1.1696,1.1685,1.1695,515.0,0.03421435292103592
2026-04-10 07:00:00,1.1696,1.1696,1.1678,1.1679,651.0,-0.1368106028217242
2026-04-10 11:00:00,1.1678,1.1718,1.1676,1.1714,1224.0,0.2996831920541121
2026-04-10 15:00:00,1.1713,1.1738,1.1709,1.1721,2083.0,0.05975755506231195
2026-04-10 19:00:00,1.172,1.1735,1.1713,1.1726,1014.0,0.04265847623923236
2026-04-10 23:00:00,1.1727,1.173,1.1726,1.1729,143.0,0.025584171925641108
2026-04-12 23:00:00,1.1666,1.168,1.1663,1.1674,798.0,-0.4689231818569395
2026-04-13 03:00:00,1.1675,1.1689,1.167,1.1687,669.0,0.11135857461024301
2026-04-13 07:00:00,1.1686,1.1699,1.1677,1.1696,800.0,0.0770086420809335
2026-04-13 11:00:00,1.1695,1.1699,1.168,1.1681,889.0,-0.128248974008216
2026-04-13 15:00:00,1.168,1.1719,1.168,1.1709,1781.0,0.2397055046656993
2026-04-13 19:00:00,1.171,1.1764,1.1706,1.176,1641.0,0.4355623879067183
2026-04-13 23:00:00,1.1761,1.1766,1.1754,1.1766,383.0,0.05102040816327147
2026-04-14 03:00:00,1.1765,1.1767,1.1755,1.1766,566.0,0.0
2026-04-14 07:00:00,1.1765,1.1796,1.1757,1.1779,878.0,0.11048784633689301
2026-04-14 11:00:00,1.1778,1.1805,1.1774,1.1799,1102.0,0.1697937006537087
2026-04-14 15:00:00,1.1798,1.181,1.1787,1.1789,2001.0,-0.08475294516483434
2026-04-14 19:00:00,1.179,1.1799,1.1787,1.1791,758.0,0.016964967342425474
2026-04-14 23:00:00,1.179,1.1801,1.1789,1.1797,452.0,0.05088626918836603
2026-04-15 03:00:00,1.1798,1.1798,1.1778,1.1786,721.0,-0.09324404509619688
2026-04-15 07:00:00,1.1785,1.1798,1.1782,1.1785,1043.0,-0.008484642796535713
2026-04-15 11:00:00,1.1786,1.1794,1.1771,1.1782,1541.0,-0.025456088247788333
2026-04-15 15:00:00,1.1783,1.1807,1.1776,1.1797,1648.0,0.12731285011033933
2026-04-15 19:00:00,1.1798,1.1804,1.1792,1.1799,825.0,0.016953462744773162
2026-04-15 23:00:00,1.1798,1.1807,1.1794,1.1806,337.0,0.05932706161539958
2026-04-16 03:00:00,1.1807,1.1823,1.1796,1.1812,710.0,0.05082161612739444
2026-04-16 07:00:00,1.1811,1.1812,1.179,1.1791,1059.0,-0.17778530308161233
2026-04-16 11:00:00,1.1792,1.1793,1.1772,1.1783,1042.0,-0.06784835891783247
2026-04-16 15:00:00,1.1784,1.1784,1.1766,1.1781,1575.0,-0.016973606042602896
2026-04-16 19:00:00,1.1782,1.1786,1.1767,1.178,1079.0,-0.008488243782356353
2026-04-16 23:00:00,1.1781,1.1786,1.1778,1.178,260.0,0.0
2026-04-17 03:00:00,1.1779,1.1784,1.1772,1.1782,402.0,0.016977928692707422
2026-04-17 07:00:00,1.1783,1.1784,1.1771,1.1782,686.0,0.0
2026-04-17 11:00:00,1.1783,1.1798,1.178,1.1793,769.0,0.09336275674758365
2026-04-17 15:00:00,1.1794,1.1848,1.1792,1.18,3606.0,0.05935724582377677
2026-04-17 19:00:00,1.1799,1.1804,1.1766,1.1768,1514.0,-0.2711864406779507
2026-04-19 23:00:00,1.1739,1.1745,1.1728,1.1738,674.0,-0.25492861998641647
2026-04-20 03:00:00,1.1737,1.1762,1.1736,1.1759,785.0,0.17890611688533564
2026-04-20 07:00:00,1.1758,1.1771,1.1746,1.1758,980.0,-0.008504124500385846
2026-04-20 11:00:00,1.1759,1.1775,1.1754,1.1766,1164.0,0.06803878210581704
2026-04-20 15:00:00,1.1765,1.1789,1.1755,1.1783,1884.0,0.14448410674823275
2026-04-20 19:00:00,1.1784,1.1789,1.1778,1.1785,753.0,0.0169736060426251
2026-04-20 23:00:00,1.1784,1.179,1.1782,1.1783,423.0,-0.016970725498532957
2026-04-21 03:00:00,1.1784,1.1785,1.1772,1.1775,450.0,-0.06789442417041158
2026-04-21 07:00:00,1.1776,1.1781,1.1763,1.1763,752.0,-0.10191082802548657
2026-04-21 11:00:00,1.1764,1.1767,1.1755,1.1766,1017.0,0.02550369803622221
2026-04-21 15:00:00,1.1767,1.1775,1.174,1.1751,1760.0,-0.1274859765425851
2026-04-21 19:00:00,1.1752,1.1763,1.1718,1.1725,2331.0,-0.2212577652965675
2026-04-21 23:00:00,1.1724,1.1752,1.1723,1.1743,852.0,0.15351812366735107
2026-04-22 03:00:00,1.1744,1.175,1.1737,1.1738,619.0,-0.04257855743846628
2026-04-22 07:00:00,1.1739,1.1762,1.1737,1.1754,1003.0,0.13630942238882504
2026-04-22 11:00:00,1.1755,1.1758,1.1731,1.1734,1004.0,-0.17015484090522337
2026-04-22 15:00:00,1.1733,1.1742,1.1711,1.1712,1825.0,-0.18748934719617916
2026-04-22 19:00:00,1.1713,1.1716,1.1704,1.1705,915.0,-0.05976775956283431
2026-04-22 23:00:00,1.1704,1.1708,1.1702,1.1705,254.0,0.0
2026-04-23 03:00:00,1.1704,1.1713,1.1691,1.1695,1291.0,-0.08543357539514407
2026-04-23 07:00:00,1.1694,1.1711,1.1694,1.1702,741.0,0.05985463873450225
2026-04-23 11:00:00,1.1703,1.1704,1.1678,1.169,1142.0,-0.10254657323532923
2026-04-23 15:00:00,1.1689,1.1716,1.1683,1.1703,1850.0,0.11120615911033305
2026-04-23 19:00:00,1.1702,1.1705,1.1668,1.1686,2124.0,-0.1452618986584442
2026-04-23 23:00:00,1.1685,1.1689,1.1679,1.1683,373.0,-0.025671743967159433
2026-04-24 03:00:00,1.1682,1.1688,1.1672,1.1677,622.0,-0.051356672087643496
2026-04-24 07:00:00,1.1676,1.1693,1.1675,1.169,667.0,0.11132996488825153
2026-04-24 11:00:00,1.1689,1.1718,1.1683,1.1713,1375.0,0.19674935842599606
2026-04-24 15:00:00,1.1714,1.1719,1.1698,1.1717,2038.0,0.034150089643980586
2026-04-24 19:00:00,1.1718,1.172,1.171,1.1718,1007.0,0.008534607834764785
2026-04-24 23:00:00,1.1717,1.1722,1.1716,1.1721,83.0,0.025601638504868518
2026-04-26 23:00:00,1.17,1.1712,1.1699,1.1705,275.0,-0.13650712396551246
2026-04-27 03:00:00,1.1706,1.1732,1.1705,1.1729,643.0,0.20504058094830135
2026-04-27 07:00:00,1.1728,1.1744,1.1716,1.1743,779.0,0.11936226447266662
2026-04-27 11:00:00,1.1742,1.175,1.1737,1.174,835.0,-0.025547134463077548
2026-04-27 15:00:00,1.1741,1.1754,1.1728,1.173,1310.0,-0.08517887563883608
2026-04-27 19:00:00,1.1729,1.1733,1.1718,1.172,609.0,-0.08525149190111714
2026-04-27 23:00:00,1.1721,1.1722,1.1718,1.1722,240.0,0.017064846416370294
2026-04-28 03:00:00,1.1723,1.1726,1.1707,1.1712,451.0,-0.08530967411704005
2026-04-28 07:00:00,1.1713,1.1715,1.1685,1.1696,787.0,-0.1366120218579292
2026-04-28 11:00:00,1.1698,1.1707,1.1681,1.1682,1131.0,-0.1196990424076616
2026-04-28 15:00:00,1.1683,1.1715,1.1677,1.1713,1742.0,0.2653655196028115
2026-04-28 19:00:00,1.1712,1.1717,1.1705,1.1709,625.0,-0.034150089643980586
2026-04-28 23:00:00,1.171,1.1717,1.1709,1.1717,210.0,0.06832351182850527
2026-04-29 03:00:00,1.1718,1.172,1.1704,1.1705,456.0,-0.10241529401723293
2026-04-29 07:00:00,1.1706,1.1707,1.1696,1.1705,530.0,0.0
2026-04-29 11:00:00,1.1702,1.1709,1.1693,1.17,791.0,-0.042716787697583136
2026-04-29 15:00:00,1.1699,1.1707,1.1681,1.1694,1826.0,-0.05128205128204222
2026-04-29 19:00:00,1.1693,1.1698,1.166,1.1675,1793.0,-0.1624764836668402
2026-04-29 23:00:00,1.1674,1.1686,1.167,1.1684,826.0,0.07708779443256208
2026-04-30 03:00:00,1.1685,1.1688,1.1662,1.1665,921.0,-0.16261554262239075
2026-04-30 07:00:00,1.1664,1.1683,1.1654,1.1679,1040.0,0.12001714530645025
2026-04-30 11:00:00,1.168,1.1719,1.1672,1.1704,2602.0,0.21405942289580704
2026-04-30 15:00:00,1.1705,1.1735,1.1681,1.1727,3042.0,0.19651401230347254
2026-04-30 19:00:00,1.1728,1.1741,1.1721,1.1733,1073.0,0.051163980557689115
2026-04-30 23:00:00,1.1732,1.1736,1.1727,1.1728,490.0,-0.042614847012689694
2026-05-01 03:00:00,1.1729,1.1736,1.1723,1.173,534.0,0.017053206002737298
2026-05-01 07:00:00,1.1729,1.1744,1.1718,1.1734,1123.0,0.03410059676043353
2026-05-01 11:00:00,1.1733,1.1757,1.173,1.1751,1068.0,0.14487813192431975
2026-05-01 15:00:00,1.175,1.1784,1.1743,1.1754,2113.0,0.025529742149599244
2026-05-01 19:00:00,1.1753,1.1756,1.1717,1.1719,1064.0,-0.2977709715841437
