2021.04.01,03:00,1.1727,1.1731,1.172,1.1723,434
2021.04.01,07:00,1.1724,1.1741,1.1712,1.174,718
2021.04.01,11:00,1.1741,1.1749,1.1723,1.1739,893
2021.04.01,15:00,1.174,1.1773,1.1737,1.1771,1240
2021.04.01,19:00,1.177,1.1779,1.1765,1.1775,487
2021.04.01,23:00,1.1774,1.1781,1.177,1.1776,172
2021.04.02,03:00,1.1777,1.1782,1.1768,1.1778,367
2021.04.02,07:00,1.1777,1.178,1.1768,1.1776,294
2021.04.02,11:00,1.1775,1.1785,1.1771,1.1772,363
2021.04.02,15:00,1.1773,1.1783,1.1748,1.1759,675
2021.04.02,19:00,1.176,1.1763,1.1756,1.176,172
2021.04.02,23:00,1.1759,1.1763,1.1759,1.176,38
2021.04.04,03:00,1.176,1.176,1.176,1.176,3
2021.04.04,19:00,1.176,1.176,1.176,1.176,5
2021.04.04,23:00,1.1755,1.1766,1.1754,1.1766,231
2021.04.05,03:00,1.1765,1.177,1.176,1.1769,317
2021.04.05,07:00,1.1768,1.1769,1.174,1.1741,342
2021.04.05,11:00,1.1742,1.1758,1.1737,1.1757,450
2021.04.05,15:00,1.1758,1.1813,1.1755,1.1809,831
2021.04.05,19:00,1.1808,1.1818,1.1806,1.1812,291
2021.04.05,23:00,1.1811,1.1816,1.1808,1.1816,177
2021.04.06,03:00,1.1817,1.182,1.1798,1.1801,457
2021.04.06,07:00,1.1802,1.1819,1.1795,1.1819,655
2021.04.06,11:00,1.1818,1.182,1.1794,1.1804,917
2021.04.06,15:00,1.1803,1.1852,1.1803,1.1849,957
2021.04.06,19:00,1.185,1.1873,1.1845,1.1872,472
2021.04.06,23:00,1.1871,1.1876,1.1868,1.1872,287
2021.04.07,03:00,1.1873,1.1877,1.1864,1.1866,420
2021.04.07,07:00,1.1865,1.1881,1.1863,1.1878,815
2021.04.07,11:00,1.1877,1.1897,1.1864,1.1888,863
2021.04.07,15:00,1.1887,1.1913,1.1876,1.1888,1200
2021.04.07,19:00,1.1887,1.1889,1.1859,1.1871,575
2021.04.07,23:00,1.187,1.1873,1.1866,1.1871,207
2021.04.08,03:00,1.1872,1.1873,1.1859,1.1869,344
2021.04.08,07:00,1.187,1.1891,1.1866,1.1883,547
2021.04.08,11:00,1.1881,1.1883,1.186,1.1878,792
2021.04.08,15:00,1.1877,1.1909,1.187,1.1903,1236
2021.04.08,19:00,1.1902,1.1926,1.1902,1.1912,440
2021.04.08,23:00,1.1911,1.1918,1.1909,1.1914,265
2021.04.09,03:00,1.1913,1.1919,1.1902,1.1906,375
2021.04.09,07:00,1.1905,1.1905,1.1883,1.1897,683
2021.04.09,11:00,1.1896,1.1899,1.188,1.1894,787
2021.04.09,15:00,1.1893,1.1897,1.1866,1.1895,1191
2021.04.09,19:00,1.1894,1.1909,1.1891,1.1902,356
2021.04.09,23:00,1.1901,1.1904,1.1899,1.1899,44
2021.04.11,19:00,1.1899,1.1899,1.1899,1.1899,9
2021.04.11,23:00,1.1894,1.1902,1.1891,1.1895,222
2021.04.12,03:00,1.1896,1.1902,1.1884,1.1891,573
2021.04.12,07:00,1.189,1.1893,1.1871,1.1872,636
2021.04.12,11:00,1.1871,1.1917,1.187,1.1905,747
2021.04.12,15:00,1.1906,1.1917,1.1901,1.1906,927
2021.04.12,19:00,1.1905,1.1918,1.1898,1.1907,435
2021.04.12,23:00,1.1908,1.1915,1.1906,1.191,211
2021.04.13,03:00,1.1911,1.1911,1.1889,1.1889,433
2021.04.13,07:00,1.189,1.1907,1.1882,1.1902,591
2021.04.13,11:00,1.1901,1.1903,1.1884,1.1895,844
2021.04.13,15:00,1.1893,1.1942,1.1877,1.1937,1434
2021.04.13,19:00,1.1938,1.1954,1.1935,1.1954,482
2021.04.13,23:00,1.1953,1.1954,1.1947,1.1952,190
2021.04.14,03:00,1.1953,1.1962,1.1951,1.1957,418
2021.04.14,07:00,1.1956,1.1972,1.1954,1.1956,669
2021.04.14,11:00,1.1955,1.197,1.195,1.1957,790
2021.04.14,15:00,1.1958,1.1975,1.1951,1.1973,955
2021.04.14,19:00,1.1972,1.1986,1.1968,1.1978,561
2021.04.14,23:00,1.1977,1.1983,1.1974,1.1982,160
2021.04.15,03:00,1.1981,1.1988,1.1971,1.1973,407
2021.04.15,07:00,1.1974,1.1989,1.1968,1.1978,527
2021.04.15,11:00,1.1977,1.1992,1.196,1.1966,639
2021.04.15,15:00,1.1967,1.1982,1.1955,1.1962,1291
2021.04.15,19:00,1.1961,1.1976,1.1956,1.1973,579
2021.04.15,23:00,1.1972,1.1974,1.1964,1.1968,205
2021.04.16,03:00,1.1967,1.1973,1.1949,1.1956,444
2021.04.16,07:00,1.1955,1.1987,1.1955,1.1985,1201
2021.04.16,11:00,1.1986,1.1993,1.1968,1.1981,1188
2021.04.16,15:00,1.198,1.1992,1.1973,1.1977,1077
2021.04.16,19:00,1.1978,1.1982,1.1971,1.198,351
2021.04.18,19:00,1.1981,1.1981,1.1981,1.1981,3
2021.04.18,23:00,1.1973,1.1977,1.1967,1.1968,211
2021.04.19,03:00,1.1967,1.1974,1.1941,1.1955,576
2021.04.19,07:00,1.1956,1.2019,1.1954,1.2017,928
2021.04.19,11:00,1.2016,1.2046,1.2012,1.2036,1416
2021.04.19,15:00,1.2035,1.2039,1.2014,1.2026,1341
2021.04.19,19:00,1.2027,1.204,1.2026,1.2036,514
2021.04.19,23:00,1.2035,1.2042,1.2031,1.2042,214
2021.04.20,03:00,1.2041,1.207,1.2036,1.2065,609
2021.04.20,07:00,1.2066,1.2078,1.2047,1.2068,994
2021.04.20,11:00,1.2067,1.2071,1.2043,1.2053,1085
2021.04.20,15:00,1.2052,1.2055,1.2025,1.2042,1474
2021.04.20,19:00,1.2043,1.2043,1.2021,1.2032,584
2021.04.20,23:00,1.2031,1.2035,1.2028,1.2031,198
2021.04.21,03:00,1.203,1.2042,1.2027,1.2029,507
2021.04.21,07:00,1.2028,1.2034,1.2002,1.201,799
2021.04.21,11:00,1.2009,1.2015,1.1997,1.2005,926
2021.04.21,15:00,1.2006,1.2038,1.1998,1.2032,1304
2021.04.21,19:00,1.2031,1.2034,1.2025,1.2033,413
2021.04.21,23:00,1.2032,1.2036,1.2031,1.2036,151
2021.04.22,03:00,1.2037,1.2045,1.2031,1.2035,536
2021.04.22,07:00,1.2036,1.2048,1.2028,1.2043,728
2021.04.22,11:00,1.2042,1.2057,1.2021,1.2043,953
2021.04.22,15:00,1.2044,1.2068,1.2001,1.201,2022
2021.04.22,19:00,1.2009,1.2016,1.1992,1.2012,1037
2021.04.22,23:00,1.2013,1.2017,1.2012,1.2013,180
2021.04.23,03:00,1.2014,1.2025,1.2011,1.202,527
2021.04.23,07:00,1.2021,1.2055,1.202,1.2053,788
2021.04.23,11:00,1.2054,1.2061,1.2048,1.2057,814
2021.04.23,15:00,1.2056,1.2074,1.2045,1.2067,1381
2021.04.23,19:00,1.2068,1.2099,1.2067,1.2098,513
2021.04.23,23:00,1.2097,1.2099,1.2093,1.2096,89
2021.04.24,19:00,1.2096,1.2096,1.2096,1.2096,6
2021.04.25,07:00,1.2096,1.2096,1.2096,1.2096,1
2021.04.25,23:00,1.2092,1.2097,1.2087,1.2088,193
2021.04.26,03:00,1.2089,1.2116,1.2087,1.2109,599
2021.04.26,07:00,1.211,1.2114,1.2087,1.2096,807
2021.04.26,11:00,1.2095,1.2108,1.2079,1.2081,881
2021.04.26,15:00,1.208,1.2086,1.206,1.2081,1299
2021.04.26,19:00,1.2082,1.2092,1.2079,1.2088,481
2021.04.26,23:00,1.2087,1.2091,1.2078,1.2078,276
2021.04.27,03:00,1.2077,1.2083,1.2064,1.2068,532
2021.04.27,07:00,1.2067,1.2079,1.2064,1.2069,664
2021.04.27,11:00,1.207,1.209,1.2055,1.2087,921
2021.04.27,15:00,1.2086,1.2089,1.2072,1.2077,1202
2021.04.27,19:00,1.2076,1.2088,1.2068,1.2087,694
2021.04.27,23:00,1.2088,1.2092,1.2084,1.2088,269
2021.04.28,03:00,1.2087,1.2088,1.2074,1.2075,511
2021.04.28,07:00,1.2074,1.2077,1.2055,1.2072,661
2021.04.28,11:00,1.2071,1.2078,1.2063,1.2071,1117
2021.04.28,15:00,1.2072,1.2101,1.2056,1.2096,1474
2021.04.28,19:00,1.2097,1.2133,1.2064,1.2128,1836
2021.04.28,23:00,1.2127,1.2134,1.2119,1.2134,311
2021.04.29,03:00,1.2133,1.2148,1.2122,1.2124,406
2021.04.29,07:00,1.2125,1.2135,1.2111,1.2114,872
2021.04.29,11:00,1.2115,1.2132,1.211,1.2127,1165
2021.04.29,15:00,1.2128,1.2134,1.2101,1.2109,1856
2021.04.29,19:00,1.211,1.2128,1.2106,1.2127,625
2021.04.29,23:00,1.2126,1.2127,1.2118,1.2123,231
2021.04.30,03:00,1.2122,1.2125,1.2114,1.2116,451
2021.04.30,07:00,1.2115,1.2119,1.2098,1.21,728
2021.04.30,11:00,1.2101,1.2103,1.2076,1.2079,937
2021.04.30,15:00,1.208,1.2091,1.2023,1.2029,2115
2021.04.30,19:00,1.2028,1.2035,1.2015,1.2022,794
2021.04.30,23:00,1.2021,1.2024,1.2018,1.202,74
2021.05.02,19:00,1.202,1.202,1.202,1.202,5
2021.05.02,23:00,1.2026,1.2029,1.2022,1.2026,149
2021.05.03,03:00,1.2025,1.2034,1.2017,1.2021,433
2021.05.03,07:00,1.202,1.2041,1.2012,1.2034,772
2021.05.03,11:00,1.2035,1.2056,1.203,1.2044,839
2021.05.03,15:00,1.2045,1.2074,1.204,1.2057,1304
2021.05.03,19:00,1.2056,1.2066,1.205,1.2062,548
2021.05.03,23:00,1.2063,1.2063,1.2055,1.2058,181
2021.05.04,03:00,1.2059,1.2059,1.2038,1.2038,324
2021.05.04,07:00,1.2039,1.2041,1.2006,1.2014,784
2021.05.04,11:00,1.2015,1.202,1.1998,1.2019,1121
2021.05.04,15:00,1.2018,1.2034,1.2,1.2013,1913
2021.05.04,19:00,1.2012,1.2023,1.2008,1.2014,918
2021.05.04,23:00,1.2013,1.2019,1.2009,1.2013,260
2021.05.05,03:00,1.2014,1.2025,1.2013,1.2023,360
2021.05.05,07:00,1.2022,1.2024,1.1985,1.1993,852
2021.05.05,11:00,1.1992,1.2018,1.1986,1.2008,960
2021.05.05,15:00,1.2009,1.2011,1.199,1.2,1519
2021.05.05,19:00,1.2001,1.2004,1.199,1.2001,533
2021.05.05,23:00,1.2003,1.2007,1.2001,1.2006,194
2021.05.06,03:00,1.2007,1.201,1.1992,1.1997,461
2021.05.06,07:00,1.1998,1.2027,1.1997,1.2024,719
2021.05.06,11:00,1.2023,1.2053,1.2021,1.205,1101
2021.05.06,15:00,1.2051,1.207,1.2046,1.2048,1434
2021.05.06,19:00,1.2047,1.2063,1.2043,1.2062,506
2021.05.06,23:00,1.2061,1.2065,1.2058,1.2064,229
2021.05.07,03:00,1.2063,1.2068,1.2058,1.2067,405
2021.05.07,07:00,1.2066,1.2088,1.2051,1.2076,798
2021.05.07,11:00,1.2075,1.2089,1.2064,1.2065,848
2021.05.07,15:00,1.2064,1.2164,1.2057,1.2163,2839
2021.05.07,19:00,1.2164,1.217,1.214,1.2166,1001
2021.05.07,23:00,1.2165,1.2166,1.2161,1.2161,85
2021.05.09,23:00,1.2162,1.2176,1.216,1.2169,240
2021.05.10,03:00,1.2168,1.2169,1.215,1.2153,579
2021.05.10,07:00,1.2154,1.2162,1.2135,1.2146,953
2021.05.10,11:00,1.2147,1.2174,1.2138,1.2162,1085
2021.05.10,15:00,1.2161,1.2177,1.2151,1.2168,1599
2021.05.10,19:00,1.2169,1.2171,1.2139,1.214,744
2021.05.10,23:00,1.2139,1.2142,1.2126,1.2139,263
2021.05.11,03:00,1.214,1.2148,1.2125,1.2138,793
2021.05.11,07:00,1.2139,1.2146,1.2122,1.214,843
2021.05.11,11:00,1.2141,1.217,1.214,1.2167,1089
2021.05.11,15:00,1.2166,1.218,1.2147,1.2168,1776
2021.05.11,19:00,1.2167,1.2169,1.2145,1.2148,784
2021.05.11,23:00,1.2147,1.2149,1.2143,1.2143,233
2021.05.12,03:00,1.2144,1.2148,1.2114,1.2115,623
2021.05.12,07:00,1.2116,1.2143,1.2115,1.2132,838
2021.05.12,11:00,1.2131,1.2135,1.2116,1.2116,1018
2021.05.12,15:00,1.2117,1.2151,1.2064,1.2072,3506
2021.05.12,19:00,1.2071,1.2081,1.2064,1.2074,1972
2021.05.12,23:00,1.2075,1.2078,1.2068,1.2076,507
2021.05.13,03:00,1.2077,1.2087,1.2069,1.2075,1129
2021.05.13,07:00,1.2076,1.2105,1.207,1.2085,1639
2021.05.13,11:00,1.2084,1.2093,1.205,1.2078,1569
2021.05.13,15:00,1.2079,1.2098,1.2063,1.2068,2184
2021.05.13,19:00,1.2067,1.209,1.2061,1.2085,1663
2021.05.13,23:00,1.2084,1.2085,1.2074,1.2075,303
2021.05.14,03:00,1.2076,1.2084,1.207,1.2084,826
2021.05.14,07:00,1.2085,1.2116,1.2083,1.2114,1231
2021.05.14,11:00,1.2113,1.2128,1.2102,1.2119,1578
2021.05.14,15:00,1.212,1.2146,1.2116,1.2138,2010
2021.05.14,19:00,1.2139,1.2144,1.2133,1.2142,918
2021.05.14,23:00,1.2141,1.2143,1.214,1.2143,138
2021.05.16,23:00,1.2139,1.215,1.2133,1.2148,213
2021.05.17,03:00,1.2147,1.2148,1.2128,1.213,712
2021.05.17,07:00,1.2131,1.2145,1.2125,1.2134,1044
2021.05.17,11:00,1.2133,1.2167,1.2132,1.2146,1220
2021.05.17,15:00,1.2145,1.2155,1.2133,1.2153,1589
2021.05.17,19:00,1.2154,1.216,1.215,1.2156,775
2021.05.17,23:00,1.2157,1.2157,1.2149,1.2155,356
2021.05.18,03:00,1.2154,1.2168,1.2152,1.2166,1000
2021.05.18,07:00,1.2165,1.2204,1.2162,1.2201,1293
2021.05.18,11:00,1.2202,1.2222,1.2198,1.2216,1414
2021.05.18,15:00,1.2217,1.2232,1.2198,1.2201,1747
2021.05.18,19:00,1.22,1.2229,1.2199,1.2225,1128
2021.05.18,23:00,1.2224,1.2226,1.2219,1.2221,319
2021.05.19,03:00,1.2222,1.2231,1.2216,1.2228,950
2021.05.19,07:00,1.2229,1.2243,1.2215,1.222,1419
2021.05.19,11:00,1.2219,1.2225,1.2188,1.2205,1430
2021.05.19,15:00,1.2206,1.2237,1.2201,1.2215,2255
2021.05.19,19:00,1.2214,1.2219,1.2158,1.2171,2363
2021.05.19,23:00,1.217,1.2178,1.2168,1.2169,513
2021.05.20,03:00,1.2168,1.2184,1.2168,1.2181,1119
2021.05.20,07:00,1.218,1.2203,1.2176,1.2201,985
2021.05.20,11:00,1.22,1.2203,1.218,1.22,1369
2021.05.20,15:00,1.2201,1.2225,1.2195,1.2223,1806
2021.05.20,19:00,1.2222,1.2227,1.2211,1.2227,1040
2021.05.20,23:00,1.2226,1.2229,1.2223,1.2223,464
2021.05.21,03:00,1.2224,1.2238,1.2222,1.2231,836
2021.05.21,07:00,1.223,1.2238,1.2209,1.2215,1216
2021.05.21,11:00,1.2216,1.2236,1.2183,1.2185,1311
2021.05.21,15:00,1.2184,1.2208,1.2169,1.2176,1830
2021.05.21,19:00,1.2175,1.2186,1.216,1.2184,761
2021.05.21,23:00,1.2185,1.2186,1.2177,1.2179,110
2021.05.23,23:00,1.2179,1.2183,1.217,1.2179,390
2021.05.24,03:00,1.218,1.2186,1.2174,1.218,1145
2021.05.24,07:00,1.2179,1.2198,1.2177,1.2196,1254
2021.05.24,11:00,1.2195,1.2218,1.2174,1.2208,1390
2021.05.24,15:00,1.2209,1.2229,1.2202,1.2208,1339
2021.05.24,19:00,1.2209,1.2216,1.2203,1.2215,639
2021.05.24,23:00,1.2214,1.2217,1.2211,1.2213,305
2021.05.25,03:00,1.2212,1.2229,1.221,1.2225,821
2021.05.25,07:00,1.2224,1.2261,1.2219,1.2254,1162
2021.05.25,11:00,1.2255,1.226,1.2243,1.2254,1356
2021.05.25,15:00,1.2255,1.2265,1.2229,1.2231,1634
2021.05.25,19:00,1.223,1.2256,1.2225,1.2246,1074
2021.05.25,23:00,1.2245,1.2254,1.2244,1.2246,404
2021.05.26,03:00,1.2245,1.2259,1.2241,1.2257,859
2021.05.26,07:00,1.2256,1.2261,1.2231,1.2243,1073
2021.05.26,11:00,1.2242,1.2247,1.2224,1.2225,1402
2021.05.26,15:00,1.2224,1.2238,1.2196,1.2202,1770
2021.05.26,19:00,1.2203,1.2204,1.218,1.2191,1152
2021.05.26,23:00,1.219,1.2196,1.2187,1.219,359
2021.05.27,03:00,1.2189,1.2193,1.2174,1.2192,866
2021.05.27,07:00,1.2193,1.2207,1.2185,1.2205,1216
2021.05.27,11:00,1.2204,1.2214,1.2179,1.2195,1542
2021.05.27,15:00,1.2196,1.221,1.2178,1.2192,1923
2021.05.27,19:00,1.2193,1.2203,1.2184,1.2198,679
2021.05.27,23:00,1.2197,1.2197,1.2188,1.2191,198
2021.05.28,03:00,1.219,1.2191,1.218,1.2186,597
2021.05.28,07:00,1.2185,1.2189,1.217,1.2187,995
2021.05.28,11:00,1.2186,1.2199,1.215,1.2155,1476
2021.05.28,15:00,1.2156,1.2197,1.2131,1.2193,2001
2021.05.28,19:00,1.2192,1.2203,1.2191,1.2191,702
2021.05.28,23:00,1.2192,1.2194,1.2188,1.2188,133
2021.05.30,23:00,1.2193,1.2199,1.2188,1.2188,186
2021.05.31,03:00,1.2189,1.2203,1.2183,1.2198,622
2021.05.31,07:00,1.2197,1.2201,1.2182,1.219,714
2021.05.31,11:00,1.2189,1.2202,1.2184,1.2198,1041
2021.05.31,15:00,1.2197,1.223,1.2192,1.2228,1019
2021.05.31,19:00,1.2229,1.2229,1.2224,1.2225,234
2021.05.31,23:00,1.2226,1.2233,1.2224,1.2231,202
2021.06.01,03:00,1.2232,1.2235,1.2222,1.2229,508
2021.06.01,07:00,1.2228,1.224,1.2217,1.224,844
2021.06.01,11:00,1.2239,1.2239,1.2212,1.222,1181
2021.06.01,15:00,1.2221,1.2253,1.2214,1.2239,1512
2021.06.01,19:00,1.2238,1.2242,1.2217,1.2219,581
2021.06.01,23:00,1.2218,1.2219,1.221,1.2216,420
2021.06.02,03:00,1.2215,1.2225,1.2214,1.2222,658
2021.06.02,07:00,1.2221,1.2222,1.2195,1.2199,963
2021.06.02,11:00,1.22,1.22,1.2163,1.2179,1206
2021.06.02,15:00,1.2178,1.2217,1.2178,1.2211,1365
2021.06.02,19:00,1.2212,1.2214,1.2204,1.2209,674
2021.06.02,23:00,1.2208,1.2212,1.2206,1.2208,192
2021.06.03,03:00,1.2209,1.2213,1.2201,1.2205,451
2021.06.03,07:00,1.2206,1.2207,1.2178,1.218,723
2021.06.03,11:00,1.2179,1.2207,1.2177,1.2186,1165
2021.06.03,15:00,1.2185,1.2187,1.2119,1.212,2310
2021.06.03,19:00,1.2121,1.2132,1.2117,1.2129,755
2021.06.03,23:00,1.2128,1.2131,1.2125,1.2129,198
2021.06.04,03:00,1.2128,1.2129,1.2113,1.2114,904
2021.06.04,07:00,1.2113,1.2116,1.2103,1.2112,909
2021.06.04,11:00,1.2111,1.2117,1.2103,1.2112,959
2021.06.04,15:00,1.2113,1.2184,1.2111,1.2171,2305
2021.06.04,19:00,1.217,1.2173,1.2159,1.2167,548
2021.06.04,23:00,1.2166,1.2169,1.2164,1.2165,64
2021.06.06,11:00,1.2165,1.2165,1.2165,1.2165,1
2021.06.06,23:00,1.2162,1.2166,1.2161,1.2165,165
2021.06.07,03:00,1.2164,1.2171,1.2159,1.2166,471
2021.06.07,07:00,1.2165,1.2169,1.2144,1.2166,728
2021.06.07,11:00,1.2165,1.2175,1.2149,1.2164,976
2021.06.07,15:00,1.2163,1.2199,1.2159,1.2197,1269
2021.06.07,19:00,1.2198,1.22,1.219,1.2193,344
2021.06.07,23:00,1.2192,1.2193,1.2188,1.2189,212
2021.06.08,03:00,1.2188,1.2193,1.2177,1.2178,705
2021.06.08,07:00,1.2177,1.2184,1.2163,1.2171,852
2021.06.08,11:00,1.217,1.2182,1.2165,1.2177,1206
2021.06.08,15:00,1.2176,1.2191,1.2169,1.2178,1473
2021.06.08,19:00,1.2177,1.218,1.217,1.2172,414
2021.06.08,23:00,1.2173,1.2174,1.217,1.2171,185
2021.06.09,03:00,1.217,1.2184,1.217,1.2179,604
2021.06.09,07:00,1.2178,1.2185,1.2174,1.2181,519
2021.06.09,11:00,1.2182,1.2196,1.218,1.2193,954
2021.06.09,15:00,1.2194,1.2216,1.218,1.2182,1321
2021.06.09,19:00,1.2183,1.2183,1.2173,1.2175,611
2021.06.09,23:00,1.2176,1.2179,1.2174,1.2177,125
2021.06.10,03:00,1.2176,1.2179,1.2165,1.2168,544
2021.06.10,07:00,1.2167,1.2172,1.2152,1.2158,740
2021.06.10,11:00,1.2159,1.2186,1.2157,1.2175,1253
2021.06.10,15:00,1.2174,1.2193,1.2142,1.2172,2754
2021.06.10,19:00,1.2173,1.2177,1.2163,1.2169,760
2021.06.10,23:00,1.217,1.2176,1.2169,1.2171,304
2021.06.11,03:00,1.2172,1.219,1.2171,1.2186,548
2021.06.11,07:00,1.2185,1.2192,1.2173,1.2182,852
2021.06.11,11:00,1.2181,1.2182,1.2128,1.2131,1207
2021.06.11,15:00,1.213,1.2136,1.2092,1.2099,1521
2021.06.11,19:00,1.2098,1.2108,1.2091,1.2108,555
2021.06.11,23:00,1.2107,1.2109,1.2103,1.2105,63
2021.06.13,19:00,1.2105,1.2105,1.2105,1.2105,8
2021.06.13,23:00,1.2104,1.2111,1.2103,1.2108,367
2021.06.14,03:00,1.2109,1.2109,1.2093,1.2098,582
2021.06.14,07:00,1.2097,1.2119,1.2093,1.2117,988
2021.06.14,11:00,1.2116,1.2123,1.2105,1.2114,957
2021.06.14,15:00,1.2115,1.2129,1.211,1.2123,1178
2021.06.14,19:00,1.2124,1.2126,1.2115,1.212,412
2021.06.14,23:00,1.2119,1.2122,1.2116,1.212,432
2021.06.15,03:00,1.2121,1.2125,1.2113,1.2122,657
2021.06.15,07:00,1.2123,1.2146,1.2122,1.2143,786
2021.06.15,11:00,1.2142,1.2144,1.2105,1.2106,988
2021.06.15,15:00,1.2105,1.213,1.21,1.2118,1625
2021.06.15,19:00,1.2119,1.2128,1.2116,1.2127,679
2021.06.15,23:00,1.2126,1.2128,1.2122,1.2123,214
2021.06.16,03:00,1.2124,1.2126,1.2115,1.2121,446
2021.06.16,07:00,1.2122,1.2133,1.2117,1.2132,871
2021.06.16,11:00,1.2131,1.2132,1.2113,1.2116,891
2021.06.16,15:00,1.2115,1.2126,1.2109,1.2116,1155
2021.06.16,19:00,1.2117,1.212,1.2003,1.2003,2986
2021.06.16,23:00,1.2004,1.201,1.1985,1.1994,747
2021.06.17,03:00,1.1993,1.2003,1.1983,1.1992,997
2021.06.17,07:00,1.1993,1.2005,1.1941,1.1953,1422
2021.06.17,11:00,1.1952,1.1963,1.1925,1.1935,1798
2021.06.17,15:00,1.1934,1.1949,1.1905,1.1909,2183
2021.06.17,19:00,1.191,1.1921,1.1891,1.1901,1178
2021.06.17,23:00,1.1902,1.1914,1.1899,1.1911,753
2021.06.18,03:00,1.1912,1.1924,1.1903,1.192,950
2021.06.18,07:00,1.1921,1.1921,1.1884,1.1914,1581
2021.06.18,11:00,1.1913,1.1923,1.1904,1.191,1487
2021.06.18,15:00,1.1909,1.191,1.1846,1.1871,2904
2021.06.18,19:00,1.187,1.1881,1.1865,1.1866,1274
2021.06.18,23:00,1.1867,1.1869,1.1856,1.1858,194
2021.06.20,19:00,1.1858,1.1858,1.1858,1.1858,2
2021.06.20,23:00,1.1858,1.1874,1.1858,1.1869,319
2021.06.21,03:00,1.1868,1.1875,1.1846,1.1855,1482
2021.06.21,07:00,1.1856,1.1883,1.185,1.188,1724
2021.06.21,11:00,1.1881,1.1898,1.1878,1.1893,1417
2021.06.21,15:00,1.1894,1.1919,1.1884,1.1907,1692
2021.06.21,15:00,1.1894,1.1919,1.1884,1.1909,1507
2021.06.21,19:00,1.1908,1.192,1.1906,1.1917,875
2021.06.21,23:00,1.1916,1.1919,1.1909,1.1911,689
2021.06.22,03:00,1.191,1.1914,1.1899,1.191,798
2021.06.22,07:00,1.1911,1.1911,1.189,1.19,1120
2021.06.22,11:00,1.1899,1.1901,1.1879,1.1892,1273
2021.06.22,15:00,1.1893,1.1911,1.1881,1.1909,1703
2021.06.22,19:00,1.1908,1.1951,1.1906,1.194,1224
2021.06.22,23:00,1.1939,1.1942,1.1935,1.1935,332
2021.06.23,03:00,1.1936,1.1939,1.1919,1.1921,814
2021.06.23,07:00,1.192,1.1938,1.1911,1.1937,1119
2021.06.23,11:00,1.1936,1.195,1.1931,1.194,1319
2021.06.23,15:00,1.1941,1.1969,1.1939,1.1949,1570
2021.06.23,19:00,1.1948,1.1949,1.1918,1.1922,757
2021.06.23,23:00,1.1923,1.1932,1.1919,1.1928,372
2021.06.24,03:00,1.1929,1.1932,1.1918,1.192,897
2021.06.24,07:00,1.1921,1.1942,1.1916,1.1931,966
2021.06.24,11:00,1.193,1.1948,1.1924,1.1935,1213
2021.06.24,15:00,1.1934,1.1955,1.1919,1.1925,1533
2021.06.24,19:00,1.1924,1.1934,1.1923,1.1931,745
2021.06.24,23:00,1.1932,1.1934,1.1926,1.1927,331
2021.06.25,03:00,1.1926,1.1943,1.1925,1.1939,634
2021.06.25,07:00,1.1938,1.1949,1.1934,1.1947,848
2021.06.25,11:00,1.1946,1.1946,1.1936,1.194,1066
2021.06.25,15:00,1.1941,1.1974,1.1935,1.1938,1638
2021.06.25,19:00,1.1937,1.194,1.1925,1.1939,683
2021.06.25,23:00,1.194,1.1941,1.1934,1.1936,136
2021.06.27,15:00,1.1936,1.1936,1.1936,1.1936,10
2021.06.27,23:00,1.1931,1.1941,1.193,1.194,204
2021.06.28,03:00,1.1939,1.1939,1.1919,1.1923,546
2021.06.28,07:00,1.1924,1.1943,1.192,1.194,884
2021.06.28,11:00,1.1939,1.1942,1.1904,1.1906,1139
2021.06.28,15:00,1.1905,1.1938,1.1901,1.1935,1622
2021.06.28,19:00,1.1936,1.1937,1.1919,1.1923,652
2021.06.28,23:00,1.1924,1.193,1.192,1.1927,228
2021.06.29,03:00,1.1928,1.1928,1.1906,1.191,553
2021.06.29,07:00,1.1911,1.1921,1.1904,1.191,804
2021.06.29,11:00,1.1909,1.1912,1.1889,1.1889,1235
2021.06.29,15:00,1.189,1.191,1.1876,1.1905,1693
2021.06.29,19:00,1.1904,1.1906,1.1892,1.1898,506
2021.06.29,23:00,1.1899,1.1904,1.1894,1.1899,461
2021.06.30,03:00,1.1898,1.1907,1.1895,1.1901,810
2021.06.30,07:00,1.19,1.1907,1.1892,1.19,973
2021.06.30,11:00,1.1899,1.19,1.1881,1.1892,1367
2021.06.30,15:00,1.1893,1.1893,1.1844,1.1847,1956
2021.06.30,19:00,1.1846,1.186,1.1845,1.1857,889
2021.06.30,23:00,1.1858,1.1859,1.1853,1.1855,439
2021.07.01,03:00,1.1854,1.1855,1.1845,1.1849,542
2021.07.01,07:00,1.185,1.1859,1.1836,1.1847,1121
2021.07.01,11:00,1.1846,1.1877,1.1837,1.1875,1576
2021.07.01,15:00,1.1876,1.1883,1.1847,1.1854,1922
2021.07.01,19:00,1.1855,1.1858,1.1839,1.1846,620
2021.07.01,23:00,1.1845,1.185,1.1841,1.1844,336
2021.07.02,03:00,1.1845,1.1846,1.1839,1.1841,549
2021.07.02,07:00,1.1842,1.1846,1.1821,1.1823,692
2021.07.02,11:00,1.1824,1.1833,1.1819,1.182,1067
2021.07.02,15:00,1.1821,1.1857,1.1806,1.1846,2832
2021.07.02,19:00,1.1845,1.1873,1.1838,1.1863,844
2021.07.02,23:00,1.1864,1.1866,1.1862,1.1863,85
2021.07.03,11:00,1.1863,1.1863,1.1863,1.1863,1
2021.07.04,11:00,1.1863,1.1863,1.1863,1.1863,2
2021.07.04,19:00,1.1863,1.1863,1.1863,1.1863,13
2021.07.04,23:00,1.186,1.1867,1.1854,1.1854,307
2021.07.05,03:00,1.1855,1.1861,1.1851,1.1852,594
2021.07.05,07:00,1.1851,1.1872,1.185,1.187,889
2021.07.05,11:00,1.1871,1.1879,1.1863,1.1871,883
2021.07.05,15:00,1.187,1.187,1.1854,1.1865,854
2021.07.05,19:00,1.1864,1.1868,1.1863,1.1863,516
2021.07.05,23:00,1.1864,1.1868,1.1859,1.1861,413
2021.07.06,03:00,1.186,1.1874,1.1857,1.1872,763
2021.07.06,07:00,1.1873,1.1894,1.1869,1.1871,1132
2021.07.06,11:00,1.187,1.1873,1.183,1.1839,1327
2021.07.06,15:00,1.184,1.1845,1.1812,1.1815,2218
2021.07.06,19:00,1.1816,1.1827,1.1805,1.1821,890
2021.07.06,23:00,1.1822,1.1824,1.1817,1.1821,503
2021.07.07,03:00,1.182,1.1824,1.1814,1.1824,965
2021.07.07,07:00,1.1823,1.1833,1.1811,1.1824,1198
2021.07.07,11:00,1.1823,1.1831,1.1813,1.1821,1312
2021.07.07,15:00,1.1822,1.1834,1.178,1.1802,1887
2021.07.07,19:00,1.1801,1.1818,1.1791,1.1794,1360
2021.07.07,23:00,1.1795,1.1798,1.1788,1.1792,380
2021.07.08,03:00,1.1791,1.1794,1.1782,1.1791,780
2021.07.08,07:00,1.179,1.1819,1.179,1.1819,1508
2021.07.08,11:00,1.1818,1.1844,1.1809,1.1833,2003
2021.07.08,15:00,1.1832,1.1866,1.1832,1.1839,2440
2021.07.08,19:00,1.1838,1.1847,1.1834,1.1846,837
2021.07.08,23:00,1.1847,1.1848,1.184,1.1845,436
2021.07.09,03:00,1.1846,1.1848,1.1833,1.1838,880
2021.07.09,07:00,1.1839,1.1841,1.1824,1.1839,1259
2021.07.09,11:00,1.1838,1.1863,1.1828,1.1854,1370
2021.07.09,15:00,1.1855,1.1874,1.1854,1.1859,1366
2021.07.09,19:00,1.186,1.1879,1.1859,1.1878,425
2021.07.09,23:00,1.1879,1.188,1.1876,1.1876,108
2021.07.10,03:00,1.1876,1.1876,1.1876,1.1876,2
2021.07.10,07:00,1.1876,1.1876,1.1876,1.1876,1
2021.07.10,11:00,1.1876,1.1876,1.1876,1.1876,1
2021.07.11,03:00,1.1876,1.1876,1.1876,1.1876,1
2021.07.11,19:00,1.1876,1.1876,1.1876,1.1876,9
2021.07.11,23:00,1.1875,1.1875,1.1864,1.1871,411
2021.07.12,03:00,1.1872,1.1878,1.1866,1.1868,631
2021.07.12,07:00,1.1867,1.1878,1.1855,1.1876,869
2021.07.12,11:00,1.1875,1.1878,1.1835,1.1836,1177
2021.07.12,15:00,1.1837,1.1873,1.1836,1.1856,1443
2021.07.12,19:00,1.1855,1.186,1.185,1.1858,612
2021.07.12,23:00,1.1859,1.1864,1.1857,1.1861,374
2021.07.13,03:00,1.1862,1.1874,1.1861,1.1868,487
2021.07.13,07:00,1.1869,1.1869,1.1846,1.185,774
2021.07.13,11:00,1.1849,1.185,1.1834,1.1838,950
2021.07.13,15:00,1.1837,1.1849,1.1791,1.1811,2489
2021.07.13,19:00,1.1812,1.1815,1.1771,1.1772,997
2021.07.13,23:00,1.1773,1.178,1.1772,1.1774,578
2021.07.14,03:00,1.1773,1.1784,1.177,1.1782,662
2021.07.14,07:00,1.1781,1.1796,1.178,1.1782,812
2021.07.14,11:00,1.1783,1.1803,1.1775,1.1801,1050
2021.07.14,15:00,1.1802,1.1827,1.1801,1.1824,1941
2021.07.14,19:00,1.1825,1.1837,1.1824,1.1834,749
2021.07.14,23:00,1.1833,1.1838,1.1831,1.1832,685
2021.07.15,03:00,1.1833,1.1834,1.182,1.1831,914
2021.07.15,07:00,1.183,1.1845,1.1824,1.1835,930
2021.07.15,11:00,1.1834,1.1849,1.1807,1.1808,1183
2021.07.15,15:00,1.1809,1.1822,1.1802,1.1804,1572
2021.07.15,19:00,1.1805,1.1812,1.1795,1.1811,801
2021.07.15,23:00,1.181,1.1814,1.1807,1.181,446
2021.07.16,03:00,1.1811,1.1815,1.1801,1.181,520
2021.07.16,07:00,1.1809,1.1813,1.1796,1.1801,773
2021.07.16,11:00,1.18,1.1821,1.1791,1.1793,1001
2021.07.16,15:00,1.1794,1.1812,1.1792,1.1808,1589
2021.07.16,19:00,1.1809,1.1817,1.1802,1.1802,686
2021.07.16,23:00,1.1801,1.1806,1.1801,1.1804,142
2021.07.17,07:00,1.1804,1.1804,1.1804,1.1804,4
2021.07.17,11:00,1.1804,1.1804,1.1804,1.1804,1
2021.07.18,03:00,1.1804,1.1804,1.1804,1.1804,2
2021.07.18,07:00,1.1804,1.1804,1.1804,1.1804,1
2021.07.18,23:00,1.1806,1.1812,1.1802,1.1811,210
2021.07.19,03:00,1.181,1.1812,1.1797,1.1803,603
2021.07.19,07:00,1.1804,1.1807,1.1777,1.178,908
2021.07.19,11:00,1.1779,1.1782,1.1764,1.177,1463
2021.07.19,15:00,1.1769,1.1823,1.1763,1.1804,2049
2021.07.19,19:00,1.1803,1.1805,1.179,1.1796,1027
2021.07.19,23:00,1.1797,1.1801,1.179,1.1791,432
2021.07.20,03:00,1.179,1.1801,1.1789,1.1792,513
2021.07.20,07:00,1.1791,1.1791,1.1771,1.1782,992
2021.07.20,11:00,1.1783,1.1801,1.1775,1.1786,1501
2021.07.20,15:00,1.1785,1.1787,1.1754,1.1773,1842
2021.07.20,19:00,1.1774,1.1785,1.177,1.1781,960
2021.07.20,23:00,1.178,1.1782,1.1777,1.178,533
2021.07.21,03:00,1.1781,1.1782,1.1769,1.1774,452
2021.07.21,07:00,1.1773,1.1775,1.1751,1.176,875
2021.07.21,11:00,1.1759,1.1781,1.1753,1.1769,1176
2021.07.21,15:00,1.1768,1.1802,1.1758,1.1797,1648
2021.07.21,19:00,1.1796,1.1803,1.1788,1.1799,746
2021.07.21,23:00,1.1798,1.18,1.1789,1.1791,559
2021.07.22,03:00,1.1792,1.1797,1.1785,1.1795,652
2021.07.22,07:00,1.1794,1.18,1.1789,1.1792,850
2021.07.22,11:00,1.1791,1.1812,1.1778,1.1792,1313
2021.07.22,15:00,1.1791,1.1829,1.1763,1.1766,2527
2021.07.22,19:00,1.1765,1.1775,1.1756,1.1769,753
2021.07.22,23:00,1.1768,1.1775,1.1759,1.1771,466
2021.07.23,03:00,1.1772,1.1779,1.1768,1.1768,453
2021.07.23,07:00,1.1769,1.1778,1.1761,1.1776,1108
2021.07.23,11:00,1.1777,1.1785,1.1753,1.176,1261
2021.07.23,15:00,1.1761,1.1779,1.1753,1.1759,1356
2021.07.23,19:00,1.176,1.1774,1.1759,1.177,567
2021.07.23,23:00,1.1771,1.1775,1.1768,1.1768,83
2021.07.24,03:00,1.1768,1.1768,1.1768,1.1768,2
2021.07.24,11:00,1.1768,1.1768,1.1768,1.1768,1
2021.07.25,19:00,1.1768,1.1768,1.1768,1.1768,15
2021.07.25,19:00,1.1768,1.1768,1.1768,1.1768,11
2021.07.25,23:00,1.1772,1.1773,1.1766,1.1772,213
2021.07.26,03:00,1.1771,1.1777,1.1762,1.1777,535
2021.07.26,07:00,1.1778,1.1798,1.177,1.1782,880
2021.07.26,11:00,1.1781,1.1798,1.1766,1.1791,1259
2021.07.26,15:00,1.1792,1.1816,1.1778,1.1809,1450
2021.07.26,19:00,1.1808,1.1812,1.1798,1.1804,498
2021.07.26,23:00,1.1803,1.1806,1.1798,1.1803,398
2021.07.27,03:00,1.1804,1.1811,1.1799,1.1804,777
2021.07.27,07:00,1.1805,1.1805,1.1774,1.1782,1056
2021.07.27,11:00,1.1781,1.1798,1.1769,1.1797,988
2021.07.27,15:00,1.1798,1.1836,1.1798,1.1829,1639
2021.07.27,19:00,1.183,1.184,1.1818,1.182,651
2021.07.27,23:00,1.1819,1.1821,1.1812,1.1819,352
2021.07.28,03:00,1.182,1.1826,1.1811,1.182,651
2021.07.28,07:00,1.1821,1.1822,1.1802,1.1806,667
2021.07.28,11:00,1.1805,1.1829,1.1798,1.1809,1011
2021.07.28,15:00,1.181,1.181,1.1782,1.1808,1500
2021.07.28,19:00,1.1807,1.1848,1.1771,1.1846,2411
2021.07.28,23:00,1.1845,1.1848,1.1838,1.1844,415
2021.07.29,03:00,1.1845,1.1856,1.1839,1.1853,930
2021.07.29,07:00,1.1852,1.1869,1.1849,1.1867,1099
2021.07.29,11:00,1.1868,1.1879,1.1863,1.187,1025
2021.07.29,15:00,1.1871,1.189,1.187,1.1884,1423
2021.07.29,19:00,1.1885,1.1891,1.1877,1.1886,692
2021.07.29,23:00,1.1887,1.1893,1.1883,1.1889,369
2021.07.30,03:00,1.189,1.189,1.1876,1.1877,924
2021.07.30,07:00,1.1878,1.1894,1.1874,1.1894,841
2021.07.30,11:00,1.1893,1.1907,1.1881,1.1882,1106
2021.07.30,15:00,1.1883,1.1896,1.185,1.1863,1663
2021.07.30,19:00,1.1862,1.1863,1.1853,1.1861,586
2021.08.01,23:00,1.1864,1.1868,1.1861,1.1865,119
2021.08.02,03:00,1.1864,1.1871,1.1857,1.187,737
2021.08.02,07:00,1.1871,1.1886,1.1863,1.188,800
2021.08.02,11:00,1.1881,1.1896,1.1877,1.1889,918
2021.08.02,15:00,1.1888,1.1889,1.187,1.1871,1453
2021.08.02,19:00,1.187,1.1874,1.1864,1.187,639
2021.08.02,23:00,1.1869,1.1875,1.1867,1.1873,262
2021.08.03,03:00,1.1874,1.1877,1.1867,1.1873,608
2021.08.03,07:00,1.1874,1.1882,1.187,1.1877,981
2021.08.03,11:00,1.1876,1.1892,1.1872,1.1891,931
2021.08.03,15:00,1.189,1.189,1.1852,1.1857,1482
2021.08.03,19:00,1.1856,1.1868,1.1856,1.1864,515
2021.08.03,23:00,1.1865,1.1869,1.186,1.1868,243
2021.08.04,03:00,1.1867,1.1874,1.1859,1.1872,713
2021.08.04,07:00,1.1873,1.1878,1.1868,1.1875,590
2021.08.04,11:00,1.1876,1.1876,1.1841,1.1862,803
2021.08.04,15:00,1.1863,1.1898,1.1831,1.1841,1935
2021.08.04,19:00,1.184,1.1841,1.1834,1.1836,715
2021.08.04,23:00,1.1837,1.1838,1.1832,1.1836,226
2021.08.05,03:00,1.1837,1.1838,1.183,1.1833,433
2021.08.05,07:00,1.1832,1.1848,1.1829,1.1848,571
2021.08.05,11:00,1.1847,1.1855,1.1827,1.1854,974
2021.08.05,15:00,1.1855,1.1856,1.1831,1.1836,1587
2021.08.05,19:00,1.1837,1.184,1.183,1.1834,627
2021.08.05,23:00,1.1835,1.1835,1.1829,1.1832,192
2021.08.06,03:00,1.1831,1.1832,1.1817,1.1822,329
2021.08.06,07:00,1.1821,1.1828,1.1818,1.1823,762
2021.08.06,11:00,1.1822,1.1823,1.1799,1.1805,777
2021.08.06,15:00,1.1806,1.1807,1.1754,1.1759,2236
2021.08.06,19:00,1.176,1.1762,1.1753,1.1758,579
2021.08.06,23:00,1.1759,1.1763,1.1755,1.176,141
2021.08.08,19:00,1.176,1.176,1.176,1.176,7
2021.08.08,23:00,1.1761,1.1762,1.1741,1.1746,406
2021.08.09,03:00,1.1747,1.176,1.1741,1.1758,495
2021.08.09,07:00,1.1757,1.1765,1.1754,1.1756,712
2021.08.09,11:00,1.1757,1.1765,1.1748,1.1762,1028
2021.08.09,15:00,1.1761,1.1768,1.1739,1.1747,1609
2021.08.09,19:00,1.1748,1.1748,1.1734,1.1734,777
2021.08.09,23:00,1.1735,1.1738,1.1734,1.1735,171
2021.08.10,03:00,1.1736,1.1739,1.1731,1.1738,521
2021.08.10,07:00,1.1739,1.1742,1.1725,1.173,722
2021.08.10,11:00,1.1731,1.1738,1.1715,1.1721,1215
2021.08.10,15:00,1.1722,1.1724,1.1709,1.1719,1714
2021.08.10,19:00,1.172,1.1723,1.1713,1.1718,577
2021.08.10,23:00,1.1717,1.1721,1.1716,1.1719,209
2021.08.11,03:00,1.1718,1.1725,1.1711,1.1718,273
2021.08.11,07:00,1.1717,1.172,1.1705,1.1712,644
2021.08.11,11:00,1.1711,1.1717,1.1708,1.1715,711
2021.08.11,15:00,1.1714,1.1748,1.1712,1.1736,3015
2021.08.11,19:00,1.1735,1.1753,1.1733,1.1741,930
2021.08.11,23:00,1.174,1.1742,1.1737,1.1741,198
2021.08.12,03:00,1.174,1.1744,1.1734,1.1744,265
2021.08.12,07:00,1.1743,1.1745,1.1732,1.1741,623
2021.08.12,11:00,1.1742,1.1747,1.1731,1.1738,655
2021.08.12,15:00,1.1737,1.174,1.1723,1.1734,1533
2021.08.12,19:00,1.1735,1.1742,1.1729,1.1734,542
2021.08.12,23:00,1.1733,1.1738,1.1728,1.1735,383
2021.08.13,03:00,1.1734,1.1742,1.1732,1.1739,284
2021.08.13,07:00,1.174,1.174,1.1729,1.1734,503
2021.08.13,11:00,1.1733,1.1762,1.1733,1.1759,801
2021.08.13,15:00,1.176,1.18,1.1759,1.1795,1735
2021.08.13,19:00,1.1796,1.1804,1.1791,1.1797,525
2021.08.13,23:00,1.1796,1.1797,1.1794,1.1795,138
2021.08.15,23:00,1.1796,1.18,1.1791,1.1793,239
2021.08.16,03:00,1.1794,1.18,1.1789,1.1789,360
2021.08.16,07:00,1.179,1.1793,1.1778,1.178,530
2021.08.16,11:00,1.1779,1.179,1.1766,1.1767,777
2021.08.16,15:00,1.1768,1.179,1.1767,1.1774,1585
2021.08.16,19:00,1.1775,1.178,1.1773,1.1777,421
2021.08.16,23:00,1.1778,1.1779,1.1774,1.1777,192
2021.08.17,03:00,1.1776,1.1776,1.1766,1.1767,438
2021.08.17,07:00,1.1768,1.1774,1.1759,1.1771,848
2021.08.17,11:00,1.1772,1.1784,1.1761,1.1762,941
2021.08.17,15:00,1.1761,1.177,1.1709,1.1712,2542
2021.08.17,19:00,1.1713,1.1719,1.1707,1.1712,830
2021.08.17,23:00,1.1711,1.1712,1.1701,1.1708,430
2021.08.18,03:00,1.1707,1.1722,1.1707,1.1716,482
2021.08.18,07:00,1.1717,1.1729,1.1712,1.1723,547
2021.08.18,11:00,1.1724,1.1725,1.1705,1.1721,846
2021.08.18,15:00,1.172,1.1725,1.1693,1.17,1687
2021.08.18,19:00,1.1701,1.1742,1.1693,1.1712,2078
2021.08.18,23:00,1.1711,1.1716,1.1702,1.1702,301
2021.08.19,03:00,1.1703,1.1703,1.1665,1.1674,824
2021.08.19,07:00,1.1675,1.1683,1.1668,1.1682,1300
2021.08.19,11:00,1.1683,1.1703,1.1679,1.1698,1338
2021.08.19,15:00,1.1699,1.1703,1.1678,1.1692,1965
2021.08.19,19:00,1.1691,1.1692,1.1671,1.1676,736
2021.08.19,23:00,1.1675,1.1678,1.1674,1.1675,153
2021.08.20,03:00,1.1676,1.1686,1.1675,1.1684,455
2021.08.20,07:00,1.1685,1.1688,1.1677,1.1679,933
2021.08.20,11:00,1.168,1.1684,1.1666,1.1667,1038
2021.08.20,15:00,1.1668,1.169,1.1663,1.169,1957
2021.08.20,19:00,1.1689,1.1704,1.1688,1.1701,653
2021.08.20,23:00,1.17,1.1704,1.1698,1.1699,142
2021.08.22,19:00,1.1699,1.1699,1.1699,1.1699,10
2021.08.22,23:00,1.1696,1.1701,1.1692,1.1696,267
2021.08.23,03:00,1.1697,1.1723,1.1694,1.1719,495
2021.08.23,07:00,1.1718,1.1725,1.1706,1.1722,947
2021.08.23,11:00,1.1721,1.1732,1.1714,1.1717,984
2021.08.23,15:00,1.1718,1.1743,1.1715,1.1731,1658
2021.08.23,19:00,1.173,1.1749,1.173,1.1746,521
2021.08.23,23:00,1.1747,1.1748,1.1741,1.1743,223
2021.08.24,03:00,1.1744,1.1746,1.1733,1.1737,240
2021.08.24,07:00,1.1736,1.1746,1.1732,1.1737,617
2021.08.24,11:00,1.1736,1.1741,1.1726,1.1735,772
2021.08.24,15:00,1.1736,1.1764,1.1734,1.1746,1905
2021.08.24,19:00,1.1745,1.1757,1.1742,1.1757,509
2021.08.24,23:00,1.1756,1.1758,1.1751,1.1752,181
2021.08.25,03:00,1.1753,1.1757,1.1732,1.1737,311
2021.08.25,07:00,1.1738,1.1744,1.1731,1.1737,508
2021.08.25,11:00,1.1736,1.1759,1.1732,1.174,1041
2021.08.25,15:00,1.1739,1.1759,1.1725,1.1756,1902
2021.08.25,19:00,1.1755,1.1773,1.1752,1.177,754
2021.08.25,23:00,1.1769,1.1774,1.1767,1.1771,152
2021.08.26,03:00,1.177,1.1773,1.176,1.1762,353
2021.08.26,07:00,1.1763,1.1774,1.1756,1.1769,793
2021.08.26,11:00,1.1768,1.1778,1.1757,1.1769,858
2021.08.26,15:00,1.1768,1.1775,1.1745,1.1761,2323
2021.08.26,19:00,1.176,1.1762,1.1748,1.1754,827
2021.08.26,23:00,1.1753,1.1757,1.175,1.1753,299
2021.08.27,03:00,1.1752,1.1759,1.1741,1.1759,394
2021.08.27,07:00,1.1758,1.177,1.1756,1.176,583
2021.08.27,11:00,1.1761,1.1765,1.1749,1.1763,743
2021.08.27,15:00,1.1762,1.1801,1.1734,1.1792,4391
2021.08.27,19:00,1.1793,1.1801,1.1788,1.1796,712
2021.08.27,23:00,1.1795,1.1797,1.1793,1.1795,79
2021.08.29,23:00,1.1791,1.18,1.1791,1.1797,140
2021.08.30,03:00,1.1798,1.1809,1.1794,1.1803,456
2021.08.30,07:00,1.1802,1.1806,1.1793,1.1801,474
2021.08.30,11:00,1.18,1.1804,1.179,1.1799,702
2021.08.30,15:00,1.1798,1.1803,1.1782,1.1794,1248
2021.08.30,19:00,1.1793,1.1803,1.1792,1.1799,321
2021.08.30,23:00,1.1798,1.1799,1.1794,1.1796,164
2021.08.31,03:00,1.1795,1.1819,1.1794,1.1819,499
2021.08.31,07:00,1.1818,1.1831,1.1816,1.1827,650
2021.08.31,11:00,1.1826,1.1844,1.1819,1.1839,1359
2021.08.31,15:00,1.1838,1.1839,1.1796,1.1799,2724
2021.08.31,19:00,1.1798,1.1812,1.1797,1.1806,911
2021.08.31,23:00,1.1805,1.1811,1.1805,1.1809,219
2021.09.01,03:00,1.1808,1.181,1.1799,1.1803,412
2021.09.01,07:00,1.1804,1.1813,1.1793,1.1805,1046
2021.09.01,11:00,1.1804,1.1822,1.1802,1.1813,1272
2021.09.01,15:00,1.1814,1.1856,1.1813,1.1849,3395
2021.09.01,19:00,1.185,1.1855,1.1837,1.1837,750
2021.09.01,23:00,1.1838,1.1841,1.1837,1.184,419
2021.09.02,03:00,1.1841,1.1845,1.1836,1.1837,691
2021.09.02,07:00,1.1836,1.1851,1.1833,1.1847,1296
2021.09.02,11:00,1.1846,1.1855,1.1842,1.1846,1447
2021.09.02,15:00,1.1847,1.187,1.1836,1.1856,2026
2021.09.02,19:00,1.1857,1.1875,1.1857,1.1873,709
2021.09.02,23:00,1.1872,1.1876,1.187,1.1873,255
2021.09.03,03:00,1.1872,1.1883,1.1872,1.1878,807
2021.09.03,07:00,1.1877,1.1881,1.187,1.1874,1050
2021.09.03,11:00,1.1873,1.1882,1.1865,1.1872,1420
2021.09.03,15:00,1.1873,1.1908,1.1864,1.1882,4576
2021.09.03,19:00,1.1883,1.1897,1.1879,1.1879,705
2021.09.03,23:00,1.1878,1.188,1.1874,1.1876,103
2021.09.05,19:00,1.1876,1.1876,1.1876,1.1876,4
2021.09.05,23:00,1.188,1.1885,1.1878,1.1885,186
2021.09.06,03:00,1.1884,1.1885,1.1864,1.1867,412
2021.09.06,07:00,1.1866,1.1874,1.1859,1.1862,621
2021.09.06,11:00,1.1863,1.1868,1.1855,1.1861,1063
2021.09.06,15:00,1.1862,1.187,1.1857,1.1865,954
2021.09.06,19:00,1.1864,1.1871,1.1864,1.1868,442
2021.09.06,19:00,1.1864,1.1871,1.1864,1.1868,223
2021.09.06,23:00,1.1867,1.1873,1.1867,1.1872,998
2021.09.07,03:00,1.1873,1.1884,1.1872,1.1878,864
2021.09.07,07:00,1.1877,1.1882,1.1862,1.1875,1871
2021.09.07,11:00,1.1874,1.1879,1.1857,1.186,2728
2021.09.07,15:00,1.1861,1.1864,1.1837,1.1848,3483
2021.09.07,19:00,1.1847,1.1852,1.1837,1.1839,1013
2021.09.07,23:00,1.1838,1.1845,1.1838,1.1842,462
2021.09.08,03:00,1.1843,1.185,1.1839,1.1841,407
2021.09.08,07:00,1.1842,1.1844,1.1828,1.183,1577
2021.09.08,11:00,1.1829,1.1829,1.1811,1.1822,1935
2021.09.08,15:00,1.1821,1.1829,1.1801,1.1817,3231
2021.09.08,19:00,1.1816,1.1829,1.1815,1.1817,1114
2021.09.08,23:00,1.1818,1.1819,1.1813,1.1818,255
2021.09.09,03:00,1.1817,1.1824,1.1811,1.1817,855
2021.09.09,07:00,1.1818,1.1827,1.181,1.1821,1481
2021.09.09,11:00,1.1822,1.184,1.1821,1.1839,2946
2021.09.09,15:00,1.184,1.184,1.1804,1.1826,5863
2021.09.09,19:00,1.1827,1.1839,1.1824,1.1825,975
2021.09.09,23:00,1.1824,1.1827,1.1821,1.1822,283
2021.09.10,03:00,1.1823,1.1832,1.1818,1.1829,711
2021.09.10,07:00,1.183,1.1843,1.1824,1.1841,2118
2021.09.10,11:00,1.1842,1.185,1.1826,1.1833,2248
2021.09.10,15:00,1.1832,1.1841,1.1817,1.1821,3523
2021.09.10,19:00,1.182,1.1822,1.1811,1.1812,909
2021.09.10,23:00,1.1811,1.1813,1.1809,1.181,120
2021.09.12,19:00,1.181,1.181,1.181,1.181,6
2021.09.12,23:00,1.181,1.1816,1.1808,1.1811,253
2021.09.13,03:00,1.1812,1.1812,1.1801,1.1804,773
2021.09.13,07:00,1.1805,1.1805,1.1774,1.1786,1974
2021.09.13,11:00,1.1785,1.1792,1.1769,1.1773,1997
2021.09.13,15:00,1.1774,1.1816,1.177,1.1808,3002
2021.09.13,19:00,1.1807,1.1809,1.18,1.1807,855
2021.09.13,23:00,1.1806,1.1811,1.1806,1.1809,204
2021.09.14,03:00,1.181,1.1818,1.1805,1.1815,562
2021.09.14,07:00,1.1814,1.1829,1.1806,1.1824,1559
2021.09.14,11:00,1.1825,1.1826,1.1799,1.1809,1451
2021.09.14,15:00,1.181,1.1845,1.1806,1.1822,4864
2021.09.14,19:00,1.1821,1.1827,1.1799,1.1804,952
2021.09.14,23:00,1.1805,1.1808,1.18,1.1802,903
2021.09.15,03:00,1.1803,1.1811,1.18,1.1805,781
2021.09.15,07:00,1.1804,1.1818,1.1798,1.1816,1659
2021.09.15,11:00,1.1815,1.1831,1.1813,1.1821,1799
2021.09.15,15:00,1.182,1.1831,1.1806,1.1811,5382
2021.09.15,19:00,1.181,1.1817,1.1802,1.1816,1179
2021.09.15,23:00,1.1815,1.182,1.1813,1.1818,275
2021.09.16,03:00,1.1817,1.182,1.1811,1.1811,365
2021.09.16,07:00,1.1812,1.1812,1.1777,1.178,1551
2021.09.16,11:00,1.1781,1.1784,1.1761,1.1768,2470
2021.09.16,15:00,1.1767,1.1769,1.1749,1.1762,4715
2021.09.16,19:00,1.1763,1.177,1.1752,1.1768,1177
2021.09.16,23:00,1.1767,1.177,1.1761,1.1764,711
2021.09.17,03:00,1.1763,1.1769,1.1758,1.1768,902
2021.09.17,07:00,1.1769,1.1784,1.1767,1.1772,1632
2021.09.17,11:00,1.1773,1.1788,1.1768,1.1788,2219
2021.09.17,15:00,1.1787,1.1788,1.1728,1.1733,3575
2021.09.17,19:00,1.1732,1.1736,1.1724,1.173,775
2021.09.17,23:00,1.1729,1.173,1.1724,1.1725,157
2021.09.19,23:00,1.1726,1.173,1.1722,1.1728,184
2021.09.20,03:00,1.1729,1.1729,1.1709,1.171,432
2021.09.20,07:00,1.1711,1.1717,1.1705,1.171,1588
2021.09.20,11:00,1.1709,1.1716,1.1699,1.1704,2167
2021.09.20,15:00,1.1705,1.1736,1.1704,1.1728,3444
2021.09.20,19:00,1.1727,1.1733,1.1721,1.1729,883
2021.09.20,23:00,1.1728,1.173,1.1723,1.1726,517
2021.09.21,03:00,1.1725,1.1739,1.1722,1.1731,593
2021.09.21,07:00,1.1732,1.1737,1.1717,1.1726,2213
2021.09.21,11:00,1.1725,1.1745,1.1722,1.1744,1864
2021.09.21,15:00,1.1743,1.1748,1.1714,1.1723,3559
2021.09.21,19:00,1.1724,1.1731,1.1718,1.1728,855
2021.09.21,23:00,1.1729,1.1729,1.1721,1.1722,291
2021.09.22,03:00,1.1723,1.173,1.1716,1.1719,866
2021.09.22,07:00,1.1718,1.1737,1.1716,1.1728,1544
2021.09.22,11:00,1.1729,1.1736,1.1723,1.1725,1252
2021.09.22,15:00,1.1726,1.1744,1.1723,1.1737,2934
2021.09.22,19:00,1.1738,1.1755,1.1683,1.1694,4362
2021.09.22,23:00,1.1695,1.1696,1.1686,1.1686,338
2021.09.23,03:00,1.1687,1.1708,1.1683,1.1706,612
2021.09.23,07:00,1.1707,1.1724,1.1704,1.1714,1841
2021.09.23,11:00,1.1715,1.1732,1.1709,1.1714,3906
2021.09.23,15:00,1.1715,1.1749,1.1713,1.1733,4877
2021.09.23,19:00,1.1732,1.1748,1.173,1.1741,854
2021.09.23,23:00,1.174,1.1745,1.1735,1.1739,272
2021.09.24,03:00,1.174,1.1747,1.1737,1.174,979
2021.09.24,07:00,1.1741,1.1741,1.173,1.1737,1871
2021.09.24,11:00,1.1738,1.174,1.1712,1.1713,2020
2021.09.24,15:00,1.1714,1.1719,1.17,1.1713,2268
2021.09.24,19:00,1.1714,1.1724,1.1712,1.1715,608
2021.09.24,23:00,1.1716,1.1721,1.1715,1.172,55
2021.09.26,19:00,1.172,1.172,1.172,1.172,2
2021.09.26,23:00,1.1724,1.1724,1.1713,1.1722,309
2021.09.27,03:00,1.1721,1.1724,1.1716,1.1722,530
2021.09.27,07:00,1.1721,1.1724,1.1693,1.1694,1534
2021.09.27,11:00,1.1693,1.171,1.1684,1.1691,1716
2021.09.27,15:00,1.1692,1.1709,1.169,1.17,2639
2021.09.27,19:00,1.1701,1.1708,1.1696,1.1697,481
2021.09.27,23:00,1.1696,1.1699,1.1693,1.1695,256
2021.09.28,03:00,1.1694,1.1696,1.1684,1.1691,412
2021.09.28,07:00,1.169,1.1702,1.1671,1.1686,1493
2021.09.28,11:00,1.1685,1.1692,1.1672,1.1686,1896
2021.09.28,15:00,1.1687,1.17,1.1667,1.168,4401
2021.09.28,19:00,1.1679,1.1689,1.1674,1.1684,1404
2021.09.28,23:00,1.1685,1.1688,1.168,1.1685,342
2021.09.29,03:00,1.1686,1.1689,1.1677,1.1684,671
2021.09.29,07:00,1.1683,1.1687,1.1655,1.1661,1905
2021.09.29,11:00,1.1662,1.1671,1.1639,1.1649,2207
2021.09.29,15:00,1.1648,1.1658,1.1609,1.1611,2052
2021.09.29,19:00,1.161,1.1615,1.1588,1.1593,690
2021.09.29,23:00,1.1592,1.1601,1.159,1.1601,208
2021.09.30,03:00,1.16,1.1608,1.1597,1.1603,442
2021.09.30,07:00,1.1604,1.1608,1.1591,1.1604,927
2021.09.30,11:00,1.1603,1.1609,1.1567,1.1575,1121
2021.09.30,15:00,1.1576,1.1597,1.157,1.1577,2604
2021.09.30,19:00,1.1576,1.1588,1.1562,1.1582,1008
2021.09.30,23:00,1.1583,1.1585,1.1572,1.1573,243
2021.10.01,03:00,1.1574,1.1578,1.1562,1.1575,468
2021.10.01,07:00,1.1576,1.159,1.1574,1.1578,887
2021.10.01,11:00,1.1577,1.1602,1.1571,1.1597,1187
2021.10.01,15:00,1.1596,1.1606,1.1583,1.1596,2173
2021.10.01,19:00,1.1597,1.1602,1.1592,1.1597,571
2021.10.01,23:00,1.1598,1.1598,1.1591,1.1592,59
2021.10.03,15:00,1.1592,1.1592,1.1592,1.1592,11
2021.10.03,23:00,1.1599,1.161,1.1593,1.1606,144
2021.10.04,03:00,1.1607,1.1613,1.1587,1.1588,346
2021.10.04,07:00,1.1589,1.1608,1.1589,1.1608,609
2021.10.04,11:00,1.1609,1.1633,1.1605,1.1632,726
2021.10.04,15:00,1.1633,1.1639,1.1614,1.162,1506
2021.10.04,19:00,1.1619,1.1627,1.1615,1.162,498
2021.10.04,23:00,1.1621,1.1622,1.1614,1.1615,219
2021.10.05,03:00,1.1616,1.1619,1.1597,1.1598,447
2021.10.05,07:00,1.1599,1.1604,1.1589,1.1597,655
2021.10.05,11:00,1.1596,1.1604,1.1589,1.1597,840
2021.10.05,15:00,1.1598,1.1612,1.158,1.1608,1520
2021.10.05,19:00,1.1607,1.1611,1.1593,1.1595,424
2021.10.05,23:00,1.1596,1.16,1.1593,1.1595,202
2021.10.06,03:00,1.1594,1.1597,1.1587,1.1593,392
2021.10.06,07:00,1.1592,1.1593,1.1555,1.1555,666
2021.10.06,11:00,1.1556,1.156,1.1528,1.1537,1086
2021.10.06,15:00,1.1545,1.1555,1.1531,1.1543,968
2021.10.06,15:00,1.1538,1.1551,1.1536,1.1549,742
2021.10.06,19:00,1.1544,1.1558,1.1541,1.1558,755
2021.10.06,23:00,1.1557,1.1559,1.1552,1.1554,244
2021.10.07,03:00,1.1555,1.156,1.155,1.1555,363
2021.10.07,07:00,1.1554,1.157,1.1548,1.1568,609
2021.10.07,11:00,1.1567,1.1571,1.1554,1.1564,763
2021.10.07,15:00,1.1563,1.1568,1.1547,1.1559,1263
2021.10.07,19:00,1.1558,1.1564,1.1548,1.1553,477
2021.10.07,23:00,1.1554,1.1559,1.155,1.1558,253
2021.10.08,03:00,1.1559,1.1559,1.1549,1.1551,445
2021.10.08,07:00,1.1552,1.1553,1.154,1.1547,630
2021.10.08,11:00,1.1546,1.1568,1.1543,1.1561,806
2021.10.08,15:00,1.1562,1.1585,1.1555,1.1571,2434
2021.10.08,19:00,1.157,1.1577,1.1559,1.157,442
2021.10.08,23:00,1.1569,1.1574,1.1569,1.1574,74
2021.10.10,23:00,1.1569,1.1575,1.1563,1.1565,133
2021.10.11,03:00,1.1564,1.1578,1.1564,1.1571,438
2021.10.11,07:00,1.157,1.1586,1.1569,1.1573,844
2021.10.11,11:00,1.1574,1.1575,1.1551,1.1568,906
2021.10.11,15:00,1.1569,1.1583,1.1559,1.1572,1076
2021.10.11,19:00,1.1571,1.1572,1.1549,1.1549,357
2021.10.11,23:00,1.155,1.1555,1.1547,1.1552,236
2021.10.12,03:00,1.1553,1.156,1.1546,1.1559,439
2021.10.12,07:00,1.1558,1.1569,1.1555,1.1555,566
2021.10.12,11:00,1.1556,1.1566,1.1549,1.1555,760
2021.10.12,15:00,1.1556,1.1558,1.1532,1.1539,1489
2021.10.12,19:00,1.154,1.1541,1.1523,1.1531,569
2021.10.12,23:00,1.153,1.1532,1.1526,1.153,182
2021.10.13,03:00,1.1529,1.1555,1.1529,1.1551,405
2021.10.13,07:00,1.1552,1.1555,1.1545,1.155,879
2021.10.13,11:00,1.1549,1.1566,1.1547,1.1564,894
2021.10.13,15:00,1.1563,1.1578,1.1535,1.1567,2072
2021.10.13,19:00,1.1566,1.1596,1.1566,1.1593,788
2021.10.13,23:00,1.1592,1.1599,1.1589,1.1596,200
2021.10.14,03:00,1.1597,1.16,1.1588,1.1593,381
2021.10.14,07:00,1.1594,1.1611,1.1587,1.1607,716
2021.10.14,11:00,1.1606,1.1624,1.1602,1.1602,874
2021.10.14,15:00,1.1603,1.1608,1.1583,1.159,1596
2021.10.14,19:00,1.1589,1.1601,1.1584,1.1597,503
2021.10.14,23:00,1.1596,1.1598,1.1589,1.1589,226
2021.10.15,03:00,1.159,1.1611,1.1587,1.1607,354
2021.10.15,07:00,1.1608,1.1614,1.1603,1.1611,598
2021.10.15,11:00,1.161,1.1618,1.1598,1.1602,845
2021.10.15,15:00,1.1601,1.1609,1.1588,1.1592,1543
2021.10.15,19:00,1.1593,1.1605,1.159,1.1602,588
2021.10.15,23:00,1.1603,1.1605,1.1597,1.1598,70
2021.10.17,23:00,1.1596,1.1604,1.1596,1.1596,208
2021.10.18,03:00,1.1595,1.1597,1.158,1.1581,682
2021.10.18,07:00,1.1582,1.1592,1.1571,1.1592,882
2021.10.18,11:00,1.1591,1.1597,1.1576,1.1596,808
2021.10.18,15:00,1.1597,1.1612,1.1592,1.1608,1485
2021.10.18,19:00,1.1609,1.1621,1.1608,1.161,419
2021.10.18,23:00,1.1609,1.1613,1.1608,1.1612,247
2021.10.19,03:00,1.1613,1.1646,1.1612,1.1646,398
2021.10.19,07:00,1.1645,1.1657,1.1644,1.1653,893
2021.10.19,11:00,1.1652,1.1668,1.1649,1.1656,913
2021.10.19,15:00,1.1655,1.1658,1.1629,1.1631,1237
2021.10.19,19:00,1.163,1.1644,1.1629,1.1635,390
2021.10.19,23:00,1.1634,1.1635,1.163,1.163,154
2021.10.20,03:00,1.1631,1.1647,1.1627,1.1643,487
2021.10.20,07:00,1.1642,1.1651,1.1616,1.1624,749
2021.10.20,11:00,1.1623,1.1635,1.162,1.1622,706
2021.10.20,15:00,1.1623,1.1651,1.1621,1.1642,1332
2021.10.20,19:00,1.1641,1.1658,1.1641,1.1652,562
2021.10.20,23:00,1.1651,1.1656,1.1647,1.1652,192
2021.10.21,03:00,1.1651,1.1666,1.165,1.1664,406
2021.10.21,07:00,1.1663,1.1664,1.1635,1.164,716
2021.10.21,11:00,1.1641,1.1644,1.1633,1.1641,699
2021.10.21,15:00,1.164,1.1651,1.163,1.1641,1573
2021.10.21,19:00,1.1642,1.1643,1.162,1.1621,496
2021.10.21,23:00,1.1622,1.1625,1.1619,1.1624,168
2021.10.22,03:00,1.1623,1.1631,1.162,1.1626,520
2021.10.22,07:00,1.1627,1.1646,1.1622,1.1641,777
2021.10.22,11:00,1.1642,1.1646,1.163,1.163,733
2021.10.22,15:00,1.1629,1.1655,1.1624,1.1631,2051
2021.10.22,19:00,1.163,1.1643,1.1621,1.1643,784
2021.10.22,23:00,1.1642,1.1644,1.1639,1.1643,62
2021.10.24,23:00,1.1637,1.1644,1.1635,1.1638,130
2021.10.25,03:00,1.1639,1.1664,1.1638,1.1663,507
2021.10.25,07:00,1.1664,1.1664,1.164,1.1657,766
2021.10.25,11:00,1.1658,1.1659,1.1603,1.1607,1112
2021.10.25,15:00,1.1606,1.1614,1.159,1.1609,1325
2021.10.25,19:00,1.1608,1.1616,1.1604,1.1612,551
2021.10.25,23:00,1.1611,1.1612,1.1605,1.1608,164
2021.10.26,03:00,1.1609,1.1609,1.1596,1.16,328
2021.10.26,07:00,1.1601,1.1606,1.1593,1.1597,658
2021.10.26,11:00,1.1598,1.1625,1.1596,1.1615,1035
2021.10.26,15:00,1.1616,1.1622,1.1584,1.1589,1571
2021.10.26,19:00,1.159,1.1599,1.1585,1.1598,409
2021.10.26,23:00,1.1597,1.16,1.1588,1.1595,299
2021.10.27,03:00,1.1596,1.1603,1.1595,1.1601,516
2021.10.27,07:00,1.16,1.1612,1.1594,1.1604,716
2021.10.27,11:00,1.1603,1.1607,1.1584,1.1604,1241
2021.10.27,15:00,1.1603,1.1625,1.1587,1.1599,2124
2021.10.27,19:00,1.1598,1.1615,1.1598,1.1599,751
2021.10.27,23:00,1.1598,1.1604,1.1598,1.1598,181
2021.10.28,03:00,1.1597,1.1609,1.1588,1.1605,503
2021.10.28,07:00,1.1604,1.1613,1.1594,1.1608,883
2021.10.28,11:00,1.1609,1.1617,1.1581,1.1596,1519
2021.10.28,15:00,1.1597,1.1691,1.1581,1.1683,3742
2021.10.28,19:00,1.1684,1.1688,1.167,1.168,750
2021.10.28,23:00,1.1679,1.1685,1.1677,1.168,299
2021.10.29,03:00,1.1681,1.1688,1.1672,1.1675,671
2021.10.29,07:00,1.1676,1.1676,1.1657,1.167,981
2021.10.29,11:00,1.1669,1.1669,1.1644,1.1646,1244
2021.10.29,15:00,1.1647,1.1647,1.1545,1.1549,2564
2021.10.29,19:00,1.155,1.1562,1.1534,1.1559,760
2021.10.29,23:00,1.1558,1.1562,1.1556,1.1562,107
2021.10.31,22:00,1.1559,1.1562,1.1555,1.1555,112
2021.11.01,02:00,1.1556,1.156,1.1549,1.155,465
2021.11.01,06:00,1.1549,1.1564,1.1545,1.1563,868
2021.11.01,10:00,1.1562,1.1576,1.1559,1.1571,1306
2021.11.01,14:00,1.157,1.1593,1.1565,1.159,1371
2021.11.01,18:00,1.1591,1.1608,1.1585,1.1605,640
2021.11.01,22:00,1.1606,1.1608,1.1597,1.1599,342
2021.11.02,02:00,1.16,1.1601,1.1594,1.1598,441
2021.11.02,06:00,1.1599,1.1612,1.1598,1.1608,716
2021.11.02,10:00,1.1609,1.161,1.1585,1.1602,1203
2021.11.02,14:00,1.1601,1.1607,1.1577,1.158,1690
2021.11.02,18:00,1.1579,1.1584,1.1574,1.1582,702
2021.11.02,22:00,1.1581,1.1582,1.1575,1.1578,191
2021.11.03,02:00,1.1577,1.1587,1.1574,1.1582,286
2021.11.03,06:00,1.1581,1.1587,1.1578,1.158,458
2021.11.03,10:00,1.1581,1.1597,1.1578,1.1586,1130
2021.11.03,14:00,1.1587,1.1589,1.1561,1.1584,1946
2021.11.03,18:00,1.1583,1.1616,1.1571,1.1607,3584
2021.11.03,22:00,1.1606,1.1615,1.1603,1.1615,336
2021.11.04,02:00,1.1614,1.1615,1.1592,1.1592,445
2021.11.04,06:00,1.1593,1.1595,1.1569,1.157,647
2021.11.04,10:00,1.1571,1.1571,1.1542,1.1554,1673
2021.11.04,14:00,1.1553,1.1572,1.1527,1.1544,2456
2021.11.04,18:00,1.1545,1.1557,1.1539,1.1556,1013
2021.11.04,22:00,1.1557,1.1557,1.1548,1.1554,261
2021.11.05,02:00,1.1555,1.1555,1.154,1.1546,776
2021.11.05,06:00,1.1545,1.1562,1.1545,1.1559,779
2021.11.05,10:00,1.156,1.156,1.1529,1.1533,1773
2021.11.05,14:00,1.1532,1.1555,1.1512,1.1552,2986
2021.11.05,18:00,1.1551,1.1568,1.1547,1.1567,1137
2021.11.05,22:00,1.1566,1.1572,1.1565,1.1566,99
2021.11.07,22:00,1.1561,1.1569,1.1557,1.1567,406
2021.11.08,02:00,1.1566,1.1567,1.1552,1.1557,262
2021.11.08,06:00,1.1556,1.1568,1.155,1.1559,360
2021.11.08,10:00,1.156,1.1575,1.155,1.1571,1106
2021.11.08,14:00,1.157,1.1594,1.1563,1.1588,1383
2021.11.08,18:00,1.1589,1.1594,1.1583,1.1588,581
2021.11.08,22:00,1.1589,1.1591,1.1582,1.1587,354
2021.11.09,02:00,1.1586,1.159,1.1576,1.1584,475
2021.11.09,06:00,1.1585,1.1606,1.1585,1.1595,616
2021.11.09,10:00,1.1596,1.1598,1.1577,1.1579,956
2021.11.09,14:00,1.158,1.1608,1.1569,1.1584,1937
2021.11.09,18:00,1.1585,1.1594,1.1571,1.1593,891
2021.11.09,22:00,1.1594,1.1598,1.159,1.1593,278
2021.11.10,02:00,1.1594,1.1594,1.1582,1.1583,356
2021.11.10,06:00,1.1584,1.1584,1.1557,1.1568,516
2021.11.10,10:00,1.1567,1.1581,1.1545,1.1548,1189
2021.11.10,14:00,1.1549,1.1573,1.151,1.1518,2802
2021.11.10,18:00,1.1517,1.1534,1.1481,1.1483,2043
2021.11.10,22:00,1.1482,1.1486,1.1475,1.1485,515
2021.11.11,02:00,1.1484,1.1487,1.1464,1.1475,538
2021.11.11,06:00,1.1476,1.1484,1.1459,1.1459,545
2021.11.11,10:00,1.146,1.1476,1.1453,1.1469,1479
2021.11.11,14:00,1.1468,1.1476,1.1455,1.147,1445
2021.11.11,18:00,1.1469,1.147,1.1444,1.1444,531
2021.11.11,22:00,1.1445,1.1451,1.1442,1.1447,294
2021.11.12,02:00,1.1446,1.1447,1.1435,1.1438,395
2021.11.12,06:00,1.1437,1.1455,1.1437,1.145,516
2021.11.12,10:00,1.1449,1.1454,1.1437,1.1449,1094
2021.11.12,14:00,1.1448,1.1461,1.1432,1.1443,1613
2021.11.12,18:00,1.1442,1.1451,1.144,1.1443,785
2021.11.14,22:00,1.1446,1.1447,1.144,1.144,118
2021.11.15,02:00,1.1441,1.1463,1.1441,1.1457,417
2021.11.15,06:00,1.1458,1.1462,1.1448,1.1449,404
2021.11.15,10:00,1.1448,1.1456,1.1436,1.1449,1278
2021.11.15,14:00,1.145,1.1453,1.1417,1.1419,1501
2021.11.15,18:00,1.142,1.1423,1.1377,1.1385,1165
2021.11.15,22:00,1.1384,1.1386,1.1355,1.1366,619
2021.11.16,02:00,1.1367,1.1385,1.1365,1.1382,394
2021.11.16,06:00,1.1381,1.1384,1.1367,1.1379,448
2021.11.16,10:00,1.1378,1.1378,1.1351,1.1366,1104
2021.11.16,14:00,1.1367,1.1374,1.1329,1.1349,1870
2021.11.16,18:00,1.135,1.1355,1.1315,1.1316,902
2021.11.16,22:00,1.1315,1.1322,1.1309,1.1317,415
2021.11.17,02:00,1.1316,1.1326,1.1263,1.1288,850
2021.11.17,06:00,1.1289,1.1316,1.1289,1.1302,912
2021.11.17,10:00,1.1301,1.1324,1.1298,1.1324,1201
2021.11.17,14:00,1.1323,1.1331,1.1293,1.1307,1538
2021.11.17,18:00,1.1308,1.1325,1.1299,1.1314,987
2021.11.17,22:00,1.1313,1.1323,1.131,1.1317,386
2021.11.18,02:00,1.1318,1.1337,1.1316,1.1327,484
2021.11.18,06:00,1.1328,1.1338,1.1313,1.1334,497
2021.11.18,10:00,1.1335,1.1347,1.1323,1.1343,1033
2021.11.18,14:00,1.1344,1.1358,1.1326,1.1347,1629
2021.11.18,18:00,1.1348,1.1373,1.1346,1.137,719
2021.11.18,22:00,1.1369,1.1373,1.1367,1.1367,266
2021.11.19,02:00,1.1366,1.1368,1.1351,1.1354,473
2021.11.19,06:00,1.1355,1.136,1.1343,1.1343,345
2021.11.19,10:00,1.1344,1.1344,1.1282,1.1289,2277
2021.11.19,14:00,1.129,1.1321,1.1249,1.1317,2588
2021.11.19,18:00,1.1316,1.1321,1.1285,1.1289,1124
2021.11.19,22:00,1.1288,1.1291,1.1282,1.1282,218
2021.11.21,22:00,1.129,1.129,1.1271,1.1274,225
2021.11.22,02:00,1.1275,1.1289,1.1264,1.127,741
2021.11.22,06:00,1.1271,1.1278,1.1259,1.1259,757
2021.11.22,10:00,1.126,1.129,1.126,1.1276,1495
2021.11.22,14:00,1.1275,1.1282,1.1235,1.1245,2591
2021.11.22,18:00,1.1246,1.1265,1.123,1.1231,1290
2021.11.22,22:00,1.123,1.1241,1.123,1.1241,424
2021.11.23,02:00,1.124,1.1243,1.1225,1.1236,441
2021.11.23,06:00,1.1235,1.1263,1.1231,1.1252,921
2021.11.23,10:00,1.1251,1.1274,1.1238,1.1243,2136
2021.11.23,14:00,1.1242,1.1264,1.1233,1.1263,2005
2021.11.23,18:00,1.1262,1.127,1.1245,1.1249,1069
2021.11.23,22:00,1.125,1.1253,1.1241,1.1244,349
2021.11.24,02:00,1.1243,1.1246,1.1232,1.1235,578
2021.11.24,06:00,1.1234,1.1246,1.1232,1.1244,913
2021.11.24,10:00,1.1245,1.1254,1.1203,1.1216,2055
2021.11.24,14:00,1.1217,1.1219,1.1185,1.1195,3112
2021.11.24,18:00,1.1196,1.1203,1.1187,1.1198,1396
2021.11.24,22:00,1.1199,1.1205,1.1197,1.1202,293
2021.11.25,02:00,1.1203,1.1217,1.1202,1.1213,371
2021.11.25,06:00,1.1214,1.1219,1.1209,1.1215,370
2021.11.25,10:00,1.1214,1.1228,1.1214,1.1218,917
2021.11.25,14:00,1.1217,1.1229,1.1207,1.1209,940
2021.11.25,18:00,1.1208,1.1214,1.1205,1.1208,654
2021.11.25,22:00,1.1209,1.1212,1.1205,1.1208,386
2021.11.26,02:00,1.1209,1.1226,1.1206,1.1219,866
2021.11.26,06:00,1.1218,1.1243,1.1217,1.1233,1221
2021.11.26,10:00,1.1232,1.1294,1.1229,1.1277,2935
2021.11.26,14:00,1.1278,1.132,1.1273,1.1316,2726
2021.11.26,18:00,1.1319,1.1319,1.1312,1.1313,64
2021.11.26,22:00,1.1314,1.1328,1.1312,1.1324,262
2021.11.28,22:00,1.1303,1.1313,1.128,1.1291,674
2021.11.29,02:00,1.129,1.1296,1.1276,1.128,864
2021.11.29,06:00,1.1279,1.1284,1.1261,1.1263,955
2021.11.29,10:00,1.1262,1.1294,1.1259,1.1291,1284
2021.11.29,14:00,1.1292,1.1293,1.1258,1.1265,1849
2021.11.29,18:00,1.1266,1.1275,1.1258,1.1272,811
2021.11.29,22:00,1.1273,1.13,1.1273,1.1292,495
2021.11.30,02:00,1.1293,1.1304,1.1284,1.1298,396
2021.11.30,06:00,1.1297,1.1331,1.1294,1.1328,1247
2021.11.30,10:00,1.1329,1.1372,1.1328,1.1347,1644
2021.11.30,14:00,1.1346,1.1382,1.1249,1.1258,2912
2021.11.30,18:00,1.1259,1.1324,1.1234,1.1324,3102
2021.11.30,22:00,1.1323,1.1345,1.1318,1.1329,619
2021.12.01,02:00,1.1328,1.1335,1.1316,1.1327,619
2021.12.01,06:00,1.1326,1.1343,1.1316,1.134,763
2021.12.01,10:00,1.1339,1.1359,1.1302,1.132,1802
2021.12.01,14:00,1.1321,1.1357,1.131,1.1334,2045
2021.12.01,18:00,1.1333,1.1334,1.1314,1.1317,1434
2021.12.01,22:00,1.1316,1.132,1.1308,1.1318,529
2021.12.02,02:00,1.1319,1.1338,1.1314,1.133,429
2021.12.02,06:00,1.1331,1.1333,1.1306,1.1309,603
2021.12.02,10:00,1.131,1.1343,1.131,1.1339,1237
2021.12.02,14:00,1.1338,1.1347,1.1312,1.1317,1987
2021.12.02,18:00,1.1318,1.132,1.1294,1.1296,1224
2021.12.02,22:00,1.1297,1.1306,1.1297,1.1305,395
2021.12.03,02:00,1.1306,1.1307,1.129,1.1293,338
2021.12.03,06:00,1.1292,1.1301,1.1281,1.1292,510
2021.12.03,10:00,1.1291,1.1315,1.1284,1.1308,1115
2021.12.03,14:00,1.1307,1.1333,1.1266,1.1278,3584
2021.12.03,18:00,1.1279,1.1326,1.1276,1.1311,1590
2021.12.03,22:00,1.1312,1.1314,1.13,1.1308,336
2021.12.05,22:00,1.1304,1.131,1.13,1.1303,185
2021.12.06,02:00,1.1302,1.1303,1.1287,1.1292,552
2021.12.06,06:00,1.1291,1.1293,1.1274,1.1274,525
2021.12.06,10:00,1.1275,1.1309,1.1274,1.1292,1030
2021.12.06,14:00,1.1291,1.1307,1.1266,1.1271,1444
2021.12.06,18:00,1.1272,1.1287,1.1269,1.1278,791
2021.12.06,22:00,1.1277,1.1286,1.1277,1.1283,409
2021.12.07,02:00,1.1282,1.1292,1.1275,1.129,481
2021.12.07,06:00,1.1291,1.1297,1.1286,1.1288,574
2021.12.07,10:00,1.1289,1.1294,1.1253,1.1257,1406
2021.12.07,14:00,1.1256,1.1259,1.1227,1.1245,1811
2021.12.07,18:00,1.1244,1.126,1.1236,1.126,910
2021.12.07,22:00,1.1259,1.1273,1.1258,1.1272,447
2021.12.08,02:00,1.1273,1.1293,1.1272,1.1291,339
2021.12.08,06:00,1.129,1.1295,1.1283,1.1285,457
2021.12.08,10:00,1.1286,1.1299,1.1267,1.1276,1355
2021.12.08,14:00,1.1275,1.1334,1.1266,1.1332,2149
2021.12.08,18:00,1.1331,1.135,1.1324,1.1348,846
2021.12.08,22:00,1.1349,1.1354,1.1339,1.1343,506
2021.12.09,02:00,1.1342,1.1343,1.1328,1.1334,393
2021.12.09,06:00,1.1335,1.1336,1.1316,1.132,549
2021.12.09,10:00,1.1321,1.1326,1.131,1.1316,1082
2021.12.09,14:00,1.1315,1.132,1.1278,1.1283,1588
2021.12.09,18:00,1.1284,1.1293,1.1278,1.1286,843
2021.12.09,22:00,1.1287,1.1297,1.1287,1.1293,322
2021.12.10,02:00,1.1292,1.1301,1.1286,1.1297,488
2021.12.10,06:00,1.1296,1.1302,1.1286,1.1293,403
2021.12.10,10:00,1.1292,1.1296,1.1264,1.1267,970
2021.12.10,14:00,1.1268,1.1309,1.1266,1.1301,2211
2021.12.10,18:00,1.13,1.1323,1.13,1.131,726
2021.12.10,22:00,1.1311,1.1318,1.131,1.1315,130
2021.12.12,22:00,1.1314,1.1318,1.1309,1.131,215
2021.12.13,02:00,1.1309,1.1313,1.1293,1.1297,511
2021.12.13,06:00,1.1296,1.1299,1.1283,1.1289,403
2021.12.13,10:00,1.129,1.1292,1.1259,1.1273,992
2021.12.13,14:00,1.1274,1.1297,1.1272,1.1275,1393
2021.12.13,18:00,1.1274,1.1306,1.1273,1.1286,639
2021.12.13,22:00,1.1287,1.129,1.128,1.1283,375
2021.12.13,22:00,1.1287,1.129,1.128,1.1282,297
2021.12.14,02:00,1.1282,1.1284,1.1271,1.1272,488
2021.12.14,06:00,1.1273,1.1282,1.127,1.127,552
2021.12.14,10:00,1.1269,1.1323,1.1266,1.1318,1308
2021.12.14,14:00,1.1317,1.1319,1.127,1.1272,1489
2021.12.14,18:00,1.1273,1.1276,1.1255,1.1255,623
2021.12.14,22:00,1.1256,1.1259,1.1253,1.1257,276
2021.12.15,02:00,1.1256,1.1269,1.1256,1.1259,398
2021.12.15,06:00,1.126,1.1276,1.126,1.1263,384
2021.12.15,10:00,1.1264,1.1276,1.1262,1.1269,887
2021.12.15,14:00,1.127,1.1275,1.1247,1.1251,1640
2021.12.15,18:00,1.125,1.1274,1.1221,1.1271,2780
2021.12.15,22:00,1.1272,1.1298,1.1263,1.129,1127
2021.12.16,02:00,1.1291,1.1291,1.128,1.1285,536
2021.12.16,06:00,1.1286,1.1311,1.1283,1.1304,565
2021.12.16,10:00,1.1305,1.1318,1.129,1.1295,1306
2021.12.16,14:00,1.1296,1.1359,1.1291,1.1306,3290
2021.12.16,18:00,1.1305,1.1325,1.13,1.1324,638
2021.12.16,22:00,1.1323,1.1336,1.1318,1.1333,505
2021.12.17,02:00,1.1334,1.1334,1.1319,1.1326,556
2021.12.17,06:00,1.1327,1.1348,1.1316,1.1317,679
2021.12.17,10:00,1.1318,1.1339,1.1311,1.1317,1319
2021.12.17,14:00,1.1316,1.1332,1.1273,1.1273,1646
2021.12.17,18:00,1.1274,1.1278,1.125,1.1251,811
2021.12.17,22:00,1.125,1.1252,1.1234,1.1237,296
2021.12.19,22:00,1.1238,1.1243,1.1234,1.1242,143
2021.12.20,02:00,1.1241,1.1249,1.1236,1.1247,489
2021.12.20,06:00,1.1246,1.126,1.1244,1.1254,808
2021.12.20,10:00,1.1255,1.1276,1.1249,1.127,1407
2021.12.20,14:00,1.1269,1.1303,1.1267,1.1288,1617
2021.12.20,18:00,1.1287,1.1303,1.1273,1.1273,752
2021.12.20,22:00,1.1274,1.1286,1.1271,1.1276,368
2021.12.21,02:00,1.1277,1.1286,1.1272,1.1282,500
2021.12.21,06:00,1.1281,1.1295,1.1275,1.1287,659
2021.12.21,10:00,1.1286,1.1302,1.1275,1.1284,1317
2021.12.21,14:00,1.1285,1.13,1.126,1.1263,1657
2021.12.21,18:00,1.1264,1.1281,1.126,1.128,766
2021.12.21,22:00,1.1279,1.1287,1.1271,1.1286,329
2021.12.22,02:00,1.1287,1.1293,1.1273,1.1275,417
2021.12.22,06:00,1.1276,1.1276,1.1263,1.1267,582
2021.12.22,10:00,1.1266,1.131,1.1265,1.13,1312
2021.12.22,14:00,1.1301,1.1323,1.1297,1.132,1461
2021.12.22,18:00,1.1321,1.1341,1.1318,1.1332,796
2021.12.22,22:00,1.1331,1.1338,1.1317,1.1325,547
2021.12.23,02:00,1.1326,1.1341,1.1326,1.1338,363
2021.12.23,06:00,1.1337,1.1341,1.1325,1.1327,351
2021.12.23,10:00,1.1326,1.1329,1.131,1.1323,995
2021.12.23,14:00,1.1322,1.1327,1.1289,1.1308,1737
2021.12.23,18:00,1.1307,1.1337,1.1305,1.1333,654
2021.12.23,22:00,1.1334,1.1334,1.1321,1.1321,678
2021.12.24,02:00,1.1322,1.133,1.132,1.1327,451
2021.12.24,06:00,1.1328,1.1334,1.1326,1.133,404
2021.12.24,10:00,1.1331,1.1343,1.1325,1.1327,636
2021.12.24,14:00,1.1326,1.1332,1.1306,1.1307,1413
2021.12.26,22:00,1.1314,1.1325,1.1311,1.1322,125
2021.12.26,22:00,1.1314,1.1314,1.1314,1.1314,2
2021.12.27,02:00,1.1321,1.1323,1.1312,1.1323,297
2021.12.27,06:00,1.1324,1.133,1.1312,1.1329,272
2021.12.27,10:00,1.1328,1.1333,1.1302,1.1314,948
2021.12.27,14:00,1.1313,1.133,1.1303,1.1318,911
2021.12.27,18:00,1.1317,1.1331,1.1317,1.1324,387
2021.12.27,22:00,1.1325,1.1329,1.1323,1.1329,178
2021.12.28,02:00,1.1328,1.133,1.1317,1.1325,404
2021.12.28,06:00,1.1326,1.1328,1.1315,1.1317,310
2021.12.28,10:00,1.1316,1.1332,1.1315,1.1332,790
2021.12.28,14:00,1.1331,1.1332,1.1289,1.1295,1073
2021.12.28,18:00,1.1294,1.132,1.1294,1.1301,588
2021.12.28,22:00,1.1302,1.1314,1.1301,1.1312,903
2021.12.29,02:00,1.1313,1.1313,1.1297,1.1305,294
2021.12.29,06:00,1.1304,1.1306,1.1297,1.1299,304
2021.12.29,10:00,1.1298,1.1302,1.1273,1.13,1049
2021.12.29,14:00,1.1299,1.1368,1.1291,1.1348,1798
2021.12.29,18:00,1.1349,1.1352,1.1334,1.1342,761
2021.12.29,22:00,1.1341,1.1359,1.134,1.1359,287
2021.12.30,02:00,1.1358,1.1358,1.1336,1.1337,386
2021.12.30,06:00,1.1336,1.1337,1.1314,1.1317,492
2021.12.30,10:00,1.1316,1.1325,1.1299,1.1325,877
2021.12.30,14:00,1.1324,1.1344,1.1298,1.133,1677
2021.12.30,18:00,1.1329,1.1331,1.1303,1.1326,609
2021.12.30,22:00,1.1327,1.1329,1.1317,1.1321,367
2021.12.31,02:00,1.1322,1.1328,1.1314,1.1315,196
2021.12.31,06:00,1.1316,1.1325,1.1309,1.131,87
2022.01.03,06:00,1.1337,1.1349,1.1334,1.1346,299
2022.01.03,10:00,1.1345,1.1365,1.1334,1.1355,1294
2022.01.03,14:00,1.1354,1.1363,1.1289,1.1291,2027
2022.01.03,18:00,1.1292,1.1299,1.1279,1.1296,858
2022.01.03,22:00,1.1297,1.1301,1.1293,1.1301,452
2022.01.04,02:00,1.1302,1.1308,1.1295,1.1297,420
2022.01.04,06:00,1.1296,1.1306,1.1282,1.1291,587
2022.01.04,10:00,1.129,1.1307,1.1275,1.1275,1545
2022.01.04,14:00,1.1276,1.1322,1.1271,1.1308,1889
2022.01.04,18:00,1.1309,1.1315,1.1277,1.1287,1029
2022.01.04,22:00,1.1288,1.1289,1.128,1.1282,417
2022.01.05,02:00,1.1281,1.1296,1.1276,1.1295,323
2022.01.05,06:00,1.1294,1.1302,1.1286,1.1298,419
2022.01.05,10:00,1.1299,1.1323,1.1296,1.1318,1311
2022.01.05,14:00,1.1317,1.1343,1.1302,1.1336,2016
2022.01.05,18:00,1.1335,1.1346,1.1307,1.1309,1595
2022.01.05,22:00,1.131,1.1314,1.1301,1.131,533
2022.01.06,02:00,1.1309,1.132,1.1304,1.1314,485
2022.01.06,06:00,1.1313,1.1315,1.1284,1.1289,751
2022.01.06,10:00,1.1288,1.1326,1.1284,1.1312,1617
2022.01.06,14:00,1.1313,1.1331,1.1292,1.1294,2604
2022.01.06,18:00,1.1295,1.1308,1.1286,1.1286,1048
2022.01.06,22:00,1.1287,1.1299,1.1285,1.1294,352
2022.01.07,02:00,1.1295,1.1301,1.1289,1.1298,360
2022.01.07,06:00,1.1297,1.1305,1.1297,1.1305,377
2022.01.07,10:00,1.1304,1.1318,1.13,1.1304,1053
2022.01.07,14:00,1.1303,1.1348,1.1291,1.1346,2894
2022.01.07,18:00,1.1347,1.1364,1.1337,1.1362,876
2022.01.07,22:00,1.1361,1.1363,1.1356,1.1358,160
2022.01.09,22:00,1.1355,1.1358,1.1349,1.1353,256
2022.01.10,02:00,1.1352,1.1357,1.1333,1.1337,292
2022.01.10,06:00,1.1336,1.134,1.1326,1.1328,401
2022.01.10,10:00,1.1329,1.1344,1.132,1.1324,1403
2022.01.10,14:00,1.1325,1.1329,1.1284,1.1318,2109
2022.01.10,18:00,1.1317,1.1334,1.1315,1.1322,992
2022.01.10,22:00,1.1323,1.1332,1.1321,1.1329,367
2022.01.11,02:00,1.1328,1.1343,1.1328,1.1341,422
2022.01.11,06:00,1.134,1.1343,1.1331,1.1341,510
2022.01.11,10:00,1.134,1.1351,1.1325,1.1338,1325
2022.01.11,14:00,1.1337,1.1344,1.1312,1.1339,1572
2022.01.11,18:00,1.134,1.1374,1.134,1.1366,930
2022.01.11,22:00,1.1365,1.137,1.1363,1.1365,373
2022.01.12,02:00,1.1366,1.1375,1.1363,1.1374,328
2022.01.12,06:00,1.1373,1.1377,1.1354,1.1358,436
2022.01.12,10:00,1.1357,1.1373,1.1354,1.1361,994
2022.01.12,14:00,1.1362,1.1424,1.1359,1.1419,2626
2022.01.12,18:00,1.142,1.1452,1.1418,1.1449,972
2022.01.12,22:00,1.1448,1.145,1.1439,1.1439,305
2022.01.13,02:00,1.1438,1.1447,1.1435,1.1441,564
2022.01.13,06:00,1.1442,1.1466,1.1437,1.1464,578
2022.01.13,10:00,1.1463,1.1477,1.1457,1.1462,1505
2022.01.13,14:00,1.1461,1.1481,1.1446,1.146,2129
2022.01.13,18:00,1.1459,1.1471,1.1454,1.1461,1201
2022.01.13,22:00,1.146,1.1461,1.145,1.1456,346
2022.01.14,02:00,1.1455,1.1475,1.145,1.1473,535
2022.01.14,06:00,1.1472,1.1482,1.1459,1.1465,638
2022.01.14,10:00,1.1464,1.1474,1.1447,1.1451,1643
2022.01.14,14:00,1.145,1.1455,1.1423,1.1432,2784
2022.01.14,18:00,1.1433,1.1435,1.1398,1.1414,1177
2022.01.16,22:00,1.1415,1.1416,1.1405,1.141,237
2022.01.17,02:00,1.1411,1.1419,1.1399,1.1417,583
2022.01.17,06:00,1.1418,1.1427,1.1411,1.1424,570
2022.01.17,10:00,1.1423,1.1434,1.1405,1.1413,1106
2022.01.17,14:00,1.1414,1.1416,1.1391,1.1403,1393
2022.01.17,18:00,1.1402,1.1415,1.14,1.1404,426
2022.01.17,22:00,1.1405,1.1409,1.1404,1.1409,195
2022.01.18,02:00,1.141,1.1421,1.1384,1.1392,727
2022.01.18,06:00,1.1391,1.1404,1.139,1.1396,1155
2022.01.18,10:00,1.1397,1.1405,1.1382,1.1386,1849
2022.01.18,14:00,1.1387,1.1391,1.1342,1.1342,2205
2022.01.18,18:00,1.1341,1.1343,1.1318,1.1326,1167
2022.01.18,22:00,1.1327,1.1331,1.1314,1.1328,456
2022.01.19,02:00,1.1329,1.1329,1.1318,1.1327,583
2022.01.19,06:00,1.1326,1.1342,1.1325,1.133,618
2022.01.19,10:00,1.1331,1.1349,1.1329,1.1337,1221
2022.01.19,14:00,1.1336,1.1353,1.1332,1.1344,1653
2022.01.19,18:00,1.1345,1.1356,1.1339,1.135,982
2022.01.19,22:00,1.1349,1.1354,1.1339,1.1342,365
2022.01.20,02:00,1.1343,1.1364,1.1343,1.1353,761
2022.01.20,06:00,1.1352,1.1366,1.1345,1.1358,582
2022.01.20,10:00,1.1359,1.1368,1.1332,1.1339,1285
2022.01.20,14:00,1.1338,1.1357,1.1328,1.1347,1892
2022.01.20,18:00,1.1348,1.1352,1.1311,1.1312,1045
2022.01.20,22:00,1.1313,1.1318,1.1302,1.1313,664
2022.01.21,02:00,1.1312,1.1334,1.13,1.1325,1022
2022.01.21,06:00,1.1326,1.1336,1.1322,1.1328,798
2022.01.21,10:00,1.1327,1.1344,1.1325,1.1329,1301
2022.01.21,14:00,1.1328,1.1359,1.1325,1.1345,1850
2022.01.21,18:00,1.1346,1.1352,1.1339,1.134,788
2022.01.21,22:00,1.1341,1.1344,1.1337,1.1341,245
2022.01.23,22:00,1.1342,1.1344,1.1336,1.134,230
2022.01.24,02:00,1.1339,1.134,1.1327,1.1328,497
2022.01.24,06:00,1.1327,1.133,1.1314,1.1323,561
2022.01.24,10:00,1.1322,1.1336,1.13,1.1303,1718
2022.01.24,14:00,1.1304,1.1324,1.129,1.1308,2040
2022.01.24,18:00,1.1307,1.1334,1.1304,1.1319,1115
2022.01.24,22:00,1.1318,1.1328,1.1317,1.1323,535
2022.01.25,02:00,1.1322,1.1323,1.1308,1.1312,709
2022.01.25,06:00,1.1313,1.1316,1.1301,1.1301,638
2022.01.25,10:00,1.1302,1.1315,1.1268,1.1271,1241
2022.01.25,14:00,1.127,1.128,1.1262,1.1273,1632
2022.01.25,18:00,1.1274,1.1304,1.1271,1.1303,717
2022.01.25,22:00,1.1302,1.1306,1.1292,1.1302,496
2022.01.26,02:00,1.1303,1.131,1.13,1.1305,349
2022.01.26,06:00,1.1304,1.1305,1.1288,1.129,511
2022.01.26,10:00,1.1289,1.1296,1.1274,1.1278,1097
2022.01.26,14:00,1.1279,1.1295,1.1271,1.128,1476
2022.01.26,18:00,1.1281,1.13,1.1247,1.1255,2505
2022.01.26,22:00,1.1254,1.1254,1.1235,1.124,1404
2022.01.27,02:00,1.1239,1.1243,1.122,1.122,660
2022.01.27,06:00,1.1221,1.1226,1.1196,1.1198,957
2022.01.27,10:00,1.1197,1.1206,1.1151,1.1158,1887
2022.01.27,14:00,1.1159,1.1168,1.1131,1.1148,2569
2022.01.27,18:00,1.1149,1.1161,1.1135,1.1139,1367
2022.01.27,22:00,1.114,1.1148,1.1139,1.1144,467
2022.01.28,02:00,1.1143,1.1155,1.1137,1.1152,642
2022.01.28,06:00,1.1151,1.1154,1.1125,1.1134,756
2022.01.28,10:00,1.1133,1.1141,1.1121,1.1132,1557
2022.01.28,14:00,1.1133,1.1173,1.1125,1.1164,2349
2022.01.28,18:00,1.1163,1.1169,1.1142,1.1143,1000
2022.01.28,22:00,1.1144,1.115,1.114,1.1146,197
2022.01.30,22:00,1.1142,1.1152,1.1136,1.1151,223
2022.01.31,02:00,1.1152,1.1162,1.1143,1.116,640
2022.01.31,06:00,1.1161,1.1171,1.1159,1.117,634
2022.01.31,10:00,1.1169,1.1181,1.1152,1.1158,1395
2022.01.31,14:00,1.1157,1.1217,1.1145,1.121,2215
2022.01.31,18:00,1.1211,1.1247,1.1198,1.1242,1228
2022.01.31,22:00,1.1243,1.1245,1.1228,1.1228,482
2022.02.01,02:00,1.1227,1.1233,1.122,1.1232,556
2022.02.01,06:00,1.1233,1.1267,1.1233,1.1265,724
2022.02.01,10:00,1.1266,1.1278,1.1251,1.1272,1597
2022.02.01,14:00,1.1271,1.1273,1.1244,1.1246,1997
2022.02.01,18:00,1.1247,1.1257,1.1234,1.1252,983
2022.02.01,22:00,1.1253,1.1273,1.1251,1.1272,413
2022.02.02,02:00,1.1271,1.1277,1.1267,1.127,338
2022.02.02,06:00,1.1271,1.1283,1.1266,1.1281,370
2022.02.02,10:00,1.128,1.1319,1.1278,1.1316,1471
2022.02.02,14:00,1.1315,1.1329,1.1292,1.1296,1895
2022.02.02,18:00,1.1297,1.1313,1.1292,1.1309,625
2022.02.02,22:00,1.131,1.1313,1.1297,1.1298,408
2022.02.03,02:00,1.1297,1.1306,1.1291,1.1303,427
2022.02.03,06:00,1.1302,1.1303,1.1287,1.1296,625
2022.02.03,10:00,1.1295,1.1302,1.1274,1.1279,1073
2022.02.03,14:00,1.128,1.1423,1.1266,1.1417,5060
2022.02.03,18:00,1.1416,1.1451,1.1414,1.1432,1645
2022.02.03,22:00,1.1431,1.1441,1.1427,1.1434,495
2022.02.04,02:00,1.1433,1.1468,1.1431,1.1461,865
2022.02.04,06:00,1.1462,1.1471,1.1451,1.1466,818
2022.02.04,10:00,1.1465,1.1483,1.1439,1.1478,1964
2022.02.04,14:00,1.1477,1.1481,1.1411,1.1441,3651
2022.02.04,18:00,1.1442,1.1463,1.1435,1.1447,1072
2022.02.04,22:00,1.1448,1.1459,1.1447,1.145,284
2022.02.06,22:00,1.1457,1.1461,1.1451,1.1454,232
2022.02.07,02:00,1.1453,1.1455,1.1424,1.1432,797
2022.02.07,06:00,1.1431,1.144,1.1425,1.1431,688
2022.02.07,10:00,1.1432,1.1448,1.1414,1.1442,1723
2022.02.07,14:00,1.1443,1.1458,1.142,1.1442,2170
2022.02.07,18:00,1.1443,1.145,1.1416,1.1442,1096
2022.02.07,22:00,1.1441,1.1443,1.1433,1.144,451
2022.02.08,02:00,1.1441,1.1448,1.1426,1.1429,663
2022.02.08,06:00,1.1428,1.143,1.1395,1.1398,739
2022.02.08,10:00,1.1399,1.1433,1.1397,1.1425,1461
2022.02.08,14:00,1.1426,1.1426,1.1399,1.1417,1611
2022.02.08,18:00,1.1418,1.1423,1.1401,1.1414,801
2022.02.08,22:00,1.1413,1.142,1.1412,1.142,358
2022.02.09,02:00,1.1419,1.1432,1.1411,1.1429,765
2022.02.09,06:00,1.143,1.143,1.1402,1.1408,643
2022.02.09,10:00,1.1409,1.1444,1.1408,1.1429,1387
2022.02.09,14:00,1.143,1.1445,1.1425,1.1427,1511
2022.02.09,18:00,1.1428,1.1447,1.1425,1.1432,1007
2022.02.09,22:00,1.1431,1.1433,1.1419,1.142,403
2022.02.10,02:00,1.1419,1.1429,1.1412,1.1428,350
2022.02.10,06:00,1.1429,1.1431,1.1419,1.1428,435
2022.02.10,10:00,1.1427,1.1445,1.1422,1.1431,1279
2022.02.10,14:00,1.143,1.1473,1.1374,1.1466,3870
2022.02.10,18:00,1.1465,1.1494,1.1446,1.1449,2524
2022.02.10,22:00,1.1448,1.1454,1.1401,1.141,876
2022.02.11,02:00,1.1411,1.1411,1.1385,1.1392,772
2022.02.11,06:00,1.1391,1.1392,1.1369,1.1384,1027
2022.02.11,10:00,1.1383,1.1399,1.1377,1.1394,1611
2022.02.11,14:00,1.1393,1.1417,1.1379,1.1401,2223
2022.02.11,18:00,1.1402,1.1407,1.1329,1.1333,4175
2022.02.11,22:00,1.1332,1.1351,1.133,1.1348,1156
2022.02.13,22:00,1.1339,1.1366,1.1338,1.1364,399
2022.02.14,02:00,1.1365,1.1368,1.134,1.1342,827
2022.02.14,06:00,1.1343,1.1351,1.1335,1.1337,884
2022.02.14,10:00,1.1336,1.1342,1.13,1.131,2005
2022.02.14,14:00,1.1309,1.1342,1.1291,1.1305,3129
2022.02.14,18:00,1.1306,1.1313,1.1279,1.1294,2042
2022.02.14,22:00,1.1295,1.1307,1.1292,1.1305,573
2022.02.15,02:00,1.1304,1.1322,1.1302,1.1317,623
2022.02.15,06:00,1.1316,1.1327,1.1311,1.1312,784
2022.02.15,10:00,1.1311,1.1353,1.1308,1.1345,2300
2022.02.15,14:00,1.1346,1.1359,1.1319,1.1354,2401
2022.02.15,18:00,1.1355,1.1367,1.1345,1.1359,947
2022.02.15,22:00,1.1358,1.1363,1.1354,1.1354,446
2022.02.16,02:00,1.1353,1.1359,1.1344,1.1345,602
2022.02.16,06:00,1.1344,1.1378,1.1344,1.1375,745
2022.02.16,10:00,1.1374,1.1394,1.137,1.1384,1726
2022.02.16,14:00,1.1385,1.1386,1.1352,1.1365,2218
2022.02.16,18:00,1.1364,1.1395,1.136,1.1389,1511
2022.02.16,22:00,1.139,1.1393,1.1366,1.1372,563
2022.02.17,02:00,1.1373,1.1384,1.1329,1.1334,912
2022.02.17,06:00,1.1336,1.1375,1.1322,1.1375,2043
2022.02.17,10:00,1.1376,1.1385,1.1342,1.1365,2676
2022.02.17,14:00,1.1366,1.1378,1.135,1.1368,3047
2022.02.17,18:00,1.1369,1.1375,1.1356,1.1363,1068
2022.02.17,22:00,1.1364,1.1369,1.1356,1.1363,521
2022.02.18,02:00,1.1364,1.137,1.1357,1.1366,816
2022.02.18,06:00,1.1367,1.1373,1.136,1.137,494
2022.02.18,10:00,1.1371,1.1376,1.1346,1.1362,1442
2022.02.18,14:00,1.1361,1.1367,1.1327,1.134,2214
2022.02.18,18:00,1.1341,1.1341,1.1314,1.133,1710
2022.02.18,22:00,1.1329,1.1331,1.1321,1.1322,321
2022.02.20,22:00,1.1318,1.1324,1.131,1.1314,351
2022.02.21,02:00,1.1313,1.1367,1.131,1.136,883
2022.02.21,06:00,1.1361,1.1378,1.1357,1.1373,495
2022.02.21,10:00,1.1374,1.139,1.1345,1.1346,1699
2022.02.21,14:00,1.1347,1.1349,1.132,1.1335,1816
2022.02.21,18:00,1.1336,1.1348,1.1306,1.1318,801
2022.02.21,22:00,1.1317,1.1318,1.1296,1.1308,417
2022.02.22,02:00,1.1309,1.1319,1.1287,1.1292,948
2022.02.22,06:00,1.1293,1.1312,1.1292,1.1296,1211
2022.02.22,10:00,1.1295,1.1366,1.1292,1.1345,2719
2022.02.22,14:00,1.1346,1.1358,1.133,1.1334,2381
2022.02.22,18:00,1.1335,1.1353,1.1321,1.1334,1585
2022.02.22,22:00,1.1335,1.134,1.1323,1.1328,462
2022.02.23,02:00,1.1329,1.1338,1.1319,1.1325,421
2022.02.23,06:00,1.1324,1.1342,1.1315,1.1339,580
2022.02.23,10:00,1.1338,1.1358,1.1333,1.1339,1506
2022.02.23,14:00,1.134,1.1351,1.132,1.1324,1794
2022.02.23,18:00,1.1323,1.1325,1.1303,1.1307,934
2022.02.23,22:00,1.1306,1.131,1.13,1.1304,412
2022.02.24,02:00,1.1305,1.1305,1.1234,1.1237,1995
2022.02.24,06:00,1.1238,1.1255,1.1208,1.1244,3307
2022.02.24,10:00,1.1243,1.1261,1.1154,1.1173,4489
2022.02.24,14:00,1.1174,1.1184,1.1107,1.1109,4289
2022.02.24,18:00,1.111,1.1211,1.1105,1.1187,4026
2022.02.24,22:00,1.1188,1.122,1.1184,1.119,1200
2022.02.25,02:00,1.1191,1.1217,1.1186,1.1216,1548
2022.02.25,06:00,1.1215,1.1228,1.1196,1.1209,1367
2022.02.25,10:00,1.121,1.1214,1.1165,1.1184,2894
2022.02.25,14:00,1.1185,1.125,1.1183,1.1243,3752
2022.02.25,18:00,1.1244,1.1266,1.1234,1.1263,1486
2022.02.25,22:00,1.1264,1.1273,1.1257,1.1271,523
2022.02.27,22:00,1.1138,1.1187,1.1137,1.1179,1259
2022.02.28,02:00,1.118,1.1194,1.1145,1.115,2404
2022.02.28,06:00,1.1151,1.1199,1.1141,1.119,1858
2022.02.28,10:00,1.1191,1.1231,1.1163,1.1198,3336
2022.02.28,14:00,1.1199,1.1236,1.1178,1.123,3417
2022.02.28,18:00,1.1231,1.1245,1.1196,1.1221,2135
2022.02.28,22:00,1.1222,1.1222,1.1208,1.1214,629
2022.03.01,02:00,1.1213,1.1214,1.1191,1.1191,678
2022.03.01,06:00,1.119,1.1229,1.119,1.1229,862
2022.03.01,10:00,1.1228,1.1232,1.1166,1.1175,3145
2022.03.01,14:00,1.1176,1.118,1.1127,1.1139,3321
2022.03.01,18:00,1.114,1.1143,1.1089,1.1121,2562
2022.03.01,22:00,1.1122,1.1137,1.1116,1.1131,867
2022.03.02,02:00,1.113,1.1135,1.111,1.1118,766
2022.03.02,06:00,1.1117,1.1123,1.1083,1.1093,1468
2022.03.02,10:00,1.1092,1.1103,1.1058,1.1099,3607
2022.03.02,14:00,1.1098,1.1118,1.1057,1.1067,3884
2022.03.02,18:00,1.1068,1.1143,1.1063,1.1123,3076
2022.03.02,22:00,1.1124,1.1129,1.1109,1.1112,822
2022.03.03,02:00,1.1113,1.1114,1.1089,1.1099,925
2022.03.03,06:00,1.11,1.1106,1.109,1.1097,733
2022.03.03,10:00,1.1096,1.1099,1.1071,1.1086,1852
2022.03.03,14:00,1.1085,1.1096,1.1057,1.1061,2837
2022.03.03,18:00,1.106,1.1067,1.1033,1.1057,2492
2022.03.03,22:00,1.1056,1.1067,1.1056,1.1065,511
2022.03.04,02:00,1.1064,1.1066,1.1009,1.1025,3357
2022.03.04,06:00,1.1024,1.1038,1.1007,1.1012,1328
2022.03.04,10:00,1.1011,1.1023,1.0972,1.0975,2224
2022.03.04,14:00,1.0974,1.0981,1.0885,1.0918,3985
2022.03.04,18:00,1.0919,1.0936,1.0907,1.0912,2074
2022.03.04,22:00,1.0913,1.0939,1.0912,1.0929,656
2022.03.06,22:00,1.0928,1.093,1.0863,1.0873,1000
2022.03.07,02:00,1.0874,1.0885,1.0821,1.087,2706
2022.03.07,06:00,1.0871,1.0897,1.0862,1.087,2289
2022.03.07,10:00,1.0871,1.089,1.0805,1.0858,3815
2022.03.07,14:00,1.0857,1.0931,1.0855,1.0875,5322
2022.03.07,18:00,1.0876,1.0899,1.0845,1.0848,3261
2022.03.07,22:00,1.0849,1.0871,1.0846,1.0865,943
2022.03.08,02:00,1.0866,1.0884,1.0848,1.0867,1402
2022.03.08,06:00,1.0866,1.0883,1.085,1.0861,1798
2022.03.08,10:00,1.086,1.0921,1.0855,1.089,4623
2022.03.08,14:00,1.0891,1.0924,1.0871,1.0875,4501
2022.03.08,18:00,1.0876,1.0957,1.0874,1.0905,4867
2022.03.08,22:00,1.0906,1.0913,1.0889,1.0897,944
2022.03.09,02:00,1.0896,1.0919,1.0896,1.0906,1035
2022.03.09,06:00,1.0907,1.0929,1.0906,1.0916,1291
2022.03.09,10:00,1.0915,1.0992,1.091,1.097,2963
2022.03.09,14:00,1.0971,1.1049,1.0963,1.1043,4001
2022.03.09,18:00,1.1044,1.1094,1.1042,1.1076,2477
2022.03.09,22:00,1.1077,1.1083,1.1061,1.1072,923
2022.03.10,02:00,1.1073,1.1073,1.1041,1.1058,980
2022.03.10,06:00,1.1059,1.1071,1.105,1.1064,1111
2022.03.10,10:00,1.1063,1.1079,1.1025,1.1039,4356
2022.03.10,14:00,1.104,1.112,1.0979,1.1018,6281
2022.03.10,18:00,1.1017,1.1019,1.0982,1.0984,1603
2022.03.10,22:00,1.0985,1.1014,1.0975,1.1012,620
2022.03.11,02:00,1.1013,1.1018,1.098,1.1004,1219
2022.03.11,06:00,1.1003,1.1009,1.098,1.0984,1326
2022.03.11,10:00,1.0985,1.1042,1.0959,1.101,3556
2022.03.11,14:00,1.1011,1.1031,1.0945,1.0964,3970
2022.03.11,18:00,1.0965,1.0969,1.0901,1.0908,1968
2022.03.11,22:00,1.0909,1.0915,1.0905,1.0913,487
2022.03.13,22:00,1.0918,1.0938,1.0917,1.0931,450
2022.03.14,02:00,1.0932,1.0937,1.09,1.0904,1637
2022.03.14,06:00,1.0903,1.094,1.09,1.0932,1080
2022.03.14,10:00,1.0931,1.0989,1.0929,1.0942,2395
2022.03.14,14:00,1.0943,1.0985,1.0934,1.0979,2601
2022.03.14,18:00,1.0978,1.0993,1.0945,1.0949,1675
2022.03.14,22:00,1.0948,1.0953,1.093,1.0942,649
2022.03.15,02:00,1.0943,1.0979,1.0937,1.0977,1617
2022.03.15,06:00,1.0976,1.1019,1.0966,1.1004,1952
2022.03.15,10:00,1.1003,1.1018,1.0977,1.0983,2720
2022.03.15,14:00,1.0984,1.1003,1.0962,1.0972,2932
2022.03.15,18:00,1.0971,1.0975,1.0925,1.0952,2053
2022.03.15,22:00,1.0951,1.0973,1.0941,1.0967,593
2022.03.16,02:00,1.0966,1.0976,1.0954,1.0966,1011
2022.03.16,06:00,1.0967,1.0981,1.0955,1.0958,1058
2022.03.16,10:00,1.0959,1.1024,1.0958,1.1011,3110
2022.03.16,14:00,1.1012,1.1039,1.0981,1.0991,3621
2022.03.16,18:00,1.0992,1.1044,1.095,1.1044,4982
2022.03.16,22:00,1.1043,1.1046,1.1007,1.1021,667
2022.03.17,02:00,1.102,1.1051,1.1019,1.1034,1460
2022.03.17,06:00,1.1033,1.1045,1.1021,1.1043,1076
2022.03.17,10:00,1.1044,1.1066,1.1022,1.105,2524
2022.03.17,14:00,1.1049,1.111,1.1039,1.1109,2821
2022.03.17,18:00,1.1108,1.1137,1.1092,1.1098,1149
2022.03.17,22:00,1.1097,1.1099,1.1088,1.1098,461
2022.03.18,02:00,1.1097,1.1118,1.1076,1.1083,1075
2022.03.18,06:00,1.1082,1.1093,1.107,1.1078,996
2022.03.18,10:00,1.1077,1.108,1.102,1.1022,1824
2022.03.18,14:00,1.1021,1.1053,1.1002,1.1047,2824
2022.03.18,18:00,1.1046,1.1071,1.1041,1.1051,1547
2022.03.18,22:00,1.1052,1.1053,1.1047,1.1049,90
2022.03.20,22:00,1.105,1.1057,1.104,1.1042,283
2022.03.21,02:00,1.1041,1.1053,1.1037,1.1045,524
2022.03.21,06:00,1.1044,1.1055,1.1034,1.105,840
2022.03.21,10:00,1.1051,1.1069,1.1025,1.103,1989
2022.03.21,14:00,1.1031,1.105,1.1028,1.1044,1874
2022.03.21,18:00,1.1043,1.1051,1.1009,1.1013,2125
2022.03.21,22:00,1.1014,1.1025,1.1012,1.1016,338
2022.03.22,02:00,1.1015,1.1017,1.098,1.1001,1259
2022.03.22,06:00,1.1002,1.1002,1.096,1.0982,1246
2022.03.22,10:00,1.0983,1.1013,1.098,1.0999,2570
2022.03.22,14:00,1.1,1.1045,1.0999,1.1021,2620
2022.03.22,18:00,1.102,1.1031,1.1011,1.1029,948
2022.03.22,22:00,1.103,1.1043,1.1025,1.1028,543
2022.03.23,02:00,1.1029,1.1034,1.102,1.1026,1048
2022.03.23,06:00,1.1025,1.1039,1.1014,1.1017,830
2022.03.23,10:00,1.1016,1.1023,1.0974,1.0982,2097
2022.03.23,14:00,1.0983,1.1004,1.0963,1.1001,2406
2022.03.23,18:00,1.1,1.1011,1.0996,1.1004,923
2022.03.23,22:00,1.1005,1.1011,1.1,1.1005,493
2022.03.24,02:00,1.1004,1.1013,1.098,1.0984,1213
2022.03.24,06:00,1.0985,1.0988,1.0974,1.0977,932
2022.03.24,10:00,1.0978,1.1,1.0971,1.0987,2418
2022.03.24,14:00,1.0988,1.1013,1.0965,1.1005,2958
2022.03.24,18:00,1.1004,1.1008,1.0982,1.0999,1090
2022.03.24,22:00,1.0998,1.1009,1.0994,1.1008,315
2022.03.25,02:00,1.1007,1.1035,1.1002,1.1027,1385
2022.03.25,06:00,1.1026,1.1037,1.1018,1.1022,1194
2022.03.25,10:00,1.1023,1.1026,1.1,1.1018,1850
2022.03.25,14:00,1.1017,1.1024,1.0981,1.0982,2870
2022.03.25,18:00,1.0981,1.0996,1.098,1.0983,1360
2022.03.25,22:00,1.0984,1.0985,1.0981,1.0984,83
2022.03.27,23:00,1.0987,1.0987,1.0977,1.0981,327
2022.03.28,03:00,1.0982,1.0984,1.095,1.0955,1388
2022.03.28,07:00,1.0954,1.0964,1.0944,1.0951,1691
2022.03.28,11:00,1.095,1.0998,1.0944,1.0963,2895
2022.03.28,15:00,1.0962,1.0978,1.0946,1.0975,2671
2022.03.28,19:00,1.0974,1.0999,1.0973,1.0986,1101
2022.03.28,23:00,1.0987,1.0997,1.0978,1.099,455
2022.03.29,03:00,1.0991,1.0996,1.0968,1.0992,1576
2022.03.29,07:00,1.0991,1.1017,1.0978,1.0999,1676
2022.03.29,11:00,1.1,1.1101,1.0974,1.1084,3773
2022.03.29,15:00,1.1085,1.1136,1.1078,1.1106,4878
2022.03.29,19:00,1.1105,1.1106,1.1071,1.1088,1216
2022.03.29,23:00,1.1087,1.1098,1.1082,1.109,484
2022.03.30,03:00,1.1091,1.112,1.1087,1.1114,2084
2022.03.30,07:00,1.1115,1.1134,1.1105,1.1128,2314
2022.03.30,11:00,1.1129,1.1161,1.1114,1.1138,2838
2022.03.30,15:00,1.1137,1.117,1.1111,1.1162,2707
2022.03.30,19:00,1.1161,1.1165,1.1147,1.1151,846
2022.03.30,23:00,1.1152,1.1164,1.1151,1.116,304
2022.03.31,03:00,1.1159,1.1184,1.1155,1.1163,1359
2022.03.31,07:00,1.1162,1.1175,1.1149,1.115,1729
2022.03.31,11:00,1.1151,1.1151,1.1087,1.1102,2407
2022.03.31,15:00,1.1101,1.1132,1.1068,1.1092,3762
2022.03.31,19:00,1.1093,1.1093,1.106,1.1063,1223
2022.03.31,23:00,1.1064,1.1075,1.1062,1.1073,502
2022.04.01,03:00,1.1074,1.1074,1.1059,1.1064,997
2022.04.01,07:00,1.1063,1.1075,1.1042,1.1052,1752
2022.04.01,11:00,1.1051,1.1073,1.1041,1.1048,1984
2022.04.01,15:00,1.1047,1.1058,1.1027,1.1043,2373
2022.04.01,19:00,1.1044,1.1048,1.1032,1.1047,927
2022.04.01,23:00,1.1046,1.1052,1.1044,1.1044,107
2022.04.03,23:00,1.1039,1.1045,1.1036,1.1045,242
2022.04.04,03:00,1.1046,1.1054,1.1043,1.1047,688
2022.04.04,07:00,1.1046,1.1053,1.1027,1.103,1176
2022.04.04,11:00,1.1031,1.1037,1.0995,1.0997,1569
2022.04.04,15:00,1.0998,1.1008,1.0978,1.0992,1672
2022.04.04,19:00,1.0991,1.0991,1.096,1.0969,963
2022.04.04,23:00,1.097,1.0975,1.0968,1.0974,361
2022.04.05,03:00,1.0973,1.0979,1.0964,1.0972,608
2022.04.05,07:00,1.0971,1.0988,1.0961,1.0981,1633
2022.04.05,11:00,1.098,1.0984,1.0956,1.0966,1443
2022.04.05,15:00,1.0967,1.0975,1.0918,1.092,2141
2022.04.05,19:00,1.0921,1.0922,1.0899,1.0903,783
2022.04.05,23:00,1.0902,1.0907,1.0902,1.0905,307
2022.04.06,03:00,1.0904,1.0904,1.089,1.09,953
2022.04.06,07:00,1.0899,1.0901,1.0874,1.0894,1569
2022.04.06,11:00,1.0893,1.0926,1.089,1.0916,1845
2022.04.06,15:00,1.0917,1.0937,1.0902,1.0909,2041
2022.04.06,19:00,1.091,1.0928,1.0878,1.0899,2630
2022.04.06,23:00,1.09,1.0901,1.0891,1.0897,365
2022.04.07,03:00,1.0898,1.0912,1.0896,1.0906,935
2022.04.07,07:00,1.0907,1.0933,1.0894,1.0898,1243
2022.04.07,11:00,1.0897,1.0921,1.0864,1.091,2445
2022.04.07,15:00,1.0911,1.0938,1.0895,1.0898,2565
2022.04.07,19:00,1.0897,1.0899,1.0867,1.0871,1156
2022.04.07,23:00,1.0872,1.0882,1.086,1.0864,454
2022.04.08,03:00,1.0865,1.0871,1.0856,1.0863,1064
2022.04.08,07:00,1.0862,1.0868,1.0847,1.0866,1309
2022.04.08,11:00,1.0865,1.0891,1.0858,1.0863,1529
2022.04.08,15:00,1.0862,1.0881,1.0836,1.0873,2071
2022.04.08,19:00,1.0872,1.0884,1.0864,1.0877,725
2022.04.08,23:00,1.0876,1.0878,1.0871,1.0875,74
2022.04.10,23:00,1.091,1.0912,1.0883,1.0883,714
2022.04.11,03:00,1.0884,1.0894,1.0874,1.0882,871
2022.04.11,07:00,1.0881,1.0913,1.0873,1.0909,1512
2022.04.11,11:00,1.091,1.0932,1.0897,1.0901,1515
2022.04.11,15:00,1.09,1.0905,1.0873,1.0875,1783
2022.04.11,19:00,1.0874,1.0894,1.0872,1.0883,875
2022.04.11,23:00,1.0882,1.0885,1.0876,1.0876,456
2022.04.12,03:00,1.0877,1.0886,1.0866,1.0874,862
2022.04.12,07:00,1.0875,1.0882,1.0853,1.087,1434
2022.04.12,11:00,1.0869,1.0873,1.0854,1.0862,1597
2022.04.12,15:00,1.0861,1.0903,1.085,1.0852,3729
2022.04.12,19:00,1.0851,1.0864,1.082,1.083,1417
2022.04.12,23:00,1.0829,1.0831,1.0823,1.0825,359
2022.04.13,03:00,1.0824,1.084,1.0811,1.0836,955
2022.04.13,07:00,1.0837,1.0844,1.0814,1.0837,1594
2022.04.13,11:00,1.0836,1.0847,1.0822,1.083,1566
2022.04.13,15:00,1.0831,1.0872,1.0808,1.0871,2448
2022.04.13,19:00,1.0872,1.0893,1.0871,1.0883,1342
2022.04.13,23:00,1.0884,1.0896,1.088,1.0895,408
2022.04.14,03:00,1.0896,1.0909,1.0882,1.0906,919
2022.04.14,07:00,1.0907,1.0922,1.0903,1.0907,1089
2022.04.14,11:00,1.0906,1.0917,1.0863,1.0865,1636
2022.04.14,15:00,1.0864,1.0889,1.0757,1.0796,5575
2022.04.14,19:00,1.0795,1.0834,1.0794,1.0824,1452
2022.04.14,23:00,1.0825,1.0833,1.0813,1.0821,840
2022.04.15,03:00,1.082,1.0821,1.0796,1.0804,1641
2022.04.15,07:00,1.0803,1.0811,1.0802,1.0811,461
2022.04.15,11:00,1.081,1.0823,1.0804,1.0815,1152
2022.04.15,15:00,1.0814,1.0819,1.0805,1.0807,680
2022.04.15,19:00,1.0806,1.0811,1.0805,1.0808,263
2022.04.15,23:00,1.0809,1.0814,1.0808,1.0811,85
2022.04.17,23:00,1.0805,1.0821,1.0802,1.0813,558
2022.04.18,03:00,1.0814,1.0815,1.079,1.0792,1027
2022.04.18,07:00,1.0791,1.0803,1.0786,1.079,686
2022.04.18,11:00,1.0791,1.0813,1.0782,1.0809,669
2022.04.18,15:00,1.0808,1.0814,1.0782,1.0783,1425
2022.04.18,19:00,1.0784,1.0786,1.0769,1.0782,755
2022.04.18,23:00,1.0783,1.0787,1.0774,1.0779,451
2022.04.19,03:00,1.0778,1.0787,1.076,1.0772,1058
2022.04.19,07:00,1.0773,1.0802,1.0766,1.0801,1363
2022.04.19,11:00,1.08,1.0814,1.0784,1.0795,1414
2022.04.19,15:00,1.0796,1.0807,1.0781,1.0789,2305
2022.04.19,19:00,1.0788,1.0803,1.0782,1.0788,972
2022.04.19,23:00,1.0787,1.0794,1.0783,1.0793,580
2022.04.20,03:00,1.0794,1.0821,1.0783,1.0818,1290
2022.04.20,07:00,1.0819,1.0821,1.0806,1.0808,1366
2022.04.20,11:00,1.0809,1.0866,1.0805,1.0826,1790
2022.04.20,15:00,1.0827,1.0865,1.082,1.0854,2292
2022.04.20,19:00,1.0855,1.0859,1.0839,1.0852,1061
2022.04.20,23:00,1.0851,1.0854,1.0845,1.0848,458
2022.04.21,03:00,1.0847,1.085,1.0823,1.0829,1143
2022.04.21,07:00,1.083,1.0935,1.0828,1.0926,2100
2022.04.21,11:00,1.0927,1.0929,1.0874,1.0879,2003
2022.04.21,15:00,1.0878,1.0895,1.0836,1.0841,2574
2022.04.21,19:00,1.084,1.0857,1.083,1.0838,1995
2022.04.21,23:00,1.0837,1.0845,1.083,1.0834,544
2022.04.22,03:00,1.0833,1.0846,1.083,1.0841,1089
2022.04.22,07:00,1.084,1.0851,1.0802,1.0805,2016
2022.04.22,11:00,1.0806,1.0824,1.079,1.082,1815
2022.04.22,15:00,1.0819,1.0844,1.077,1.0788,2886
2022.04.22,19:00,1.0787,1.0799,1.0775,1.0792,1328
2022.04.22,23:00,1.0793,1.0801,1.079,1.0801,122
2022.04.24,23:00,1.0804,1.0814,1.0795,1.0809,577
2022.04.25,03:00,1.081,1.0811,1.0777,1.0781,1360
2022.04.25,07:00,1.078,1.0784,1.0706,1.0737,2806
2022.04.25,11:00,1.0738,1.0754,1.0719,1.0749,2984
2022.04.25,15:00,1.0748,1.0757,1.0696,1.0702,3576
2022.04.25,19:00,1.0703,1.0718,1.0696,1.0712,1811
2022.04.25,23:00,1.0713,1.0714,1.0706,1.0712,386
2022.04.26,03:00,1.0711,1.0738,1.0711,1.0731,1179
2022.04.26,07:00,1.0732,1.0734,1.0675,1.0675,1800
2022.04.26,11:00,1.0676,1.0696,1.0668,1.067,1932
2022.04.26,15:00,1.0671,1.0684,1.0641,1.0658,2705
2022.04.26,19:00,1.0659,1.0664,1.0637,1.0643,1170
2022.04.26,23:00,1.0642,1.0647,1.0634,1.0642,519
2022.04.27,03:00,1.0643,1.0653,1.0633,1.064,1144
2022.04.27,07:00,1.0641,1.0654,1.0587,1.0623,2289
2022.04.27,11:00,1.0622,1.0624,1.058,1.0584,2750
2022.04.27,15:00,1.0585,1.0585,1.0514,1.0545,3817
2022.04.27,19:00,1.0546,1.0571,1.0546,1.0558,1609
2022.04.27,23:00,1.0557,1.056,1.0549,1.0553,373
2022.04.28,03:00,1.0552,1.0552,1.0508,1.0508,1790
2022.04.28,07:00,1.0509,1.0564,1.0482,1.0554,3417
2022.04.28,11:00,1.0553,1.0555,1.0486,1.049,2828
2022.04.28,15:00,1.0491,1.053,1.047,1.0499,4457
2022.04.28,19:00,1.0498,1.0515,1.0493,1.0509,1542
2022.04.28,23:00,1.0508,1.0509,1.049,1.0502,409
2022.04.29,03:00,1.0503,1.0529,1.0501,1.0512,1090
2022.04.29,07:00,1.0511,1.0578,1.0508,1.0561,2037
2022.04.29,11:00,1.0562,1.0592,1.0539,1.0544,2708
2022.04.29,15:00,1.0545,1.0559,1.0509,1.0539,3906
2022.04.29,19:00,1.0538,1.0578,1.0532,1.0548,1772
2022.04.29,23:00,1.0547,1.0551,1.0541,1.0546,155
2022.05.01,23:00,1.0545,1.0549,1.0533,1.0534,556
2022.05.02,03:00,1.0535,1.0552,1.0517,1.0523,1270
2022.05.02,07:00,1.0522,1.0568,1.0509,1.0532,1516
2022.05.02,11:00,1.0531,1.0535,1.0513,1.0516,1743
2022.05.02,15:00,1.0517,1.0541,1.0503,1.0521,2172
2022.05.02,19:00,1.052,1.0525,1.0489,1.0503,1316
2022.05.02,23:00,1.0504,1.0512,1.05,1.0509,320
2022.05.03,03:00,1.051,1.0525,1.0507,1.0518,750
2022.05.03,07:00,1.0517,1.0527,1.0494,1.0519,1883
2022.05.03,11:00,1.052,1.0541,1.0491,1.0537,2073
2022.05.03,15:00,1.0536,1.0577,1.0531,1.0531,2744
2022.05.03,19:00,1.053,1.054,1.0511,1.0524,1436
2022.05.03,23:00,1.0525,1.0527,1.0518,1.0524,312
2022.05.04,03:00,1.0525,1.0533,1.0513,1.0515,640
2022.05.04,07:00,1.0514,1.0527,1.0505,1.0523,1255
2022.05.04,11:00,1.0524,1.0535,1.0514,1.053,1475
2022.05.04,15:00,1.0529,1.0563,1.0524,1.0539,2275
2022.05.04,19:00,1.054,1.0626,1.051,1.0606,6340
2022.05.04,23:00,1.0607,1.063,1.0603,1.062,811
2022.05.05,03:00,1.0622,1.0641,1.0603,1.0617,1449
2022.05.05,07:00,1.0616,1.0618,1.0584,1.0597,2160
2022.05.05,11:00,1.0596,1.0607,1.0545,1.0547,2919
2022.05.05,15:00,1.0548,1.0573,1.0502,1.0506,4310
2022.05.05,19:00,1.0505,1.055,1.0492,1.0549,2713
2022.05.05,23:00,1.0548,1.0549,1.0535,1.0539,552
2022.05.06,03:00,1.054,1.055,1.0515,1.0532,1936
2022.05.06,07:00,1.0533,1.0543,1.0482,1.0521,2795
2022.05.06,11:00,1.052,1.0598,1.0512,1.0564,3684
2022.05.06,15:00,1.0565,1.0596,1.0546,1.057,5165
2022.05.06,19:00,1.0571,1.0579,1.0535,1.0546,2109
2022.05.06,23:00,1.0547,1.0547,1.054,1.0543,129
2022.05.08,23:00,1.0544,1.0544,1.053,1.0531,385
2022.05.09,03:00,1.0532,1.0534,1.0502,1.0509,1443
2022.05.09,07:00,1.051,1.0529,1.0494,1.0511,2026
2022.05.09,11:00,1.0509,1.0552,1.05,1.0546,2287
2022.05.09,15:00,1.0547,1.0572,1.0516,1.0556,3278
2022.05.09,19:00,1.0557,1.0591,1.055,1.0557,2023
2022.05.09,23:00,1.0558,1.0568,1.0551,1.0562,607
2022.05.10,03:00,1.0563,1.0579,1.0552,1.0578,1928
2022.05.10,07:00,1.0577,1.0584,1.055,1.0556,2069
2022.05.10,11:00,1.0557,1.0575,1.0535,1.0552,2368
2022.05.10,15:00,1.0553,1.0574,1.0525,1.053,3372
2022.05.10,19:00,1.0531,1.0546,1.0526,1.0535,1680
2022.05.10,23:00,1.0534,1.0535,1.0525,1.0528,322
2022.05.11,03:00,1.0529,1.0538,1.0525,1.0536,986
2022.05.11,07:00,1.0537,1.056,1.0533,1.0551,1375
2022.05.11,11:00,1.055,1.0575,1.0542,1.0544,2134
2022.05.11,15:00,1.0545,1.0576,1.0501,1.0536,5683
2022.05.11,19:00,1.0535,1.0545,1.0513,1.0515,2445
2022.05.11,23:00,1.0514,1.0517,1.0509,1.0511,424
2022.05.12,03:00,1.0512,1.0528,1.0507,1.0521,1228
2022.05.12,07:00,1.0522,1.0525,1.0443,1.0459,2964
2022.05.12,11:00,1.0458,1.0464,1.0388,1.0398,3003
2022.05.12,15:00,1.04,1.0437,1.0371,1.0374,3836
2022.05.12,19:00,1.0375,1.039,1.0353,1.0372,2191
2022.05.12,23:00,1.0373,1.0383,1.0372,1.0377,431
2022.05.13,03:00,1.0378,1.0397,1.0372,1.039,1341
2022.05.13,07:00,1.0391,1.0419,1.0383,1.0415,2170
2022.05.13,11:00,1.0414,1.0419,1.037,1.0382,2186
2022.05.13,15:00,1.0383,1.0415,1.0349,1.041,2825
2022.05.13,19:00,1.0409,1.0415,1.0393,1.0401,1027
2022.05.13,23:00,1.04,1.0408,1.0399,1.0407,106
2022.05.15,23:00,1.0404,1.0413,1.0395,1.0397,498
2022.05.16,03:00,1.0398,1.0416,1.0388,1.0396,1410
2022.05.16,07:00,1.0395,1.0425,1.0393,1.0408,1436
2022.05.16,11:00,1.0409,1.0437,1.0406,1.0418,1715
2022.05.16,15:00,1.0417,1.0434,1.0389,1.0419,2560
2022.05.16,19:00,1.0418,1.0442,1.0415,1.0431,913
2022.05.16,23:00,1.0432,1.0439,1.0428,1.0438,371
2022.05.17,03:00,1.0439,1.0453,1.0431,1.044,988
2022.05.17,07:00,1.0439,1.0474,1.0435,1.0463,1268
2022.05.17,11:00,1.0462,1.0555,1.0455,1.0538,2777
2022.05.17,15:00,1.0539,1.0549,1.0524,1.0532,2736
2022.05.17,19:00,1.0531,1.0554,1.052,1.0545,2552
2022.05.17,23:00,1.0544,1.0553,1.0542,1.0548,392
2022.05.18,03:00,1.0549,1.0563,1.0524,1.0531,1196
2022.05.18,07:00,1.0532,1.054,1.0513,1.0516,1608
2022.05.18,11:00,1.0517,1.0528,1.0493,1.0509,1927
2022.05.18,15:00,1.051,1.0541,1.0488,1.049,2511
2022.05.18,19:00,1.0491,1.0497,1.0464,1.0465,1537
2022.05.18,23:00,1.0464,1.0474,1.0459,1.0472,599
2022.05.19,03:00,1.0473,1.0506,1.0467,1.0499,1769
2022.05.19,07:00,1.0498,1.0506,1.0464,1.0491,1797
2022.05.19,11:00,1.0492,1.0538,1.0479,1.0517,2626
2022.05.19,15:00,1.0516,1.0598,1.0516,1.0586,4137
2022.05.19,19:00,1.0585,1.0606,1.0579,1.059,1886
2022.05.19,23:00,1.0589,1.0589,1.0577,1.0579,520
2022.05.20,03:00,1.058,1.0583,1.0554,1.0565,1201
2022.05.20,07:00,1.0564,1.0592,1.0561,1.0575,1876
2022.05.20,11:00,1.0576,1.0598,1.0554,1.0566,1846
2022.05.20,15:00,1.0565,1.0579,1.0539,1.0557,2574
2022.05.20,19:00,1.0558,1.0559,1.0532,1.0556,1727
2022.05.20,23:00,1.0555,1.0566,1.0552,1.0557,148
2022.05.22,23:00,1.0563,1.0577,1.0558,1.0568,444
2022.05.23,03:00,1.0569,1.0594,1.0567,1.0592,1222
2022.05.23,07:00,1.0591,1.0613,1.0588,1.06,1633
2022.05.23,11:00,1.0601,1.0687,1.0601,1.0657,2985
2022.05.23,15:00,1.0656,1.069,1.0644,1.0668,2606
2022.05.23,19:00,1.0667,1.0697,1.0665,1.0686,1139
2022.05.23,23:00,1.0685,1.0693,1.0678,1.0683,418
2022.05.24,03:00,1.0682,1.0685,1.066,1.0672,722
2022.05.24,07:00,1.0671,1.0735,1.0662,1.073,2005
2022.05.24,11:00,1.0731,1.0733,1.07,1.0714,2403
2022.05.24,15:00,1.0716,1.0746,1.0695,1.0742,3611
2022.05.24,19:00,1.0743,1.0748,1.0721,1.073,1537
2022.05.24,23:00,1.0731,1.0738,1.073,1.0732,412
2022.05.25,03:00,1.0733,1.0736,1.0702,1.0713,1183
2022.05.25,07:00,1.0712,1.0713,1.0681,1.0683,1574
2022.05.25,11:00,1.0684,1.0685,1.0653,1.0659,2360
2022.05.25,15:00,1.0658,1.0686,1.0641,1.0656,2748
2022.05.25,19:00,1.0657,1.0694,1.0651,1.0676,2475
2022.05.25,23:00,1.0677,1.0695,1.0673,1.0686,597
2022.05.26,03:00,1.0685,1.0705,1.0684,1.0701,1255
2022.05.26,07:00,1.07,1.0702,1.0662,1.0688,1677
2022.05.26,11:00,1.0689,1.0722,1.0677,1.0705,1956
2022.05.26,15:00,1.0706,1.0728,1.0688,1.0725,2399
2022.05.26,19:00,1.0726,1.0728,1.0701,1.0723,1061
2022.05.26,23:00,1.0722,1.0734,1.0717,1.0732,389
2022.05.27,03:00,1.0733,1.0764,1.073,1.0755,1210
2022.05.27,07:00,1.0754,1.0757,1.0733,1.0735,1190
2022.05.27,11:00,1.0736,1.0742,1.0696,1.0707,1742
2022.05.27,15:00,1.0706,1.0749,1.07,1.0707,2484
2022.05.27,19:00,1.0708,1.0733,1.0703,1.0733,840
2022.05.27,23:00,1.0732,1.0733,1.0727,1.073,78
2022.05.29,23:00,1.0734,1.0735,1.0725,1.0728,409
2022.05.30,03:00,1.0729,1.0755,1.0726,1.0744,995
2022.05.30,07:00,1.0743,1.0769,1.074,1.0743,1466
2022.05.30,11:00,1.0744,1.078,1.0739,1.0766,1420
2022.05.30,15:00,1.0767,1.0783,1.0748,1.0779,1560
2022.05.30,19:00,1.078,1.0786,1.0776,1.0778,385
2022.05.30,23:00,1.0779,1.0782,1.0769,1.0772,270
2022.05.31,03:00,1.0771,1.0774,1.0733,1.075,1600
2022.05.31,07:00,1.0749,1.0754,1.0727,1.0735,1488
2022.05.31,11:00,1.0736,1.0745,1.0688,1.0712,2400
2022.05.31,15:00,1.0711,1.0736,1.0678,1.073,3435
2022.05.31,19:00,1.0729,1.0746,1.0723,1.0734,1185
2022.05.31,23:00,1.0735,1.0737,1.0729,1.0734,524
2022.06.01,03:00,1.0733,1.0734,1.0707,1.0717,1098
2022.06.01,07:00,1.0718,1.0736,1.0704,1.0714,1440
2022.06.01,11:00,1.0713,1.0738,1.0701,1.0707,1735
2022.06.01,15:00,1.0708,1.073,1.0626,1.0644,2858
2022.06.01,19:00,1.0643,1.066,1.0636,1.0649,1388
2022.06.01,23:00,1.065,1.0654,1.0646,1.065,371
2022.06.02,03:00,1.0649,1.0659,1.0644,1.0653,992
2022.06.02,07:00,1.0654,1.0691,1.0649,1.0686,1100
2022.06.02,11:00,1.0685,1.0696,1.068,1.0693,1005
2022.06.02,15:00,1.0692,1.0737,1.0684,1.0731,2533
2022.06.02,19:00,1.073,1.0748,1.073,1.0748,959
2022.06.02,23:00,1.0747,1.075,1.0742,1.0749,275
2022.06.03,03:00,1.0748,1.0763,1.0746,1.0753,670
2022.06.03,07:00,1.0752,1.076,1.0744,1.0755,761
2022.06.03,11:00,1.0756,1.0761,1.0725,1.0728,1051
2022.06.03,15:00,1.0727,1.0751,1.0703,1.071,3131
2022.06.03,19:00,1.0711,1.0728,1.071,1.0719,844
2022.06.03,23:00,1.072,1.0721,1.0714,1.0716,85
2022.06.05,23:00,1.072,1.0729,1.0714,1.0724,399
2022.06.06,03:00,1.0723,1.0731,1.0709,1.0724,874
2022.06.06,07:00,1.0723,1.0742,1.0717,1.0741,1213
2022.06.06,11:00,1.0742,1.0751,1.0723,1.073,1277
2022.06.06,15:00,1.0729,1.073,1.0683,1.0696,1948
2022.06.06,19:00,1.0697,1.0702,1.0684,1.0694,962
2022.06.06,23:00,1.0693,1.0698,1.0684,1.0689,327
2022.06.07,03:00,1.069,1.0691,1.067,1.0681,957
2022.06.07,07:00,1.068,1.0699,1.0664,1.0687,1911
2022.06.07,11:00,1.0686,1.0704,1.0657,1.0661,1702
2022.06.07,15:00,1.0662,1.0709,1.0651,1.0696,2299
2022.06.07,19:00,1.0697,1.0713,1.0692,1.0707,863
2022.06.07,23:00,1.0706,1.0708,1.0696,1.0696,333
2022.06.08,03:00,1.0697,1.07,1.068,1.0683,1042
2022.06.08,07:00,1.0684,1.0694,1.0677,1.0688,1223
2022.06.08,11:00,1.0687,1.0739,1.067,1.0735,2016
2022.06.08,15:00,1.0734,1.0747,1.0718,1.0741,2247
2022.06.08,19:00,1.074,1.0742,1.0712,1.0714,961
2022.06.08,23:00,1.0715,1.072,1.0712,1.0716,367
2022.06.09,03:00,1.0717,1.0733,1.0708,1.0729,956
2022.06.09,07:00,1.0728,1.0731,1.0701,1.0701,1189
2022.06.09,11:00,1.07,1.0748,1.0688,1.0727,2785
2022.06.09,15:00,1.0728,1.0773,1.0644,1.0657,5704
2022.06.09,19:00,1.0656,1.0659,1.0612,1.0612,1390
2022.06.09,23:00,1.0613,1.0621,1.061,1.0618,496
2022.06.10,03:00,1.0619,1.0634,1.0611,1.0633,932
2022.06.10,07:00,1.0634,1.0641,1.0618,1.0625,1482
2022.06.10,11:00,1.0624,1.0632,1.057,1.0573,2051
2022.06.10,15:00,1.0574,1.0585,1.0505,1.0519,4730
2022.06.10,19:00,1.052,1.0532,1.0511,1.0518,1664
2022.06.10,23:00,1.0517,1.0522,1.0514,1.052,115
2022.06.12,23:00,1.0515,1.0519,1.0486,1.049,812
2022.06.13,03:00,1.0491,1.0495,1.0475,1.0491,1460
2022.06.13,07:00,1.049,1.0495,1.046,1.0465,1875
2022.06.13,11:00,1.0466,1.0485,1.0444,1.0445,2454
2022.06.13,15:00,1.0446,1.0473,1.0417,1.0434,3603
2022.06.13,19:00,1.0435,1.0457,1.0403,1.041,2867
2022.06.13,23:00,1.0411,1.0416,1.0399,1.0413,709
2022.06.14,03:00,1.0414,1.0431,1.0396,1.0426,1870
2022.06.14,07:00,1.0427,1.0474,1.0417,1.0467,2251
2022.06.14,11:00,1.0466,1.0484,1.0424,1.0441,2978
2022.06.14,15:00,1.0443,1.0467,1.0406,1.0416,3810
2022.06.14,19:00,1.0415,1.0442,1.0399,1.041,2310
2022.06.14,23:00,1.0409,1.0437,1.0409,1.0436,760
2022.06.15,03:00,1.0437,1.045,1.0425,1.0442,1780
2022.06.15,07:00,1.0441,1.0494,1.0423,1.0465,3194
2022.06.15,11:00,1.0466,1.0507,1.0454,1.0457,3344
2022.06.15,15:00,1.0458,1.046,1.0384,1.0385,3895
2022.06.15,19:00,1.0386,1.0464,1.0358,1.0453,7062
2022.06.15,23:00,1.0452,1.0469,1.0441,1.0457,952
2022.06.16,03:00,1.0458,1.0468,1.043,1.0442,1572
2022.06.16,07:00,1.0441,1.0443,1.038,1.0396,2532
2022.06.16,11:00,1.0395,1.0425,1.0383,1.0384,4133
2022.06.16,15:00,1.0386,1.0528,1.0383,1.0528,4994
2022.06.16,19:00,1.0529,1.06,1.0522,1.056,3437
2022.06.16,23:00,1.0559,1.056,1.0543,1.0546,696
2022.06.17,03:00,1.0547,1.0551,1.0517,1.052,2858
2022.06.17,07:00,1.0519,1.053,1.0493,1.0517,2463
2022.06.17,11:00,1.0516,1.0535,1.0483,1.0485,2841
2022.06.17,15:00,1.0486,1.0507,1.0444,1.0473,3771
2022.06.17,19:00,1.0472,1.0502,1.0464,1.0493,1874
2022.06.17,23:00,1.0494,1.0499,1.0489,1.0496,120
2022.06.19,23:00,1.0484,1.0493,1.0474,1.0489,581
2022.06.20,03:00,1.0491,1.0528,1.0484,1.0528,1959
2022.06.20,07:00,1.0527,1.0542,1.0509,1.0516,1731
2022.06.20,11:00,1.0515,1.0545,1.0511,1.0525,1943
2022.06.20,15:00,1.0526,1.0541,1.0507,1.0537,1639
2022.06.20,19:00,1.0536,1.0537,1.0497,1.0511,544
2022.06.20,23:00,1.051,1.052,1.0505,1.0517,332
2022.06.21,03:00,1.0516,1.0541,1.0516,1.0531,1204
2022.06.21,07:00,1.0532,1.0564,1.0512,1.0556,1458
2022.06.21,11:00,1.0555,1.0582,1.0544,1.0549,2136
2022.06.21,15:00,1.0548,1.0566,1.0544,1.0547,2703
2022.06.21,19:00,1.0548,1.0548,1.0518,1.0531,1253
2022.06.21,23:00,1.053,1.0538,1.0526,1.0531,428
2022.06.22,03:00,1.053,1.0531,1.0501,1.051,1616
2022.06.22,07:00,1.0511,1.0513,1.0468,1.0504,1909
2022.06.22,11:00,1.0503,1.0528,1.0493,1.051,2582
2022.06.22,15:00,1.0511,1.0605,1.051,1.0579,3872
2022.06.22,19:00,1.058,1.0589,1.0564,1.0566,1359
2022.06.22,23:00,1.0567,1.0569,1.056,1.0564,458
2022.06.23,03:00,1.0563,1.058,1.0555,1.0568,1895
2022.06.23,07:00,1.0569,1.0578,1.0498,1.0507,2599
2022.06.23,11:00,1.0506,1.0521,1.0482,1.0505,2978
2022.06.23,15:00,1.0504,1.0553,1.0489,1.0502,4624
2022.06.23,19:00,1.0501,1.0533,1.0493,1.0526,2140
2022.06.23,23:00,1.0527,1.053,1.0518,1.0519,456
2022.06.24,03:00,1.0518,1.0536,1.0511,1.0532,1464
2022.06.24,07:00,1.0531,1.0546,1.0521,1.0523,1504
2022.06.24,11:00,1.0524,1.0554,1.0513,1.0515,1947
2022.06.24,15:00,1.0516,1.057,1.0515,1.0537,3498
2022.06.24,19:00,1.0538,1.0559,1.0534,1.0558,974
2022.06.24,23:00,1.0557,1.0557,1.0549,1.0553,109
2022.06.26,23:00,1.0551,1.0574,1.0551,1.0566,524
2022.06.27,03:00,1.0567,1.0571,1.0549,1.0556,1459
2022.06.27,07:00,1.0555,1.0589,1.0553,1.0587,1552
2022.06.27,11:00,1.0588,1.059,1.0564,1.0566,1829
2022.06.27,15:00,1.0567,1.0614,1.0553,1.0599,2808
2022.06.27,19:00,1.06,1.0604,1.0577,1.0579,1430
2022.06.27,23:00,1.058,1.0585,1.0575,1.0579,406
2022.06.28,03:00,1.0578,1.0586,1.057,1.058,1210
2022.06.28,07:00,1.0581,1.0605,1.057,1.0583,1713
2022.06.28,11:00,1.0584,1.0596,1.0563,1.0569,2119
2022.06.28,15:00,1.0568,1.057,1.0503,1.0533,2974
2022.06.28,19:00,1.0532,1.054,1.0516,1.0525,1430
2022.06.28,23:00,1.0526,1.0527,1.0517,1.0521,406
2022.06.29,03:00,1.052,1.0535,1.0516,1.0529,1061
2022.06.29,07:00,1.053,1.0532,1.0485,1.0516,2363
2022.06.29,11:00,1.0515,1.0534,1.0502,1.0521,2440
2022.06.29,15:00,1.052,1.0528,1.0465,1.0476,3376
2022.06.29,19:00,1.0475,1.0476,1.0434,1.044,1205
2022.06.29,23:00,1.0439,1.0446,1.0436,1.0445,512
2022.06.30,03:00,1.0444,1.0456,1.0432,1.0451,1120
2022.06.30,07:00,1.045,1.0468,1.0429,1.0445,2248
2022.06.30,11:00,1.0446,1.0467,1.0382,1.0393,2817
2022.06.30,15:00,1.0392,1.0478,1.0384,1.0468,3665
2022.06.30,19:00,1.0469,1.0488,1.0461,1.0478,1617
2022.06.30,23:00,1.0479,1.0485,1.0473,1.0478,546
2022.07.01,03:00,1.0477,1.0477,1.0449,1.0453,1310
2022.07.01,07:00,1.0452,1.047,1.0432,1.0446,2215
2022.07.01,11:00,1.0445,1.0473,1.0431,1.0435,2352
2022.07.01,15:00,1.0436,1.0438,1.0365,1.0407,3494
2022.07.01,19:00,1.0406,1.0431,1.0392,1.0428,1721
2022.07.01,23:00,1.0429,1.0432,1.0425,1.0426,72
2022.07.03,19:00,1.0426,1.0426,1.0426,1.0426,9
2022.07.03,23:00,1.0422,1.0436,1.0417,1.0432,494
2022.07.04,03:00,1.0431,1.0443,1.0424,1.0425,1146
2022.07.04,07:00,1.0424,1.0438,1.0421,1.043,1510
2022.07.04,11:00,1.0429,1.0462,1.042,1.0451,1746
2022.07.04,15:00,1.0452,1.0457,1.0416,1.0426,1667
2022.07.04,19:00,1.0427,1.043,1.0417,1.0423,331
2022.07.04,23:00,1.0422,1.0435,1.0418,1.0432,433
2022.07.05,03:00,1.0433,1.0437,1.0422,1.0433,936
2022.07.05,07:00,1.0434,1.0448,1.0365,1.0374,1881
2022.07.05,11:00,1.0373,1.0375,1.028,1.0295,3458
2022.07.05,15:00,1.0296,1.03,1.0236,1.0253,3745
2022.07.05,19:00,1.0252,1.027,1.0234,1.0264,1591
2022.07.05,23:00,1.0265,1.0271,1.0255,1.0256,467
2022.07.06,03:00,1.0257,1.0271,1.0253,1.0263,1553
2022.07.06,07:00,1.0262,1.0275,1.0238,1.0258,2202
2022.07.06,11:00,1.0257,1.0273,1.0179,1.0191,2970
2022.07.06,15:00,1.0192,1.02,1.0161,1.0169,4172
2022.07.06,19:00,1.017,1.0198,1.0164,1.0186,2113
2022.07.06,23:00,1.0187,1.0188,1.0177,1.0184,556
2022.07.07,03:00,1.0183,1.0209,1.0175,1.0203,1469
2022.07.07,07:00,1.0204,1.022,1.0181,1.0191,1795
2022.07.07,11:00,1.0192,1.0217,1.0174,1.0189,3121
2022.07.07,15:00,1.0188,1.0196,1.0151,1.0158,2862
2022.07.07,19:00,1.0157,1.0167,1.0143,1.0165,1165
2022.07.07,23:00,1.0164,1.0168,1.0156,1.0168,456
2022.07.08,03:00,1.0169,1.0191,1.0153,1.0158,1513
2022.07.08,07:00,1.0157,1.0169,1.0071,1.0108,2359
2022.07.08,11:00,1.0107,1.0158,1.0086,1.015,2915
2022.07.08,15:00,1.0151,1.0189,1.0115,1.0177,4991
2022.07.08,19:00,1.0178,1.0179,1.0158,1.0177,1140
2022.07.10,23:00,1.0177,1.0183,1.0164,1.0166,593
2022.07.11,03:00,1.0167,1.0167,1.0134,1.0149,1359
2022.07.11,07:00,1.0148,1.0154,1.0105,1.011,1667
2022.07.11,11:00,1.0111,1.0131,1.0082,1.0089,2179
2022.07.11,15:00,1.009,1.0103,1.0052,1.0085,3295
2022.07.11,19:00,1.0084,1.0087,1.0033,1.0044,1476
2022.07.11,23:00,1.0045,1.0047,1.0037,1.0045,475
2022.07.12,03:00,1.0044,1.0054,1.0005,1.0025,2216
2022.07.12,07:00,1.0024,1.0038,1.0002,1.0008,2765
2022.07.12,11:00,1.0007,1.0068,0.9999,1.0039,3094
2022.07.12,15:00,1.004,1.0073,1.0032,1.0068,3513
2022.07.12,19:00,1.0067,1.0072,1.0031,1.0031,1387
2022.07.12,23:00,1.0032,1.0041,1.0024,1.0029,467
2022.07.13,03:00,1.003,1.0046,1.0022,1.0036,1665
2022.07.13,07:00,1.0037,1.0052,1.0005,1.0032,2136
2022.07.13,11:00,1.0033,1.0069,1.0022,1.0067,2592
2022.07.13,15:00,1.0068,1.0121,0.9997,1.0077,6665
2022.07.13,19:00,1.0078,1.0096,1.0053,1.0058,2188
2022.07.13,23:00,1.0057,1.0064,1.003,1.0033,556
2022.07.14,03:00,1.0034,1.0043,1.0013,1.0032,1866
2022.07.14,07:00,1.0033,1.0046,1.0004,1.0035,2394
2022.07.14,11:00,1.0036,1.005,1.0004,1.0009,3044
2022.07.14,15:00,1.0008,1.0047,0.9951,1.0026,4937
2022.07.14,19:00,1.0027,1.0037,0.9983,1.0015,2708
2022.07.14,23:00,1.0016,1.0026,1.0009,1.0026,398
2022.07.15,03:00,1.0025,1.004,1.001,1.0025,1525
2022.07.15,07:00,1.0024,1.0034,1.0006,1.0027,2103
2022.07.15,11:00,1.0026,1.0065,1.0016,1.0053,2034
2022.07.15,15:00,1.0054,1.0097,1.004,1.0089,4913
2022.07.15,19:00,1.0088,1.0093,1.0071,1.0082,1187
2022.07.15,23:00,1.0081,1.0087,1.0079,1.0085,81
2022.07.17,19:00,1.0085,1.0085,1.0085,1.0085,5
2022.07.17,23:00,1.0085,1.0097,1.0078,1.0096,444
2022.07.18,03:00,1.0097,1.0113,1.0086,1.0103,1300
2022.07.18,07:00,1.0102,1.0148,1.008,1.0145,2367
2022.07.18,11:00,1.0144,1.0174,1.0119,1.0141,2342
2022.07.18,15:00,1.0142,1.02,1.0119,1.0159,3100
2022.07.18,19:00,1.016,1.0177,1.014,1.0142,1530
2022.07.18,23:00,1.0143,1.0148,1.0138,1.0146,463
2022.07.19,03:00,1.0147,1.0148,1.0119,1.0126,1291
2022.07.19,07:00,1.0127,1.0243,1.0123,1.0241,2965
2022.07.19,07:00,1.0127,1.0158,1.0123,1.0152,1262
2022.07.19,11:00,1.024,1.0268,1.0219,1.0252,3873
2022.07.19,15:00,1.0253,1.0264,1.0224,1.0238,3961
2022.07.19,19:00,1.0237,1.0244,1.0221,1.0221,1551
2022.07.19,23:00,1.0222,1.0241,1.0222,1.023,514
2022.07.20,03:00,1.0231,1.0248,1.023,1.0242,1075
2022.07.20,07:00,1.0241,1.0272,1.022,1.0225,2176
2022.07.20,11:00,1.0226,1.0252,1.0172,1.019,3511
2022.07.20,15:00,1.0189,1.0237,1.0179,1.0214,3727
2022.07.20,19:00,1.0215,1.0217,1.0155,1.0177,1860
2022.07.20,23:00,1.0176,1.0187,1.0173,1.018,448
2022.07.21,03:00,1.0179,1.0213,1.0178,1.0208,1089
2022.07.21,07:00,1.0209,1.023,1.0189,1.0195,2668
2022.07.21,11:00,1.0196,1.0198,1.0165,1.0189,3392
2022.07.21,15:00,1.019,1.0277,1.0153,1.0199,7156
2022.07.21,19:00,1.0198,1.0211,1.0174,1.0211,1657
2022.07.21,23:00,1.021,1.0233,1.0204,1.0219,617
2022.07.22,03:00,1.022,1.0221,1.0184,1.019,1270
2022.07.22,07:00,1.0189,1.0213,1.0129,1.0138,2281
2022.07.22,11:00,1.0137,1.0184,1.0134,1.0175,2789
2022.07.22,15:00,1.0176,1.0254,1.0168,1.0225,3543
2022.07.22,19:00,1.0224,1.0238,1.0189,1.021,1707
2022.07.22,23:00,1.0211,1.0215,1.0205,1.021,187
2022.07.24,19:00,1.021,1.021,1.021,1.021,3
2022.07.24,23:00,1.0213,1.0218,1.0198,1.0198,474
2022.07.25,03:00,1.0199,1.0212,1.018,1.0206,1234
2022.07.25,07:00,1.0207,1.0221,1.0185,1.0192,2058
2022.07.25,11:00,1.0193,1.0257,1.0178,1.0229,3343
2022.07.25,15:00,1.023,1.0254,1.0202,1.0209,3412
2022.07.25,19:00,1.021,1.0228,1.0205,1.0225,1138
2022.07.25,23:00,1.0226,1.0226,1.0215,1.0222,461
2022.07.26,03:00,1.0223,1.0249,1.0221,1.0229,1089
2022.07.26,07:00,1.0228,1.0235,1.0208,1.0218,1384
2022.07.26,11:00,1.0219,1.0221,1.0124,1.0131,2953
2022.07.26,15:00,1.013,1.0152,1.0112,1.0115,3382
2022.07.26,19:00,1.0116,1.0132,1.0107,1.0113,1296
2022.07.26,23:00,1.0114,1.0133,1.0114,1.0128,496
2022.07.27,03:00,1.0127,1.0146,1.0127,1.0142,1067
2022.07.27,07:00,1.0141,1.0158,1.0127,1.0139,1555
2022.07.27,11:00,1.014,1.0171,1.0133,1.015,2082
2022.07.27,15:00,1.0151,1.0156,1.0104,1.0104,2600
2022.07.27,19:00,1.0105,1.022,1.0096,1.0208,4301
2022.07.27,23:00,1.0207,1.0207,1.0188,1.0204,848
2022.07.28,03:00,1.0205,1.0215,1.018,1.0209,1671
2022.07.28,07:00,1.0208,1.0233,1.0184,1.0209,2382
2022.07.28,11:00,1.0211,1.0219,1.0113,1.0117,3401
2022.07.28,15:00,1.0118,1.0174,1.0115,1.0164,4885
2022.07.28,19:00,1.0162,1.0188,1.0141,1.0186,1556
2022.07.28,23:00,1.0185,1.0199,1.0184,1.0191,539
2022.07.29,03:00,1.0192,1.0224,1.0189,1.0212,1341
2022.07.29,07:00,1.0213,1.0253,1.0207,1.0235,2701
2022.07.29,11:00,1.0233,1.0245,1.0185,1.0208,2864
2022.07.29,15:00,1.0209,1.0212,1.0145,1.0201,4762
2022.07.29,19:00,1.02,1.0222,1.0177,1.022,1494
2022.07.29,23:00,1.0221,1.0226,1.0216,1.0226,99
2022.07.31,23:00,1.0218,1.0223,1.0205,1.021,543
2022.08.01,03:00,1.0209,1.0241,1.0207,1.0225,1769
2022.08.01,07:00,1.0224,1.024,1.0212,1.0229,1939
2022.08.01,11:00,1.023,1.0269,1.0226,1.0232,2919
2022.08.01,15:00,1.0233,1.0274,1.0224,1.0268,3747
2022.08.01,19:00,1.0267,1.0274,1.0245,1.0258,1405
2022.08.01,23:00,1.0257,1.0268,1.0253,1.0262,394
2022.08.02,03:00,1.0263,1.0293,1.0255,1.0273,2498
2022.08.02,07:00,1.0272,1.0279,1.0214,1.0224,2579
2022.08.02,11:00,1.0225,1.0244,1.0218,1.0223,2818
2022.08.02,15:00,1.0222,1.0235,1.018,1.0195,4466
2022.08.02,19:00,1.0194,1.021,1.0167,1.0168,2115
2022.08.02,23:00,1.0169,1.0172,1.0154,1.0156,649
2022.08.03,03:00,1.0155,1.0193,1.0149,1.0191,1558
2022.08.03,07:00,1.019,1.0192,1.0153,1.0176,2301
2022.08.03,11:00,1.0177,1.0209,1.0177,1.0183,2588
2022.08.03,15:00,1.0182,1.0196,1.0122,1.0144,4178
2022.08.03,19:00,1.0145,1.0173,1.0139,1.0167,1790
2022.08.03,23:00,1.0169,1.0171,1.0155,1.0156,559
2022.08.04,03:00,1.0155,1.0175,1.0153,1.0162,1062
2022.08.04,07:00,1.0163,1.0185,1.0156,1.0178,1772
2022.08.04,11:00,1.0177,1.0197,1.016,1.0175,2686
2022.08.04,15:00,1.0174,1.0233,1.0165,1.0221,3831
2022.08.04,19:00,1.022,1.0253,1.0217,1.0244,1489
2022.08.04,23:00,1.0245,1.0251,1.0241,1.0246,594
2022.08.05,03:00,1.0247,1.0247,1.0229,1.0236,1124
2022.08.05,07:00,1.0235,1.0238,1.0222,1.0233,1269
2022.08.05,11:00,1.0232,1.0238,1.0217,1.023,1656
2022.08.05,15:00,1.0231,1.0236,1.0141,1.0168,4864
2022.08.05,19:00,1.0169,1.0192,1.0166,1.0177,1930
2022.08.05,23:00,1.0178,1.0182,1.0176,1.0177,109
2022.08.07,23:00,1.0174,1.0178,1.0168,1.0171,437
2022.08.08,03:00,1.0172,1.0185,1.0158,1.0185,1265
2022.08.08,07:00,1.0184,1.0214,1.017,1.0208,1657
2022.08.08,11:00,1.0207,1.0207,1.0172,1.0199,1855
2022.08.08,15:00,1.02,1.0221,1.0183,1.0205,2257
2022.08.08,19:00,1.0206,1.0212,1.0184,1.0191,1294
2022.08.08,23:00,1.0192,1.0199,1.0191,1.0197,394
2022.08.09,03:00,1.0196,1.02,1.0188,1.0195,794
2022.08.09,07:00,1.0194,1.0214,1.0191,1.0214,1166
2022.08.09,11:00,1.0213,1.0246,1.0213,1.0219,1909
2022.08.09,15:00,1.022,1.0243,1.0218,1.0224,2077
2022.08.09,19:00,1.0225,1.0231,1.0202,1.0207,927
2022.08.09,23:00,1.0208,1.0215,1.0204,1.0207,360
2022.08.10,03:00,1.0206,1.0218,1.0202,1.0213,684
2022.08.10,07:00,1.0214,1.0218,1.0204,1.021,913
2022.08.10,11:00,1.0211,1.026,1.0201,1.0257,1622
2022.08.10,15:00,1.0258,1.0367,1.0243,1.0333,5124
2022.08.10,19:00,1.0332,1.0335,1.0294,1.0303,1978
2022.08.10,23:00,1.0302,1.0303,1.0294,1.0297,602
2022.08.11,03:00,1.0298,1.0303,1.028,1.0287,1036
2022.08.11,07:00,1.0286,1.0331,1.0274,1.0324,1439
2022.08.11,11:00,1.0325,1.0341,1.0317,1.0323,1854
2022.08.11,15:00,1.0322,1.0363,1.0322,1.0336,3249
2022.08.11,19:00,1.0337,1.0338,1.0308,1.0316,1526
2022.08.11,23:00,1.0317,1.0326,1.0315,1.0319,494
2022.08.12,03:00,1.032,1.0324,1.0304,1.0316,823
2022.08.12,07:00,1.0315,1.0323,1.029,1.0296,1426
2022.08.12,11:00,1.0295,1.0307,1.0276,1.0276,1836
2022.08.12,15:00,1.0277,1.029,1.0237,1.0254,3477
2022.08.12,19:00,1.0253,1.0267,1.025,1.026,833
2022.08.12,23:00,1.0259,1.0261,1.0254,1.0256,109
2022.08.14,23:00,1.0258,1.0262,1.0253,1.0253,316
2022.08.15,03:00,1.0254,1.0267,1.0239,1.0251,1041
2022.08.15,07:00,1.0252,1.0255,1.0229,1.0233,1203
2022.08.15,11:00,1.0234,1.0236,1.0185,1.0195,1997
2022.08.15,15:00,1.0194,1.0222,1.018,1.0184,2840
2022.08.15,19:00,1.0185,1.0185,1.0154,1.016,810
2022.08.15,23:00,1.0159,1.0166,1.0153,1.0161,606
2022.08.16,03:00,1.016,1.0169,1.0147,1.0161,1097
2022.08.16,07:00,1.016,1.0168,1.0133,1.0159,1471
2022.08.16,11:00,1.016,1.016,1.0122,1.0127,2278
2022.08.16,15:00,1.0128,1.0194,1.0124,1.0172,2681
2022.08.16,19:00,1.0173,1.018,1.0161,1.0169,951
2022.08.16,23:00,1.017,1.0174,1.0165,1.0169,453
2022.08.17,03:00,1.0168,1.0179,1.0165,1.0172,1019
2022.08.17,07:00,1.0173,1.0186,1.0149,1.0166,1701
2022.08.17,11:00,1.0165,1.0183,1.0151,1.0167,2306
2022.08.17,15:00,1.0166,1.0197,1.0145,1.016,3548
2022.08.17,19:00,1.0161,1.0202,1.016,1.0179,2394
2022.08.17,23:00,1.018,1.0181,1.0172,1.0177,364
2022.08.18,03:00,1.0176,1.0192,1.0166,1.017,1061
2022.08.18,07:00,1.0169,1.0178,1.0145,1.0161,1517
2022.08.18,11:00,1.016,1.0187,1.0157,1.0176,2026
2022.08.18,15:00,1.0177,1.0186,1.0111,1.0112,3352
2022.08.18,19:00,1.0113,1.0114,1.0079,1.0093,1392
2022.08.18,23:00,1.0094,1.0094,1.0084,1.0088,334
2022.08.19,03:00,1.0089,1.009,1.0069,1.0079,1016
2022.08.19,07:00,1.0078,1.0095,1.0071,1.0089,1507
2022.08.19,11:00,1.009,1.009,1.0045,1.0048,1887
2022.08.19,15:00,1.0049,1.0068,1.0034,1.0036,2577
2022.08.19,19:00,1.0037,1.0045,1.0031,1.0039,900
2022.08.19,23:00,1.004,1.0042,1.0038,1.0039,70
2022.08.20,19:00,1.0039,1.0039,1.0039,1.0039,4
2022.08.21,19:00,1.0039,1.0039,1.0039,1.0039,3
2022.08.21,23:00,1.004,1.0041,1.0029,1.0035,459
2022.08.22,03:00,1.0034,1.0046,1.0023,1.0042,973
2022.08.22,07:00,1.0041,1.0041,0.9999,1.0003,1483
2022.08.22,11:00,1.0004,1.0017,0.9988,1,2352
2022.08.22,15:00,0.9999,1.0008,0.9927,0.9934,3037
2022.08.22,19:00,0.9935,0.9948,0.9925,0.9942,1128
2022.08.22,23:00,0.9943,0.9945,0.9932,0.9937,381
2022.08.23,03:00,0.9938,0.9949,0.9929,0.9941,1214
2022.08.23,07:00,0.9942,0.9949,0.99,0.9932,2141
2022.08.23,11:00,0.9933,0.9942,0.9912,0.9924,2225
2022.08.23,15:00,0.9923,1.0017,0.9913,0.9973,4232
2022.08.23,19:00,0.9972,0.9979,0.9959,0.9968,1313
2022.08.23,23:00,0.9967,0.9973,0.9963,0.9966,496
2022.08.24,03:00,0.9965,0.9971,0.9942,0.9947,1119
2022.08.24,07:00,0.9946,0.9961,0.9934,0.9952,1513
2022.08.24,11:00,0.9953,0.9958,0.9916,0.9926,2232
2022.08.24,15:00,0.9927,0.9998,0.9909,0.9966,4252
2022.08.24,19:00,0.9967,0.9975,0.9944,0.9971,1397
2022.08.24,23:00,0.997,0.9973,0.9963,0.9967,442
2022.08.25,03:00,0.9966,0.9992,0.9962,0.9986,1314
2022.08.25,07:00,0.9985,1.0033,0.9984,0.9999,2265
2022.08.25,11:00,1.0003,1.0011,0.9972,0.9976,2340
2022.08.25,15:00,0.9975,1,0.9954,0.9956,3376
2022.08.25,19:00,0.9955,0.9978,0.9948,0.9976,1380
2022.08.25,23:00,0.9977,0.9977,0.9967,0.997,417
2022.08.26,03:00,0.9971,0.9974,0.9962,0.997,729
2022.08.26,07:00,0.9969,0.9974,0.9946,0.9973,1361
2022.08.26,11:00,0.9972,1.0023,0.9969,0.9997,1782
2022.08.26,15:00,0.9996,1.0089,0.9983,0.9996,5938
2022.08.26,19:00,0.9997,1.0002,0.9956,0.9965,1870
2022.08.26,23:00,0.9964,0.9968,0.9962,0.9964,112
2022.08.28,11:00,0.9964,0.9964,0.9964,0.9964,4
2022.08.28,23:00,0.9965,0.9965,0.9934,0.9935,777
2022.08.29,03:00,0.9936,0.9944,0.9917,0.9923,1560
2022.08.29,07:00,0.9924,0.995,0.9913,0.9942,1911
2022.08.29,11:00,0.9941,0.9999,0.9919,0.9997,2482
2022.08.29,15:00,0.9996,1.0028,0.998,0.9996,3558
2022.08.29,19:00,0.9997,1.0022,0.9989,0.9995,1508
2022.08.29,23:00,0.9996,1.0011,0.9992,1.001,362
2022.08.30,03:00,1.0009,1.0012,0.9981,0.9998,1362
2022.08.30,07:00,0.9997,1.0033,0.9981,1.0028,2150
2022.08.30,11:00,1.0027,1.0054,1.0016,1.0024,2745
2022.08.30,15:00,1.0025,1.004,0.9982,1.0017,4348
2022.08.30,19:00,1.0018,1.0034,1.0009,1.0016,2204
2022.08.30,23:00,1.0017,1.0025,1.0013,1.0023,402
2022.08.31,03:00,1.0022,1.0034,1.0016,1.0031,1066
2022.08.31,07:00,1.0032,1.0045,0.9998,1.0001,1627
2022.08.31,11:00,1,1.0026,0.997,1,3273
2022.08.31,15:00,1.0001,1.0078,0.9981,1.0062,4483
2022.08.31,19:00,1.0063,1.0063,1.0035,1.0048,1844
2022.08.31,23:00,1.0047,1.0054,1.0034,1.0037,586
2022.09.01,03:00,1.0036,1.0037,1.001,1.0016,1310
2022.09.01,07:00,1.0015,1.0032,1.0007,1.0029,1979
2022.09.01,11:00,1.003,1.0048,1,1.0003,2771
2022.09.01,15:00,1.0004,1.0006,0.991,0.9948,4468
2022.09.01,19:00,0.9947,0.9959,0.9935,0.9944,1883
2022.09.01,23:00,0.9943,0.9952,0.9942,0.9951,606
2022.09.02,03:00,0.995,0.9962,0.9949,0.9961,833
2022.09.02,07:00,0.9962,0.9995,0.9957,0.9988,1627
2022.09.02,11:00,0.9987,1.0016,0.9967,0.999,1963
2022.09.02,15:00,0.9989,1.0033,0.998,1.0029,4677
2022.09.02,19:00,1.003,1.003,0.9944,0.9952,2549
2022.09.02,23:00,0.9951,0.996,0.9951,0.9957,141
2022.09.03,19:00,0.9957,0.9957,0.9957,0.9957,9
2022.09.04,23:00,0.993,0.9935,0.9902,0.9907,1019
2022.09.05,03:00,0.9908,0.9928,0.99,0.9912,1587
2022.09.05,07:00,0.9913,0.9936,0.9877,0.991,2353
2022.09.05,11:00,0.9909,0.9943,0.9903,0.9916,2106
2022.09.05,15:00,0.9917,0.9934,0.9913,0.9928,1731
2022.09.05,19:00,0.9929,0.9935,0.9926,0.993,249
2022.09.05,23:00,0.9929,0.9951,0.9924,0.9949,661
2022.09.06,03:00,0.995,0.997,0.9942,0.9943,1619
2022.09.06,07:00,0.9944,0.9985,0.9943,0.9975,2378
2022.09.06,11:00,0.9974,0.9975,0.9917,0.9923,2848
2022.09.06,15:00,0.9924,0.9929,0.9863,0.9911,4348
2022.09.06,19:00,0.9912,0.9915,0.9894,0.9902,1647
2022.09.06,23:00,0.9901,0.9908,0.9889,0.9896,375
2022.09.07,03:00,0.9897,0.9902,0.9876,0.9885,1445
2022.09.07,07:00,0.9884,0.9927,0.9879,0.9922,1750
2022.09.07,11:00,0.9921,0.9928,0.9876,0.9877,2380
2022.09.07,15:00,0.9878,0.9953,0.9874,0.9939,3243
2022.09.07,19:00,0.9938,1.0009,0.9938,1.0008,1869
2022.09.07,23:00,1.0007,1.0012,0.9993,0.9997,538
2022.09.08,03:00,0.9998,1,0.9979,0.9985,1227
2022.09.08,07:00,0.9986,1.0014,0.9976,0.9981,1742
2022.09.08,11:00,0.9982,1.0028,0.9977,1.0019,2205
2022.09.08,15:00,1.002,1.0029,0.993,0.9953,6299
2022.09.08,19:00,0.9954,0.9999,0.9944,0.9998,2264
2022.09.08,23:00,0.9997,1.0009,0.9994,1.0009,274
2022.09.09,03:00,1.0008,1.0083,1.0007,1.0068,1472
2022.09.09,07:00,1.0069,1.0109,1.0057,1.0096,2266
2022.09.09,11:00,1.0095,1.0112,1.0036,1.0036,2481
2022.09.09,15:00,1.0037,1.0062,1.0031,1.0044,3558
2022.09.09,19:00,1.0043,1.0054,1.0036,1.0045,1026
2022.09.09,23:00,1.0044,1.0046,1.0039,1.0045,147
2022.09.10,19:00,1.0045,1.0045,1.0045,1.0045,7
2022.09.11,11:00,1.0045,1.0045,1.0045,1.0045,1
2022.09.11,23:00,1.0045,1.0097,1.0045,1.007,801
2022.09.12,03:00,1.0069,1.0094,1.0062,1.008,1249
2022.09.12,07:00,1.0081,1.0197,1.0073,1.0174,2541
2022.09.12,11:00,1.0175,1.0195,1.0129,1.0143,2670
2022.09.12,15:00,1.0142,1.0162,1.0104,1.0125,3081
2022.09.12,19:00,1.0126,1.0143,1.011,1.0114,1331
2022.09.12,23:00,1.0115,1.0129,1.0114,1.0128,375
2022.09.13,03:00,1.0127,1.0145,1.0123,1.0129,1149
2022.09.13,07:00,1.013,1.0154,1.0119,1.0146,1527
2022.09.13,11:00,1.0147,1.0186,1.0132,1.0176,1674
2022.09.13,15:00,1.0177,1.0179,0.9995,0.9996,5771
2022.09.13,19:00,0.9995,1.0008,0.9969,0.9972,1657
2022.09.13,23:00,0.9973,0.998,0.9955,0.9977,716
2022.09.14,03:00,0.9976,0.9989,0.9968,0.9988,1565
2022.09.14,07:00,0.9989,1.0001,0.9959,0.9987,2631
2022.09.14,11:00,0.9986,1.0023,0.9981,0.9991,2860
2022.09.14,15:00,0.9992,1.0009,0.997,0.9992,3964
2022.09.14,19:00,0.9993,1.0007,0.9968,0.9979,1372
2022.09.14,23:00,0.9978,0.9984,0.9974,0.9981,425
2022.09.15,03:00,0.998,0.9982,0.9968,0.9973,781
2022.09.15,07:00,0.9974,0.9978,0.9955,0.9977,1209
2022.09.15,11:00,0.9976,0.9999,0.9968,0.9984,1899
2022.09.15,15:00,0.9985,1.0017,0.9977,0.999,3577
2022.09.15,19:00,0.9989,1.0014,0.9987,0.9994,1344
2022.09.15,23:00,0.9995,1.0001,0.9986,0.9987,459
2022.09.16,03:00,0.9986,1.0011,0.9985,0.9996,1071
2022.09.16,07:00,0.9997,1.0001,0.9944,0.9955,2012
2022.09.16,11:00,0.9956,0.9988,0.9948,0.9968,2102
2022.09.16,15:00,0.9969,1.0036,0.9952,1.0011,4280
2022.09.16,19:00,1.001,1.0019,0.9992,1.0012,1588
2022.09.16,23:00,1.0011,1.0013,1.0007,1.0012,90
2022.09.18,03:00,1.0012,1.0012,1.0012,1.0012,29
2022.09.18,07:00,1.0012,1.0012,1.0012,1.0012,1
2022.09.18,11:00,1.0012,1.0012,1.0012,1.0012,3
2022.09.18,19:00,1.0012,1.0012,1.0012,1.0012,2
2022.09.18,23:00,1.001,1.0028,1.0003,1.0021,429
2022.09.19,03:00,1.0022,1.0028,0.9994,0.9997,842
2022.09.19,07:00,0.9998,0.9999,0.9965,0.9979,1576
2022.09.19,11:00,0.9978,1.0004,0.9966,0.9981,2141
2022.09.19,15:00,0.9982,1.0017,0.9975,1.0001,2813
2022.09.19,19:00,1.0002,1.0024,1,1.0023,1170
2022.09.19,23:00,1.0024,1.0031,1.0018,1.0029,505
2022.09.20,03:00,1.003,1.005,1.0019,1.0029,1236
2022.09.20,07:00,1.0028,1.0041,1.0012,1.0035,1858
2022.09.20,11:00,1.0034,1.0035,0.9985,0.9986,2439
2022.09.20,15:00,0.9987,0.9999,0.9954,0.9993,3401
2022.09.20,19:00,0.9994,0.9995,0.9959,0.9975,1736
2022.09.20,23:00,0.9974,0.9978,0.9964,0.997,705
2022.09.21,03:00,0.9969,0.9974,0.9957,0.9965,1249
2022.09.21,07:00,0.9966,0.9968,0.9884,0.9909,3181
2022.09.21,11:00,0.991,0.9936,0.9898,0.9899,2268
2022.09.21,15:00,0.99,0.9919,0.9866,0.9878,3038
2022.09.21,19:00,0.9877,0.9909,0.9813,0.9851,6080
2022.09.21,23:00,0.9848,0.9849,0.9828,0.9831,810
2022.09.22,03:00,0.983,0.9837,0.9808,0.9818,2362
2022.09.22,07:00,0.9819,0.9852,0.9812,0.9844,3149
2022.09.22,11:00,0.9845,0.9907,0.984,0.9865,5289
2022.09.22,15:00,0.9866,0.9887,0.9811,0.9839,4828
2022.09.22,19:00,0.984,0.9851,0.9829,0.9839,2212
2022.09.22,23:00,0.9838,0.9839,0.983,0.9838,561
2022.09.23,03:00,0.9837,0.9851,0.982,0.9823,1084
2022.09.23,07:00,0.9822,0.9837,0.9766,0.9774,2345
2022.09.23,11:00,0.9775,0.9779,0.9736,0.975,4375
2022.09.23,15:00,0.9751,0.9774,0.9701,0.9717,4952
2022.09.23,19:00,0.9716,0.9723,0.9667,0.969,2584
2022.09.23,23:00,0.9691,0.9696,0.9687,0.9688,183
2022.09.25,15:00,0.9688,0.9688,0.9688,0.9688,4
2022.09.25,23:00,0.9675,0.9708,0.9667,0.9685,1131
2022.09.26,03:00,0.9684,0.9691,0.9549,0.9633,4903
2022.09.26,07:00,0.9634,0.9701,0.962,0.9677,4649
2022.09.26,11:00,0.9678,0.9697,0.9618,0.9637,4653
2022.09.26,15:00,0.9638,0.9688,0.9609,0.9619,6379
2022.09.26,19:00,0.9621,0.9629,0.9599,0.9608,4247
2022.09.26,23:00,0.9609,0.9623,0.9583,0.9619,1130
2022.09.27,03:00,0.9618,0.9644,0.9618,0.964,2155
2022.09.27,07:00,0.9641,0.967,0.9634,0.9646,2695
2022.09.27,11:00,0.9645,0.9652,0.9606,0.9638,3173
2022.09.27,15:00,0.9637,0.9648,0.9592,0.9614,5670
2022.09.27,19:00,0.9613,0.9615,0.9568,0.9594,2569
2022.09.27,23:00,0.9593,0.9599,0.9583,0.9595,698
2022.09.28,03:00,0.9594,0.96,0.9544,0.9557,2787
2022.09.28,07:00,0.9558,0.9586,0.9535,0.9576,3264
2022.09.28,11:00,0.9577,0.9601,0.9537,0.9565,6417
2022.09.28,15:00,0.9566,0.9687,0.9559,0.9678,7038
2022.09.28,19:00,0.9679,0.975,0.9678,0.9731,3636
2022.09.28,23:00,0.9732,0.9738,0.9704,0.9705,901
2022.09.29,03:00,0.9706,0.9713,0.9674,0.9685,1993
2022.09.29,07:00,0.9684,0.9689,0.9635,0.9654,3376
2022.09.29,11:00,0.9658,0.9746,0.9641,0.9722,4416
2022.09.29,15:00,0.9723,0.9789,0.9683,0.9773,6693
2022.09.29,19:00,0.9772,0.9808,0.9769,0.98,2916
2022.09.29,23:00,0.9799,0.9843,0.9796,0.9828,1333
2022.09.30,03:00,0.9829,0.9832,0.9794,0.9799,2441
2022.09.30,07:00,0.98,0.9837,0.9789,0.9832,3538
2022.09.30,11:00,0.9833,0.9853,0.974,0.9746,4573
2022.09.30,15:00,0.9745,0.9817,0.9734,0.9782,7152
2022.09.30,19:00,0.9783,0.9815,0.977,0.98,2518
2022.09.30,23:00,0.9799,0.9809,0.9798,0.9799,221
2022.10.01,11:00,0.9799,0.9799,0.9799,0.9799,1
2022.10.02,03:00,0.9799,0.9799,0.9799,0.9799,6
2022.10.02,23:00,0.9793,0.981,0.9789,0.9793,889
2022.10.03,03:00,0.9792,0.9827,0.9785,0.9805,1642
2022.10.03,07:00,0.9804,0.9834,0.9783,0.9811,3498
2022.10.03,11:00,0.981,0.9827,0.9752,0.9767,3397
2022.10.03,15:00,0.9768,0.9844,0.9755,0.9807,5250
2022.10.03,19:00,0.9808,0.9827,0.9787,0.9827,2851
2022.10.03,23:00,0.9828,0.9837,0.982,0.9833,839
2022.10.04,03:00,0.9834,0.9845,0.9805,0.9842,1971
2022.10.04,07:00,0.9841,0.9895,0.9825,0.9874,3279
2022.10.04,11:00,0.9873,0.9903,0.9852,0.989,3398
2022.10.04,15:00,0.9889,0.9979,0.9885,0.9975,4982
2022.10.04,19:00,0.9976,0.9998,0.9959,0.9989,2821
2022.10.04,23:00,0.999,0.9993,0.9978,0.9983,909
2022.10.05,03:00,0.9982,0.999,0.9959,0.9969,2053
2022.10.05,07:00,0.9968,0.9994,0.9935,0.994,3004
2022.10.05,11:00,0.9939,0.995,0.9899,0.9904,2825
2022.10.05,15:00,0.9905,0.9922,0.9834,0.9865,5128
2022.10.05,19:00,0.9864,0.9896,0.9859,0.9884,2093
2022.10.05,23:00,0.9885,0.9911,0.9874,0.9911,955
2022.10.06,03:00,0.991,0.9926,0.9902,0.9916,1950
2022.10.06,07:00,0.9915,0.9925,0.9892,0.991,2760
2022.10.06,11:00,0.9909,0.9912,0.9857,0.9868,3684
2022.10.06,15:00,0.9867,0.9881,0.9803,0.9804,4953
2022.10.06,19:00,0.9805,0.9816,0.9787,0.9796,2661
2022.10.06,23:00,0.9795,0.9801,0.9786,0.9788,933
2022.10.07,03:00,0.9789,0.9811,0.9786,0.9804,1518
2022.10.07,07:00,0.9803,0.9808,0.9765,0.9798,2142
2022.10.07,11:00,0.9797,0.9816,0.9786,0.9787,2766
2022.10.07,15:00,0.9786,0.9803,0.9725,0.9783,6475
2022.10.07,19:00,0.9782,0.9784,0.973,0.9738,2179
2022.10.07,23:00,0.9737,0.9742,0.9735,0.9738,197
2022.10.09,23:00,0.9732,0.9739,0.9727,0.9734,860
2022.10.10,03:00,0.9735,0.9752,0.9724,0.9737,1325
2022.10.10,07:00,0.9736,0.9743,0.9698,0.9706,2178
2022.10.10,11:00,0.9707,0.9708,0.9681,0.9696,2622
2022.10.10,15:00,0.9695,0.9745,0.9685,0.9702,3801
2022.10.10,19:00,0.9703,0.9723,0.9685,0.9701,2383
2022.10.10,23:00,0.9702,0.9711,0.9699,0.971,471
2022.10.11,03:00,0.9711,0.9722,0.968,0.9681,2119
2022.10.11,07:00,0.9682,0.9724,0.967,0.9698,2739
2022.10.11,11:00,0.9697,0.9737,0.9691,0.9724,3226
2022.10.11,15:00,0.9723,0.9762,0.969,0.9755,3953
2022.10.11,19:00,0.9756,0.9774,0.9693,0.9709,3382
2022.10.11,23:00,0.971,0.9717,0.9698,0.97,706
2022.10.12,03:00,0.9699,0.9711,0.9682,0.9697,2010
2022.10.12,07:00,0.9698,0.9734,0.9695,0.9707,3589
2022.10.12,11:00,0.9706,0.9724,0.9697,0.9707,2548
2022.10.12,15:00,0.9708,0.9711,0.9667,0.969,4174
2022.10.12,19:00,0.9691,0.9719,0.9679,0.97,2272
2022.10.12,23:00,0.9701,0.9709,0.9696,0.9704,378
2022.10.13,03:00,0.9703,0.9721,0.9694,0.97,1359
2022.10.13,07:00,0.9699,0.9708,0.9685,0.9705,1542
2022.10.13,11:00,0.9704,0.9752,0.9697,0.9744,2746
2022.10.13,15:00,0.9743,0.9798,0.9631,0.9778,8656
2022.10.13,19:00,0.9779,0.9805,0.9763,0.9774,3640
2022.10.13,23:00,0.9773,0.978,0.9766,0.9767,622
2022.10.14,03:00,0.9766,0.9808,0.9761,0.9786,2262
2022.10.14,07:00,0.9787,0.9796,0.9752,0.9767,2904
2022.10.14,11:00,0.9766,0.9766,0.9708,0.9718,3509
2022.10.14,15:00,0.9719,0.9799,0.9706,0.9738,6307
2022.10.14,19:00,0.9737,0.9747,0.9712,0.9727,2422
2022.10.14,23:00,0.9728,0.9729,0.9719,0.9723,149
2022.10.16,19:00,0.9723,0.9723,0.9723,0.9723,11
2022.10.16,23:00,0.9723,0.9742,0.972,0.9739,698
2022.10.17,03:00,0.974,0.9751,0.9736,0.9739,1775
2022.10.17,07:00,0.9738,0.9756,0.973,0.9746,2295
2022.10.17,11:00,0.9747,0.977,0.9719,0.974,3111
2022.10.17,15:00,0.9739,0.9847,0.9729,0.9841,3631
2022.10.17,19:00,0.9842,0.9851,0.9832,0.9834,2281
2022.10.17,23:00,0.9835,0.9846,0.9834,0.9843,670
2022.10.18,03:00,0.9844,0.9852,0.9822,0.984,1528
2022.10.18,07:00,0.9841,0.9873,0.983,0.9857,2984
2022.10.18,11:00,0.9858,0.9858,0.9812,0.983,3246
2022.10.18,15:00,0.9831,0.9875,0.9821,0.9841,3947
2022.10.18,19:00,0.984,0.986,0.9837,0.9856,2515
2022.10.18,23:00,0.9855,0.9871,0.9852,0.9862,647
2022.10.19,03:00,0.9861,0.9866,0.9842,0.9843,1603
2022.10.19,07:00,0.9844,0.9845,0.9814,0.9838,2327
2022.10.19,11:00,0.9839,0.9839,0.9759,0.9783,3146
2022.10.19,15:00,0.9782,0.9802,0.9764,0.9778,3730
2022.10.19,19:00,0.9777,0.9781,0.9757,0.9772,2221
2022.10.19,23:00,0.9771,0.9775,0.976,0.9765,436
2022.10.20,03:00,0.9766,0.9771,0.9754,0.9761,1576
2022.10.20,07:00,0.976,0.9794,0.9758,0.9786,2956
2022.10.20,11:00,0.9787,0.9828,0.9772,0.9812,2915
2022.10.20,15:00,0.9811,0.9845,0.9779,0.9822,4951
2022.10.20,19:00,0.9821,0.9821,0.9772,0.9783,2316
2022.10.20,23:00,0.9782,0.9788,0.9772,0.9778,598
2022.10.21,03:00,0.9777,0.9783,0.9764,0.9768,1456
2022.10.21,07:00,0.9767,0.9801,0.976,0.9788,2289
2022.10.21,11:00,0.9787,0.979,0.9731,0.9744,3174
2022.10.21,15:00,0.9745,0.9855,0.9704,0.9852,8141
2022.10.21,19:00,0.9854,0.9868,0.9823,0.986,3803
2022.10.21,23:00,0.9859,0.9865,0.9857,0.9862,240
2022.10.22,15:00,0.9862,0.9862,0.9862,0.9862,8
2022.10.23,23:00,0.987,0.9898,0.983,0.9859,3027
2022.10.24,03:00,0.9858,0.9867,0.9824,0.9834,3350
2022.10.24,07:00,0.9833,0.9861,0.9826,0.9834,3242
2022.10.24,11:00,0.9835,0.9845,0.9806,0.9835,4419
2022.10.24,15:00,0.9834,0.9893,0.9826,0.9873,6447
2022.10.24,19:00,0.9872,0.988,0.9862,0.9873,2131
2022.10.24,23:00,0.9872,0.9889,0.9869,0.9883,685
2022.10.25,03:00,0.9884,0.9898,0.9877,0.9884,2484
2022.10.25,07:00,0.9883,0.9885,0.9852,0.9856,1933
2022.10.25,11:00,0.9855,0.9875,0.9848,0.9866,2514
2022.10.25,15:00,0.9865,0.9976,0.9856,0.9957,4884
2022.10.25,19:00,0.9956,0.9969,0.9946,0.9965,2267
2022.10.25,23:00,0.9966,0.9968,0.9955,0.9961,811
2022.10.26,03:00,0.9962,0.9966,0.9943,0.9956,2130
2022.10.26,07:00,0.9957,1.0034,0.995,1.0027,2841
2022.10.26,11:00,1.0028,1.0047,1.0008,1.0021,3713
2022.10.26,15:00,1.002,1.0079,0.9995,1.0066,4049
2022.10.26,19:00,1.0065,1.0087,1.006,1.008,1779
2022.10.26,23:00,1.0079,1.0093,1.0071,1.0093,973
2022.10.27,03:00,1.0092,1.0093,1.0061,1.0069,2083
2022.10.27,07:00,1.0068,1.0083,1.0054,1.0066,2785
2022.10.27,11:00,1.0065,1.0077,1.0027,1.0049,2899
2022.10.27,15:00,1.0048,1.005,0.9972,0.9983,6696
2022.10.27,19:00,0.9982,0.9995,0.9957,0.997,2241
2022.10.27,23:00,0.9971,0.9971,0.9959,0.9966,733
2022.10.28,03:00,0.9967,0.9997,0.9957,0.9992,1872
2022.10.28,07:00,0.9991,0.9992,0.9937,0.9945,2923
2022.10.28,11:00,0.9943,0.9975,0.9926,0.9953,2960
2022.10.28,15:00,0.9954,0.9988,0.9929,0.9932,4516
2022.10.28,19:00,0.9933,0.9965,0.9927,0.9965,1162
2022.10.28,23:00,0.9964,0.9966,0.9958,0.9965,218
2022.10.29,07:00,0.9965,0.9965,0.9965,0.9965,1
2022.10.30,03:00,0.9965,0.9965,0.9965,0.9965,11
2022.10.30,06:00,0.9965,0.9965,0.9965,0.9965,8
2022.10.30,22:00,0.9951,0.9961,0.9944,0.9953,591
2022.10.31,02:00,0.9954,0.9965,0.9942,0.9963,1090
2022.10.31,06:00,0.9962,0.9964,0.9927,0.9928,1137
2022.10.31,10:00,0.9927,0.9948,0.9913,0.9936,2068
2022.10.31,14:00,0.9935,0.9935,0.9872,0.9881,2624
2022.10.31,18:00,0.9883,0.9894,0.9872,0.9881,1552
2022.10.31,22:00,0.9882,0.9886,0.9879,0.9884,358
2022.11.01,02:00,0.9885,0.9907,0.9881,0.9902,1138
2022.11.01,06:00,0.9903,0.9937,0.9898,0.9929,1639
2022.11.01,10:00,0.9927,0.9947,0.9914,0.9933,2004
2022.11.01,14:00,0.9934,0.9952,0.9858,0.9869,3422
2022.11.01,18:00,0.987,0.9908,0.9851,0.9876,1864
2022.11.01,22:00,0.9877,0.9882,0.9869,0.9876,562
2022.11.02,02:00,0.9877,0.9898,0.9873,0.9891,1132
2022.11.02,06:00,0.9892,0.9892,0.987,0.9883,1235
2022.11.02,10:00,0.9884,0.9911,0.9878,0.9896,1844
2022.11.02,14:00,0.9897,0.9914,0.9863,0.9873,2677
2022.11.02,18:00,0.9872,0.9974,0.9821,0.9827,4400
2022.11.02,22:00,0.9828,0.983,0.9808,0.9812,944
2022.11.03,02:00,0.9813,0.9838,0.9808,0.9828,1102
2022.11.03,06:00,0.9829,0.9834,0.9772,0.9783,1428
2022.11.03,10:00,0.9782,0.9789,0.9729,0.9738,2325
2022.11.03,14:00,0.974,0.9794,0.9732,0.9757,3814
2022.11.03,18:00,0.9758,0.9768,0.9741,0.975,1613
2022.11.03,22:00,0.9751,0.9754,0.9741,0.9748,562
2022.11.04,02:00,0.9747,0.9772,0.9746,0.9772,1083
2022.11.04,06:00,0.9771,0.9795,0.9756,0.9762,1822
2022.11.04,10:00,0.9763,0.981,0.9763,0.9796,2193
2022.11.04,14:00,0.9795,0.9939,0.9751,0.9894,5499
2022.11.04,18:00,0.9893,0.9965,0.9886,0.9959,2470
2022.11.06,22:00,0.9912,0.9943,0.9911,0.9926,903
2022.11.07,02:00,0.9927,0.9945,0.9916,0.9936,1552
2022.11.07,06:00,0.9935,0.9954,0.9923,0.9927,1473
2022.11.07,10:00,0.9925,1.0006,0.9924,0.998,2493
2022.11.07,14:00,0.9979,1.0004,0.9964,1,3361
2022.11.07,18:00,0.9999,1.0033,0.9987,1.0025,1864
2022.11.07,22:00,1.0026,1.003,1.0012,1.0016,620
2022.11.08,02:00,1.0015,1.003,1.0005,1.0012,994
2022.11.08,06:00,1.0011,1.0013,0.9986,0.9998,1291
2022.11.08,10:00,0.9999,1.0008,0.9972,0.9997,2019
2022.11.08,14:00,0.9998,1.0072,0.9984,1.0065,2697
2022.11.08,18:00,1.0064,1.0095,1.0053,1.0071,2329
2022.11.08,22:00,1.007,1.0084,1.0068,1.0079,1060
2022.11.09,02:00,1.0078,1.0087,1.0058,1.007,1329
2022.11.09,06:00,1.0071,1.0072,1.0055,1.0063,1406
2022.11.09,10:00,1.0062,1.0084,1.0032,1.0052,2647
2022.11.09,14:00,1.0053,1.0085,1.001,1.0027,3632
2022.11.09,18:00,1.0026,1.0051,0.9991,1.0001,2406
2022.11.09,22:00,1,1.0019,1,1.0018,951
2022.11.10,02:00,1.0017,1.0028,1.0009,1.0025,1154
2022.11.10,06:00,1.0024,1.0042,0.9995,0.9996,1545
2022.11.10,10:00,0.9997,1.0013,0.9934,0.9943,2904
2022.11.10,14:00,0.9942,1.0184,0.994,1.018,5735
2022.11.10,18:00,1.0179,1.0181,1.0127,1.018,2809
2022.11.10,22:00,1.0179,1.0221,1.0177,1.019,1716
2022.11.11,02:00,1.0191,1.0197,1.0162,1.0183,1877
2022.11.11,06:00,1.0182,1.0252,1.0176,1.0243,2440
2022.11.11,10:00,1.0242,1.0293,1.0225,1.0289,3422
2022.11.11,14:00,1.0288,1.0325,1.0265,1.0325,4031
2022.11.11,18:00,1.0324,1.0363,1.0311,1.0361,2144
2022.11.13,22:00,1.0317,1.0333,1.0313,1.0325,487
2022.11.14,02:00,1.0326,1.0348,1.0315,1.0325,2343
2022.11.14,06:00,1.0326,1.0327,1.0297,1.0326,1724
2022.11.14,10:00,1.0328,1.0349,1.0274,1.0283,2831
2022.11.14,14:00,1.0282,1.0335,1.027,1.0329,3457
2022.11.14,18:00,1.0328,1.0357,1.0323,1.0352,2056
2022.11.14,22:00,1.0351,1.0354,1.0314,1.0318,904
2022.11.15,02:00,1.0319,1.0327,1.0311,1.0319,1361
2022.11.15,06:00,1.032,1.0416,1.0315,1.0406,2063
2022.11.15,10:00,1.0405,1.0435,1.0388,1.041,2991
2022.11.15,14:00,1.0409,1.0478,1.036,1.0368,5074
2022.11.15,18:00,1.0367,1.0388,1.0279,1.0363,4866
2022.11.15,22:00,1.0362,1.0376,1.0338,1.0356,1574
2022.11.16,02:00,1.0357,1.0386,1.033,1.0352,2509
2022.11.16,06:00,1.0353,1.0413,1.0336,1.0402,2387
2022.11.16,10:00,1.0401,1.0437,1.0387,1.0414,2720
2022.11.16,14:00,1.0415,1.0427,1.0371,1.0402,3974
2022.11.16,18:00,1.0403,1.0411,1.0353,1.0391,2084
2022.11.16,22:00,1.039,1.0403,1.0382,1.0392,963
2022.11.17,02:00,1.0393,1.0394,1.0358,1.037,1159
2022.11.17,06:00,1.0371,1.0394,1.0367,1.0391,1488
2022.11.17,10:00,1.0392,1.0405,1.0326,1.0345,2868
2022.11.17,14:00,1.0346,1.0354,1.0304,1.0327,3794
2022.11.17,18:00,1.0328,1.0368,1.0318,1.0362,2082
2022.11.17,22:00,1.0361,1.0368,1.0356,1.0359,933
2022.11.18,02:00,1.036,1.0389,1.0356,1.0381,1289
2022.11.18,06:00,1.038,1.0385,1.0359,1.0374,1342
2022.11.18,10:00,1.0375,1.0395,1.0341,1.0365,2520
2022.11.18,14:00,1.0364,1.0385,1.0325,1.0363,2712
2022.11.18,18:00,1.0362,1.037,1.0319,1.0327,1534
2022.11.18,22:00,1.0326,1.0332,1.0312,1.0319,484
2022.11.19,14:00,1.0319,1.0319,1.0319,1.0319,2
2022.11.19,18:00,1.0319,1.0319,1.0319,1.0319,3
2022.11.21,02:00,1.0299,1.0301,1.0294,1.03,114
2022.11.21,06:00,1.0301,1.0302,1.0249,1.0254,1683
2022.11.21,10:00,1.0255,1.0271,1.0225,1.0233,2513
2022.11.21,14:00,1.0234,1.0261,1.0227,1.0238,2513
2022.11.21,18:00,1.0239,1.0249,1.0221,1.0238,1520
2022.11.21,22:00,1.0239,1.0245,1.0231,1.0244,818
2022.11.22,02:00,1.0243,1.0267,1.0241,1.026,1124
2022.11.22,06:00,1.0259,1.0266,1.0245,1.0264,1029
2022.11.22,10:00,1.0265,1.0289,1.0252,1.0269,2481
2022.11.22,14:00,1.0268,1.0287,1.0253,1.0282,2338
2022.11.22,18:00,1.0283,1.0307,1.0265,1.0294,1231
2022.11.22,22:00,1.0295,1.031,1.0292,1.031,578
2022.11.23,02:00,1.0312,1.0324,1.0299,1.0314,867
2022.11.23,06:00,1.0313,1.0347,1.0309,1.0342,1161
2022.11.23,10:00,1.0341,1.0341,1.0295,1.0318,2019
2022.11.23,14:00,1.0319,1.0382,1.0313,1.0375,3350
2022.11.23,18:00,1.0376,1.0404,1.0354,1.0399,2391
2022.11.23,22:00,1.0398,1.0418,1.039,1.0417,897
2022.11.24,02:00,1.0416,1.0446,1.0404,1.0445,1120
2022.11.24,06:00,1.0444,1.0447,1.0414,1.0415,1258
2022.11.24,10:00,1.0414,1.0427,1.0381,1.0403,2316
2022.11.24,14:00,1.0404,1.0426,1.0397,1.0408,2182
2022.11.24,18:00,1.0407,1.0413,1.04,1.0412,677
2022.11.24,22:00,1.0411,1.0413,1.0405,1.0406,379
2022.11.25,02:00,1.0405,1.0417,1.0395,1.0415,902
2022.11.25,06:00,1.0416,1.0428,1.0406,1.0408,1171
2022.11.25,10:00,1.0407,1.0427,1.0381,1.0389,1981
2022.11.25,14:00,1.0388,1.0406,1.0353,1.0406,2429
2022.11.25,18:00,1.0405,1.0412,1.039,1.0411,1871
2022.11.25,22:00,1.041,1.0413,1.0385,1.0385,291
2022.11.26,10:00,1.0385,1.0385,1.0385,1.0385,1
2022.11.26,14:00,1.0385,1.0385,1.0385,1.0385,1
2022.11.26,18:00,1.0385,1.0385,1.0385,1.0385,4
2022.11.26,22:00,1.0385,1.0385,1.0385,1.0385,1
2022.11.27,02:00,1.0385,1.0385,1.0385,1.0385,1
2022.11.27,14:00,1.0385,1.0385,1.0385,1.0385,16
2022.11.27,18:00,1.0385,1.0385,1.0385,1.0385,3
2022.11.27,22:00,1.0385,1.0385,1.0364,1.0366,511
2022.11.28,02:00,1.0367,1.0383,1.034,1.0354,1394
2022.11.28,06:00,1.0355,1.0384,1.0346,1.0373,1480
2022.11.28,10:00,1.0372,1.0495,1.0366,1.0472,2984
2022.11.28,14:00,1.0473,1.0476,1.0389,1.0397,2945
2022.11.28,18:00,1.0396,1.0401,1.0336,1.0336,1912
2022.11.28,22:00,1.0337,1.0346,1.0329,1.0342,889
2022.11.29,02:00,1.0343,1.0382,1.0333,1.0377,1521
2022.11.29,06:00,1.0378,1.0393,1.0351,1.038,1841
2022.11.29,10:00,1.0377,1.0392,1.0349,1.0381,2556
2022.11.29,14:00,1.0382,1.0383,1.0323,1.0355,3234
2022.11.29,18:00,1.0356,1.0357,1.0321,1.0326,2034
2022.11.29,22:00,1.0325,1.0332,1.0318,1.0322,964
2022.11.30,02:00,1.0323,1.0352,1.0319,1.0347,1235
2022.11.30,06:00,1.0348,1.036,1.0334,1.035,1374
2022.11.30,10:00,1.0351,1.038,1.034,1.0358,2065
2022.11.30,14:00,1.0356,1.0398,1.0293,1.0297,3519
2022.11.30,18:00,1.0296,1.0413,1.0289,1.0412,4012
2022.11.30,22:00,1.0411,1.0429,1.0398,1.0422,1491
2022.12.01,02:00,1.0423,1.0446,1.0418,1.0431,1730
2022.12.01,06:00,1.043,1.0462,1.0394,1.0403,1914
2022.12.01,10:00,1.0406,1.0448,1.0392,1.0436,2662
2022.12.01,14:00,1.0437,1.0533,1.0433,1.0486,4589
2022.12.01,18:00,1.0485,1.0519,1.0468,1.0517,2756
2022.12.01,22:00,1.0516,1.0538,1.0511,1.0526,958
2022.12.02,02:00,1.0525,1.0525,1.0504,1.0523,1298
2022.12.02,06:00,1.0524,1.0541,1.0515,1.0528,1445
2022.12.02,10:00,1.0529,1.0544,1.0512,1.0536,2171
2022.12.02,14:00,1.0535,1.0543,1.0427,1.0472,4775
2022.12.02,18:00,1.0473,1.0535,1.0465,1.0534,2417
2022.12.02,22:00,1.0535,1.0541,1.0529,1.054,586
2022.12.03,02:00,1.054,1.054,1.054,1.054,1
2022.12.03,06:00,1.054,1.054,1.054,1.054,1
2022.12.03,14:00,1.054,1.054,1.054,1.054,1
2022.12.03,18:00,1.054,1.054,1.054,1.054,2
2022.12.04,06:00,1.054,1.054,1.054,1.054,6
2022.12.04,10:00,1.054,1.054,1.054,1.054,2
2022.12.04,18:00,1.054,1.054,1.054,1.054,5
2022.12.04,22:00,1.0533,1.0543,1.053,1.0542,540
2022.12.05,02:00,1.0543,1.0582,1.0538,1.0579,1211
2022.12.05,06:00,1.058,1.0583,1.0529,1.0538,1289
2022.12.05,10:00,1.0539,1.0576,1.0519,1.0563,2210
2022.12.05,14:00,1.0562,1.0593,1.0502,1.0524,3215
2022.12.05,18:00,1.0525,1.0537,1.048,1.0492,1942
2022.12.05,22:00,1.0491,1.0497,1.0479,1.0495,801
2022.12.06,02:00,1.0496,1.0517,1.0486,1.0491,1332
2022.12.06,06:00,1.0492,1.0498,1.0474,1.0489,1509
2022.12.06,10:00,1.049,1.0521,1.0477,1.0515,2239
2022.12.06,14:00,1.0514,1.0532,1.0485,1.0497,2789
2022.12.06,18:00,1.0498,1.0528,1.0458,1.0462,2011
2022.12.06,22:00,1.0463,1.047,1.0461,1.0466,746
2022.12.07,02:00,1.0465,1.0475,1.0454,1.0466,1113
2022.12.07,06:00,1.0465,1.047,1.0442,1.0458,1408
2022.12.07,10:00,1.0457,1.0505,1.0448,1.0488,2270
2022.12.07,14:00,1.0487,1.0548,1.0485,1.0503,3540
2022.12.07,18:00,1.0504,1.0527,1.0487,1.0513,1854
2022.12.07,22:00,1.0512,1.0515,1.0501,1.0511,790
2022.12.08,02:00,1.051,1.0514,1.0493,1.0503,1060
2022.12.08,06:00,1.0502,1.053,1.0493,1.0525,1160
2022.12.08,10:00,1.0524,1.0526,1.0488,1.0507,1870
2022.12.08,14:00,1.0506,1.0548,1.0505,1.0544,2814
2022.12.08,18:00,1.0543,1.0563,1.0533,1.0559,1644
2022.12.08,22:00,1.0558,1.0562,1.0552,1.0554,722
2022.12.09,02:00,1.0555,1.0584,1.055,1.0579,1427
2022.12.09,06:00,1.058,1.0587,1.0565,1.0567,1263
2022.12.09,10:00,1.0568,1.0576,1.0545,1.0552,1648
2022.12.09,14:00,1.0553,1.0565,1.0503,1.0539,3546
2022.12.09,18:00,1.054,1.0554,1.0531,1.0545,1434
2022.12.09,22:00,1.0546,1.0546,1.0527,1.0532,438
2022.12.10,06:00,1.0532,1.0532,1.0532,1.0532,1
2022.12.11,02:00,1.0532,1.0532,1.0532,1.0532,8
2022.12.11,10:00,1.0532,1.0532,1.0532,1.0532,6
2022.12.11,22:00,1.053,1.0537,1.0517,1.0519,307
2022.12.12,02:00,1.052,1.0522,1.0505,1.0514,1131
2022.12.12,06:00,1.0513,1.0535,1.0507,1.0525,1236
2022.12.12,10:00,1.0526,1.0573,1.0519,1.0564,1909
2022.12.12,14:00,1.0565,1.0579,1.0519,1.0522,2038
2022.12.12,18:00,1.0521,1.0548,1.0509,1.0522,1672
2022.12.12,22:00,1.0521,1.0541,1.0519,1.054,593
2022.12.13,02:00,1.0541,1.0553,1.0532,1.0533,959
2022.12.13,06:00,1.0532,1.0559,1.053,1.055,1182
2022.12.13,10:00,1.0552,1.0559,1.0527,1.0534,1877
2022.12.13,14:00,1.0535,1.0672,1.0531,1.0635,4644
2022.12.13,18:00,1.0636,1.0657,1.0609,1.0635,2502
2022.12.13,22:00,1.0634,1.0637,1.062,1.0623,916
2022.12.14,02:00,1.0622,1.0638,1.0622,1.0625,1127
2022.12.14,06:00,1.0624,1.0641,1.0618,1.0628,1197
2022.12.14,10:00,1.0629,1.067,1.0618,1.065,2303
2022.12.14,14:00,1.0651,1.066,1.063,1.0646,2269
2022.12.14,18:00,1.0645,1.0683,1.062,1.0663,3860
2022.12.14,22:00,1.0664,1.0694,1.0661,1.0675,1639
2022.12.15,02:00,1.0674,1.0681,1.0653,1.0653,1175
2022.12.15,06:00,1.0654,1.066,1.0639,1.064,1099
2022.12.15,10:00,1.0641,1.0646,1.0604,1.0623,2112
2022.12.15,14:00,1.0622,1.0734,1.0613,1.0647,4578
2022.12.15,18:00,1.0648,1.0655,1.0591,1.0629,2536
2022.12.15,22:00,1.063,1.0638,1.0618,1.0637,855
2022.12.16,02:00,1.0638,1.0661,1.0633,1.0646,1267
2022.12.16,06:00,1.0647,1.0661,1.0629,1.0629,1364
2022.12.16,10:00,1.063,1.0659,1.0608,1.0634,2288
2022.12.16,14:00,1.0633,1.0647,1.0607,1.0615,2901
2022.12.16,18:00,1.0616,1.0623,1.0594,1.0598,1644
2022.12.16,22:00,1.0597,1.0605,1.0584,1.0588,516
2022.12.17,10:00,1.0588,1.0588,1.0588,1.0588,1
2022.12.17,18:00,1.0588,1.0588,1.0588,1.0588,2
2022.12.17,22:00,1.0588,1.0588,1.0588,1.0588,1
2022.12.18,18:00,1.0588,1.0588,1.0588,1.0588,8
2022.12.18,22:00,1.0588,1.0595,1.0581,1.0583,564
2022.12.19,02:00,1.0584,1.0612,1.0581,1.0607,1168
2022.12.19,06:00,1.0608,1.0636,1.06,1.0622,1056
2022.12.19,10:00,1.0623,1.0657,1.0603,1.0605,2091
2022.12.19,14:00,1.0604,1.0614,1.0575,1.0578,2039
2022.12.19,18:00,1.0579,1.063,1.0578,1.0603,1593
2022.12.19,22:00,1.0602,1.0611,1.0599,1.0611,632
2022.12.20,02:00,1.061,1.065,1.0597,1.0607,2368
2022.12.20,06:00,1.0606,1.0614,1.0578,1.0609,2633
2022.12.20,10:00,1.061,1.0645,1.0603,1.0641,2395
2022.12.20,14:00,1.0642,1.0657,1.0593,1.0639,2771
2022.12.20,18:00,1.064,1.064,1.0598,1.0621,1875
2022.12.20,22:00,1.062,1.0628,1.0612,1.0624,716
2022.12.21,02:00,1.0623,1.0625,1.0612,1.0615,1102
2022.12.21,06:00,1.0614,1.0633,1.0606,1.063,1083
2022.12.21,10:00,1.0631,1.0636,1.0603,1.0604,1830
2022.12.21,14:00,1.0605,1.0643,1.0596,1.0614,2346
2022.12.21,18:00,1.0613,1.0619,1.0589,1.0613,1664
2022.12.21,22:00,1.0612,1.0615,1.0602,1.0607,538
2022.12.22,02:00,1.0606,1.0643,1.0604,1.0642,1019
2022.12.22,06:00,1.0641,1.0649,1.0634,1.0638,1053
2022.12.22,10:00,1.0639,1.0658,1.0613,1.0614,1865
2022.12.22,14:00,1.0613,1.0638,1.0585,1.0601,2684
2022.12.22,18:00,1.06,1.0605,1.0572,1.0591,1503
2022.12.22,22:00,1.0592,1.0602,1.0587,1.06,703
2022.12.23,02:00,1.0599,1.0611,1.0585,1.0606,1121
2022.12.23,06:00,1.0607,1.0629,1.06,1.0627,940
2022.12.23,10:00,1.0625,1.0625,1.0595,1.0612,1477
2022.12.23,14:00,1.0613,1.0631,1.0591,1.0613,3174
2022.12.23,18:00,1.0612,1.0629,1.0605,1.0619,1327
2022.12.23,22:00,1.0618,1.062,1.0611,1.0616,386
2022.12.24,10:00,1.0616,1.0616,1.0616,1.0616,15
2022.12.25,02:00,1.0616,1.0616,1.0616,1.0616,1
2022.12.26,18:00,1.0616,1.0616,1.0616,1.0616,7
2022.12.26,22:00,1.0634,1.0644,1.0629,1.0638,234
2022.12.27,02:00,1.0637,1.0659,1.0633,1.0639,986
2022.12.27,06:00,1.0638,1.0667,1.0638,1.0644,885
2022.12.27,10:00,1.0645,1.0668,1.0637,1.0653,1479
2022.12.27,14:00,1.0652,1.0656,1.061,1.0649,1930
2022.12.27,18:00,1.0648,1.0659,1.0632,1.064,1359
2022.12.27,22:00,1.0641,1.0645,1.063,1.0636,655
2022.12.28,02:00,1.0635,1.0642,1.0624,1.0636,942
2022.12.28,06:00,1.0637,1.0653,1.0635,1.0644,957
2022.12.28,10:00,1.0643,1.0651,1.0627,1.0645,1620
2022.12.28,14:00,1.0646,1.0673,1.061,1.0618,2210
2022.12.28,18:00,1.0619,1.0634,1.0612,1.0616,1495
2022.12.28,22:00,1.0615,1.0628,1.0605,1.0627,590
2022.12.29,02:00,1.0628,1.0636,1.0619,1.0622,854
2022.12.29,06:00,1.0621,1.0628,1.061,1.0622,804
2022.12.29,10:00,1.0623,1.0657,1.0621,1.0637,1585
2022.12.29,14:00,1.0636,1.0669,1.0635,1.0666,2396
2022.12.29,18:00,1.0665,1.0689,1.0656,1.0677,1301
2022.12.29,22:00,1.0676,1.0676,1.0653,1.0659,602
2022.12.30,02:00,1.066,1.0668,1.0653,1.0658,759
2022.12.30,06:00,1.0657,1.0658,1.0637,1.065,960
2022.12.30,10:00,1.0649,1.0697,1.0649,1.0675,1687
2022.12.30,14:00,1.0674,1.07,1.0644,1.0671,2871
2022.12.30,18:00,1.067,1.0712,1.067,1.0699,2029
2023.01.03,02:00,1.0662,1.0677,1.0659,1.0671,531
2023.01.03,06:00,1.0672,1.0679,1.0619,1.0622,1411
2023.01.03,10:00,1.0623,1.0627,1.0518,1.0527,3116
2023.01.03,14:00,1.0528,1.0596,1.0523,1.0554,2863
2023.01.03,18:00,1.0555,1.0567,1.0536,1.0565,1636
2023.01.03,22:00,1.0566,1.0567,1.0539,1.0544,892
2023.01.04,02:00,1.0545,1.0568,1.0544,1.0568,912
2023.01.04,06:00,1.0567,1.0604,1.0558,1.0592,1482
2023.01.04,10:00,1.0593,1.0634,1.0589,1.0603,2453
2023.01.04,14:00,1.0604,1.0627,1.058,1.0602,3040
2023.01.04,18:00,1.0601,1.0619,1.0584,1.0604,2298
2023.01.04,22:00,1.0603,1.061,1.0599,1.0605,962
2023.01.05,02:00,1.0604,1.063,1.0602,1.0606,1226
2023.01.05,06:00,1.0607,1.0619,1.0589,1.0604,1149
2023.01.05,10:00,1.0605,1.0627,1.0602,1.061,1937
2023.01.05,14:00,1.0611,1.0616,1.0514,1.0517,3355
2023.01.05,18:00,1.0516,1.0542,1.0516,1.0529,1848
2023.01.05,22:00,1.0528,1.0529,1.0514,1.052,715
2023.01.06,02:00,1.0519,1.0535,1.0518,1.0531,760
2023.01.06,06:00,1.053,1.0533,1.0506,1.0512,1083
2023.01.06,10:00,1.0511,1.053,1.0491,1.0492,1860
2023.01.06,14:00,1.0493,1.0611,1.0482,1.06,4156
2023.01.06,18:00,1.0601,1.0647,1.0596,1.0644,1748
2023.01.06,22:00,1.0643,1.0647,1.064,1.0641,349
2023.01.07,18:00,1.0641,1.0641,1.0641,1.0641,2
2023.01.08,02:00,1.0641,1.0641,1.0641,1.0641,1
2023.01.08,22:00,1.0639,1.0662,1.0636,1.0662,432
2023.01.09,02:00,1.0661,1.0676,1.065,1.0666,1321
2023.01.09,06:00,1.0665,1.0693,1.0665,1.0671,1387
2023.01.09,10:00,1.0672,1.0698,1.0659,1.0683,1941
2023.01.09,14:00,1.0682,1.0748,1.0679,1.0739,2303
2023.01.09,18:00,1.074,1.0759,1.0736,1.075,1564
2023.01.09,22:00,1.0749,1.0753,1.0727,1.0731,1344
2023.01.10,02:00,1.073,1.0741,1.0719,1.0731,1153
2023.01.10,06:00,1.0732,1.0743,1.072,1.073,1052
2023.01.10,10:00,1.0731,1.075,1.0728,1.0734,1817
2023.01.10,14:00,1.0733,1.0758,1.0711,1.0726,2818
2023.01.10,18:00,1.0727,1.0742,1.0723,1.0739,1463
2023.01.10,22:00,1.074,1.0743,1.0729,1.0737,885
2023.01.11,02:00,1.0738,1.0744,1.0724,1.0732,767
2023.01.11,06:00,1.0733,1.0756,1.0731,1.0745,906
2023.01.11,10:00,1.0746,1.0754,1.0725,1.0747,1688
2023.01.11,14:00,1.0748,1.0775,1.0727,1.0753,2119
2023.01.11,18:00,1.0754,1.0766,1.0734,1.0762,1363
2023.01.11,22:00,1.0761,1.0766,1.075,1.0764,906
2023.01.12,02:00,1.0765,1.0773,1.0759,1.0767,922
2023.01.12,06:00,1.0766,1.0774,1.0754,1.0761,926
2023.01.12,10:00,1.0762,1.0772,1.0742,1.076,1734
2023.01.12,14:00,1.0761,1.0837,1.073,1.0805,4955
2023.01.12,18:00,1.0806,1.0865,1.0801,1.0848,2250
2023.01.12,22:00,1.0847,1.0859,1.084,1.0859,701
2023.01.13,02:00,1.0858,1.0867,1.083,1.0844,1293
2023.01.13,06:00,1.0845,1.085,1.083,1.0847,1196
2023.01.13,10:00,1.0848,1.0863,1.0807,1.0811,2166
2023.01.13,14:00,1.081,1.0837,1.0779,1.0827,2880
2023.01.13,18:00,1.0828,1.0834,1.08,1.0828,1350
2023.01.13,22:00,1.0827,1.0834,1.0826,1.0831,292
2023.01.14,02:00,1.0831,1.0831,1.0831,1.0831,1
2023.01.14,18:00,1.0831,1.0831,1.0831,1.0831,23
2023.01.15,22:00,1.083,1.0834,1.0819,1.0821,378
2023.01.16,02:00,1.0822,1.0873,1.082,1.0859,1196
2023.01.16,06:00,1.0858,1.0863,1.0825,1.083,1159
2023.01.16,10:00,1.0829,1.0835,1.08,1.0826,1802
2023.01.16,14:00,1.0825,1.0828,1.0805,1.0824,1357
2023.01.16,18:00,1.0823,1.0825,1.0809,1.0818,485
2023.01.16,22:00,1.0819,1.0831,1.0816,1.0828,556
2023.01.17,02:00,1.0829,1.0832,1.0805,1.0824,1021
2023.01.17,06:00,1.0823,1.0834,1.0811,1.0827,1139
2023.01.17,10:00,1.0828,1.0837,1.0808,1.083,2169
2023.01.17,14:00,1.0831,1.0868,1.0794,1.08,3546
2023.01.17,18:00,1.0799,1.0808,1.0773,1.0792,1656
2023.01.17,22:00,1.0793,1.0796,1.0784,1.0788,702
2023.01.18,02:00,1.0787,1.0798,1.0765,1.0772,1692
2023.01.18,06:00,1.0773,1.0835,1.0766,1.0824,1950
2023.01.18,10:00,1.0825,1.087,1.081,1.0814,2386
2023.01.18,14:00,1.0813,1.0886,1.0813,1.0832,3982
2023.01.18,18:00,1.0831,1.0834,1.0785,1.0794,2237
2023.01.18,22:00,1.0793,1.0797,1.0786,1.0796,633
2023.01.19,02:00,1.0797,1.0804,1.0781,1.0799,1029
2023.01.19,06:00,1.08,1.0813,1.0782,1.0806,1160
2023.01.19,10:00,1.0807,1.0837,1.0802,1.082,2027
2023.01.19,14:00,1.0821,1.0826,1.0783,1.0788,2973
2023.01.19,18:00,1.0789,1.0834,1.0786,1.0829,1810
2023.01.19,22:00,1.0828,1.0839,1.0826,1.0832,551
2023.01.20,02:00,1.0833,1.0843,1.0827,1.0833,811
2023.01.20,06:00,1.0834,1.0845,1.0819,1.0839,989
2023.01.20,10:00,1.084,1.0857,1.0823,1.0823,1891
2023.01.20,14:00,1.0824,1.0846,1.0801,1.0829,2278
2023.01.20,18:00,1.083,1.0857,1.0826,1.0853,1394
2023.01.20,22:00,1.0852,1.0857,1.0851,1.0855,271
2023.01.22,18:00,1.0855,1.0855,1.0855,1.0855,7
2023.01.22,22:00,1.0864,1.0868,1.086,1.0863,308
2023.01.23,02:00,1.0864,1.0902,1.0864,1.0897,928
2023.01.23,06:00,1.0896,1.0926,1.0886,1.0913,1412
2023.01.23,10:00,1.0912,1.0919,1.0877,1.088,1729
2023.01.23,14:00,1.0879,1.0882,1.0845,1.0864,2504
2023.01.23,18:00,1.0863,1.0874,1.0846,1.0858,1386
2023.01.23,22:00,1.0857,1.0875,1.0856,1.087,608
2023.01.24,02:00,1.0871,1.0882,1.0866,1.0873,639
2023.01.24,06:00,1.0872,1.0896,1.0868,1.0887,829
2023.01.24,10:00,1.0888,1.0894,1.0851,1.0865,1889
2023.01.24,14:00,1.0866,1.0879,1.0834,1.0873,2522
2023.01.24,18:00,1.0874,1.0888,1.0866,1.0883,1272
2023.01.24,22:00,1.0882,1.0889,1.0878,1.0889,508
2023.01.25,02:00,1.0888,1.09,1.0879,1.0896,801
2023.01.25,06:00,1.0897,1.091,1.0878,1.088,876
2023.01.25,10:00,1.0879,1.0891,1.0856,1.0863,1710
2023.01.25,14:00,1.0864,1.0922,1.0857,1.0901,2355
2023.01.25,18:00,1.09,1.0916,1.0873,1.0913,1317
2023.01.25,22:00,1.0912,1.0921,1.0905,1.0919,483
2023.01.26,02:00,1.092,1.0923,1.0905,1.0912,707
2023.01.26,06:00,1.0913,1.0928,1.0905,1.0919,856
2023.01.26,10:00,1.0918,1.0927,1.0891,1.0901,1493
2023.01.26,14:00,1.0902,1.0916,1.085,1.0854,2764
2023.01.26,18:00,1.0853,1.0889,1.0849,1.0888,1449
2023.01.26,22:00,1.0887,1.0895,1.0885,1.0892,512
2023.01.27,02:00,1.0893,1.0899,1.0869,1.0872,657
2023.01.27,06:00,1.0871,1.0878,1.0864,1.0873,691
2023.01.27,10:00,1.0872,1.0894,1.0864,1.0878,1355
2023.01.27,14:00,1.0877,1.0879,1.0836,1.0837,2341
2023.01.27,18:00,1.0838,1.0871,1.0837,1.0868,1390
2023.01.27,22:00,1.0867,1.0871,1.0863,1.0866,259
2023.01.29,14:00,1.0866,1.0866,1.0866,1.0866,7
2023.01.29,18:00,1.0866,1.0866,1.0866,1.0866,1
2023.01.29,22:00,1.0857,1.0871,1.0857,1.087,203
2023.01.30,02:00,1.0871,1.0874,1.086,1.0867,739
2023.01.30,06:00,1.0868,1.0878,1.0852,1.0858,1058
2023.01.30,10:00,1.0862,1.0912,1.0861,1.0895,1688
2023.01.30,14:00,1.0894,1.091,1.0866,1.0869,2013
2023.01.30,18:00,1.087,1.0873,1.0838,1.0845,1330
2023.01.30,22:00,1.0844,1.0853,1.0843,1.0849,590
2023.01.31,02:00,1.0848,1.0859,1.0843,1.0843,655
2023.01.31,06:00,1.0844,1.0848,1.083,1.0843,895
2023.01.31,10:00,1.0842,1.0843,1.0801,1.0834,1882
2023.01.31,14:00,1.0835,1.0863,1.0824,1.0858,2684
2023.01.31,18:00,1.0859,1.0873,1.0849,1.0862,1345
2023.01.31,22:00,1.0863,1.0872,1.0858,1.0859,478
2023.02.01,02:00,1.0858,1.0863,1.0851,1.0862,524
2023.02.01,06:00,1.0861,1.0882,1.0861,1.088,893
2023.02.01,10:00,1.0879,1.0896,1.0868,1.0891,1588
2023.02.01,14:00,1.0892,1.0923,1.0887,1.0919,2121
2023.02.01,18:00,1.0918,1.0984,1.0888,1.0977,2982
2023.02.01,22:00,1.0976,1.1032,1.0968,1.1011,1941
2023.02.02,02:00,1.1012,1.1025,1.1005,1.1016,941
2023.02.02,06:00,1.1015,1.1024,1.099,1.0992,964
2023.02.02,10:00,1.0994,1.1009,1.0979,1.0998,1684
2023.02.02,14:00,1.0999,1.1003,1.0884,1.0935,4524
2023.02.02,18:00,1.0936,1.0947,1.0904,1.0906,1806
2023.02.02,22:00,1.0907,1.0915,1.0903,1.0903,724
2023.02.03,02:00,1.0904,1.0904,1.0886,1.0892,908
2023.02.03,06:00,1.0893,1.0905,1.088,1.0898,959
2023.02.03,10:00,1.0897,1.0936,1.0884,1.0928,1709
2023.02.03,14:00,1.0927,1.0939,1.0808,1.0856,4139
2023.02.03,18:00,1.0857,1.086,1.08,1.0803,1812
2023.02.03,22:00,1.0802,1.0803,1.0791,1.0792,461
2023.02.05,02:00,1.0792,1.0792,1.0792,1.0792,5
2023.02.05,22:00,1.0789,1.0797,1.0784,1.0788,551
2023.02.06,02:00,1.0787,1.0797,1.078,1.0789,1181
2023.02.06,06:00,1.0788,1.0798,1.0778,1.0778,1113
2023.02.06,10:00,1.0779,1.0794,1.0755,1.0765,1853
2023.02.06,14:00,1.0764,1.0782,1.0721,1.0729,2143
2023.02.06,18:00,1.0728,1.0738,1.0708,1.0723,1328
2023.02.06,22:00,1.0724,1.0729,1.0717,1.0728,827
2023.02.07,02:00,1.0727,1.0741,1.0727,1.0737,717
2023.02.07,06:00,1.0736,1.0742,1.0722,1.0723,1029
2023.02.07,10:00,1.0722,1.0733,1.0696,1.0704,2167
2023.02.07,14:00,1.0705,1.0711,1.0668,1.0691,2068
2023.02.07,18:00,1.069,1.0765,1.0686,1.0718,3825
2023.02.07,22:00,1.0719,1.073,1.0707,1.0729,560
2023.02.08,02:00,1.0728,1.0734,1.0722,1.0731,762
2023.02.08,06:00,1.073,1.0758,1.0722,1.0757,778
2023.02.08,10:00,1.0756,1.076,1.0731,1.0733,1633
2023.02.08,14:00,1.0734,1.0748,1.0712,1.0724,2124
2023.02.08,18:00,1.0723,1.0739,1.0717,1.0722,1382
2023.02.08,22:00,1.0723,1.0723,1.0708,1.0714,782
2023.02.09,02:00,1.0715,1.0732,1.0708,1.0728,722
2023.02.09,06:00,1.0729,1.0743,1.0723,1.0732,1075
2023.02.09,10:00,1.0733,1.0777,1.0731,1.0762,1711
2023.02.09,14:00,1.0761,1.0789,1.0758,1.0761,2035
2023.02.09,18:00,1.076,1.0762,1.0732,1.0736,1576
2023.02.09,22:00,1.0737,1.0739,1.073,1.0738,588
2023.02.10,02:00,1.0737,1.0738,1.0716,1.072,743
2023.02.10,06:00,1.0719,1.0743,1.0716,1.074,1157
2023.02.10,10:00,1.0739,1.0751,1.069,1.0697,2476
2023.02.10,14:00,1.0698,1.0706,1.0673,1.0676,2672
2023.02.10,18:00,1.0675,1.0685,1.0665,1.0672,1536
2023.02.10,22:00,1.0673,1.0679,1.0672,1.0677,346
2023.02.11,14:00,1.0677,1.0677,1.0677,1.0677,1
2023.02.11,18:00,1.0677,1.0677,1.0677,1.0677,1
2023.02.12,02:00,1.0677,1.0677,1.0677,1.0677,6
2023.02.12,10:00,1.0677,1.0677,1.0677,1.0677,7
2023.02.12,22:00,1.0681,1.0681,1.067,1.0676,384
2023.02.13,02:00,1.0675,1.0677,1.0654,1.066,1113
2023.02.13,06:00,1.0659,1.0688,1.0659,1.0682,961
2023.02.13,10:00,1.0683,1.0684,1.0662,1.0674,1725
2023.02.13,14:00,1.0675,1.0726,1.0672,1.0718,2131
2023.02.13,18:00,1.0719,1.0728,1.0709,1.0715,1088
2023.02.13,22:00,1.0716,1.0731,1.0713,1.073,484
2023.02.14,02:00,1.0729,1.0736,1.0724,1.0733,1016
2023.02.14,06:00,1.0732,1.0745,1.0727,1.0731,1113
2023.02.14,10:00,1.073,1.0765,1.0728,1.0754,1960
2023.02.14,14:00,1.0753,1.0803,1.0705,1.0714,5149
2023.02.14,18:00,1.0715,1.0744,1.0711,1.0738,2679
2023.02.14,22:00,1.0737,1.0741,1.0731,1.0734,618
2023.02.15,02:00,1.0733,1.0743,1.0716,1.0717,881
2023.02.15,06:00,1.0718,1.072,1.0699,1.0707,1150
2023.02.15,10:00,1.0708,1.0732,1.0704,1.071,1539
2023.02.15,14:00,1.0709,1.0717,1.0664,1.0675,2873
2023.02.15,18:00,1.0674,1.0686,1.0659,1.0679,1572
2023.02.15,22:00,1.068,1.0691,1.0678,1.069,780
2023.02.16,02:00,1.0691,1.0714,1.0683,1.0708,1105
2023.02.16,06:00,1.0707,1.0709,1.0695,1.0708,911
2023.02.16,10:00,1.0707,1.0721,1.0688,1.0704,1756
2023.02.16,14:00,1.0705,1.0707,1.0653,1.0672,3038
2023.02.16,18:00,1.0671,1.0696,1.0667,1.0689,1668
2023.02.16,22:00,1.069,1.069,1.0661,1.0664,958
2023.02.17,02:00,1.0662,1.0664,1.0647,1.0651,793
2023.02.17,06:00,1.065,1.0652,1.0628,1.0643,931
2023.02.17,10:00,1.0642,1.066,1.0622,1.0624,1668
2023.02.17,14:00,1.0625,1.0681,1.0611,1.0661,2500
2023.02.17,18:00,1.066,1.0696,1.0655,1.0695,1459
2023.02.17,22:00,1.0694,1.0697,1.0691,1.0692,380
2023.02.19,18:00,1.0692,1.0692,1.0692,1.0692,16
2023.02.19,22:00,1.0685,1.0691,1.0681,1.0683,240
2023.02.20,02:00,1.0684,1.0685,1.0672,1.0681,723
2023.02.20,06:00,1.068,1.0702,1.068,1.07,881
2023.02.20,10:00,1.0699,1.0703,1.0677,1.0683,1273
2023.02.20,14:00,1.0684,1.0692,1.0669,1.0685,1309
2023.02.20,18:00,1.0686,1.0689,1.0682,1.0686,457
2023.02.20,22:00,1.0685,1.0688,1.0681,1.0681,391
2023.02.21,02:00,1.068,1.0684,1.0661,1.0665,778
2023.02.21,06:00,1.0666,1.0672,1.0659,1.0668,637
2023.02.21,10:00,1.0669,1.0687,1.0642,1.0656,2404
2023.02.21,14:00,1.0655,1.0697,1.0643,1.0684,2770
2023.02.21,18:00,1.0683,1.0683,1.0636,1.0647,1332
2023.02.21,22:00,1.0648,1.0652,1.0642,1.065,764
2023.02.22,02:00,1.0649,1.0663,1.0647,1.0658,1093
2023.02.22,06:00,1.0659,1.0662,1.065,1.0652,731
2023.02.22,10:00,1.0653,1.0656,1.0623,1.0628,1773
2023.02.22,14:00,1.0629,1.0659,1.0624,1.0626,2202
2023.02.22,18:00,1.0625,1.0635,1.0599,1.06,2108
2023.02.22,22:00,1.0599,1.0608,1.0598,1.0604,542
2023.02.23,02:00,1.0605,1.0623,1.0604,1.0621,645
2023.02.23,06:00,1.062,1.0626,1.0609,1.0615,815
2023.02.23,10:00,1.0614,1.0616,1.0584,1.0603,1483
2023.02.23,14:00,1.0602,1.062,1.0586,1.0596,2554
2023.02.23,18:00,1.0595,1.0601,1.0576,1.0594,1446
2023.02.23,22:00,1.0595,1.0602,1.0591,1.0596,566
2023.02.24,02:00,1.0597,1.0613,1.0592,1.0598,1254
2023.02.24,06:00,1.0599,1.0601,1.0587,1.0588,891
2023.02.24,10:00,1.0587,1.0595,1.0572,1.0578,1464
2023.02.24,14:00,1.0577,1.0577,1.0535,1.0541,3324
2023.02.24,18:00,1.054,1.0558,1.0539,1.0549,1433
2023.02.24,22:00,1.055,1.0554,1.0543,1.0544,320
2023.02.25,02:00,1.0544,1.0544,1.0544,1.0544,2
2023.02.25,06:00,1.0544,1.0544,1.0544,1.0544,2
2023.02.25,10:00,1.0544,1.0544,1.0544,1.0544,1
2023.02.25,14:00,1.0544,1.0544,1.0544,1.0544,3
2023.02.25,18:00,1.0544,1.0544,1.0544,1.0544,2
2023.02.26,02:00,1.0544,1.0544,1.0544,1.0544,2
2023.02.26,06:00,1.0544,1.0544,1.0544,1.0544,2
2023.02.26,10:00,1.0544,1.0544,1.0544,1.0544,1
2023.02.26,18:00,1.0544,1.0544,1.0544,1.0544,1
2023.02.26,22:00,1.0544,1.0554,1.0544,1.0552,237
2023.02.27,02:00,1.0553,1.0559,1.0539,1.0543,842
2023.02.27,06:00,1.0542,1.0552,1.0532,1.0546,1014
2023.02.27,10:00,1.0547,1.0568,1.0547,1.0561,1452
2023.02.27,14:00,1.0562,1.0618,1.0549,1.06,1974
2023.02.27,18:00,1.0599,1.0612,1.0578,1.0606,1179
2023.02.27,22:00,1.0607,1.061,1.0603,1.0608,692
2023.02.28,02:00,1.0607,1.0613,1.0584,1.0591,605
2023.02.28,06:00,1.059,1.0596,1.0581,1.0592,869
2023.02.28,10:00,1.0594,1.0624,1.0594,1.0608,2023
2023.02.28,14:00,1.0607,1.0644,1.06,1.0604,2215
2023.02.28,18:00,1.0603,1.0616,1.0581,1.0583,1351
2023.02.28,22:00,1.0582,1.0583,1.0573,1.0576,931
2023.03.01,02:00,1.0575,1.0594,1.0564,1.0592,978
2023.03.01,06:00,1.0591,1.0643,1.0587,1.064,1221
2023.03.01,10:00,1.0639,1.0672,1.0624,1.0668,2258
2023.03.01,14:00,1.0667,1.069,1.0642,1.0671,2819
2023.03.01,18:00,1.067,1.0677,1.0645,1.0656,1684
2023.03.01,22:00,1.0655,1.0671,1.0655,1.0667,626
2023.03.02,02:00,1.0666,1.0671,1.0643,1.0644,1024
2023.03.02,06:00,1.0645,1.0649,1.0631,1.0635,1011
2023.03.02,10:00,1.0636,1.0641,1.0612,1.0623,2152
2023.03.02,14:00,1.0624,1.063,1.0581,1.0607,2601
2023.03.02,18:00,1.0608,1.0612,1.0575,1.0589,1779
2023.03.02,22:00,1.059,1.0605,1.0585,1.0597,591
2023.03.03,02:00,1.0598,1.0613,1.0595,1.0605,841
2023.03.03,06:00,1.0606,1.0622,1.0604,1.0608,845
2023.03.03,10:00,1.0609,1.0628,1.0599,1.0613,1671
2023.03.03,14:00,1.0614,1.0628,1.0587,1.0596,2332
2023.03.03,18:00,1.0597,1.0634,1.0591,1.0633,1387
2023.03.03,22:00,1.0632,1.0637,1.0629,1.0632,321
2023.03.05,18:00,1.0632,1.0632,1.0632,1.0632,19
2023.03.05,22:00,1.0632,1.0632,1.0622,1.0624,228
2023.03.06,02:00,1.0625,1.0649,1.0623,1.0644,937
2023.03.06,06:00,1.0645,1.0656,1.0636,1.0647,985
2023.03.06,10:00,1.0646,1.0656,1.0621,1.0638,1785
2023.03.06,14:00,1.0637,1.0688,1.0631,1.0677,2152
2023.03.06,18:00,1.0676,1.0693,1.0667,1.0674,1256
2023.03.06,22:00,1.0673,1.0685,1.0671,1.0684,657
2023.03.07,02:00,1.0683,1.0691,1.0675,1.069,760
2023.03.07,06:00,1.0689,1.0693,1.0673,1.0684,1033
2023.03.07,10:00,1.0685,1.0685,1.0653,1.0655,1908
2023.03.07,14:00,1.0656,1.0671,1.0573,1.0584,3266
2023.03.07,18:00,1.0583,1.0595,1.0545,1.055,2392
2023.03.07,22:00,1.0551,1.0556,1.0546,1.0547,488
2023.03.08,02:00,1.0548,1.0549,1.0526,1.0528,692
2023.03.08,06:00,1.0529,1.0546,1.0523,1.0542,892
2023.03.08,10:00,1.054,1.0547,1.0533,1.0536,1299
2023.03.08,14:00,1.0535,1.0573,1.0528,1.0551,2956
2023.03.08,18:00,1.0552,1.0566,1.0538,1.0545,1796
2023.03.08,22:00,1.0544,1.0549,1.054,1.0548,592
2023.03.09,02:00,1.0547,1.0552,1.0537,1.0548,782
2023.03.09,06:00,1.0546,1.0558,1.0545,1.0555,798
2023.03.09,10:00,1.0554,1.058,1.0547,1.057,1539
2023.03.09,14:00,1.0569,1.0585,1.0551,1.0567,2233
2023.03.09,18:00,1.0568,1.059,1.0562,1.0574,1494
2023.03.09,22:00,1.0575,1.0585,1.0571,1.0584,810
2023.03.10,02:00,1.0585,1.0598,1.0578,1.0595,1193
2023.03.10,06:00,1.0594,1.0605,1.058,1.0593,1186
2023.03.10,10:00,1.0594,1.0602,1.0573,1.0588,1879
2023.03.10,14:00,1.0587,1.0699,1.0579,1.0686,4665
2023.03.10,18:00,1.0685,1.0686,1.0635,1.0642,2732
2023.03.10,22:00,1.0641,1.0647,1.0635,1.0638,641
2023.03.12,14:00,1.0638,1.0638,1.0638,1.0638,1
2023.03.12,18:00,1.0638,1.0638,1.0638,1.0638,14
2023.03.12,22:00,1.07,1.0703,1.0674,1.068,1351
2023.03.13,02:00,1.0681,1.0735,1.0663,1.0716,2394
2023.03.13,06:00,1.0717,1.0736,1.0712,1.0724,1836
2023.03.13,10:00,1.0725,1.0728,1.0656,1.0663,4314
2023.03.13,14:00,1.0664,1.0732,1.0649,1.0732,4945
2023.03.13,18:00,1.0731,1.0747,1.072,1.0728,2704
2023.03.13,22:00,1.0729,1.0733,1.0721,1.0721,712
2023.03.14,02:00,1.0722,1.0723,1.0697,1.0701,1396
2023.03.14,06:00,1.0702,1.0714,1.0677,1.0689,1866
2023.03.14,10:00,1.0688,1.0727,1.0682,1.072,2578
2023.03.14,14:00,1.0719,1.0748,1.0697,1.072,4233
2023.03.14,18:00,1.0721,1.0748,1.0709,1.074,2177
2023.03.14,22:00,1.0741,1.0741,1.0724,1.0726,385
2023.03.15,02:00,1.0725,1.0758,1.0724,1.075,1020
2023.03.15,06:00,1.0749,1.0753,1.0726,1.0736,1259
2023.03.15,10:00,1.0735,1.0742,1.0579,1.0586,3530
2023.03.15,14:00,1.0587,1.0593,1.0515,1.0533,4695
2023.03.15,18:00,1.0532,1.0591,1.0526,1.0578,3442
2023.03.15,22:00,1.0579,1.0587,1.0573,1.058,709
2023.03.16,02:00,1.0579,1.0598,1.0572,1.0597,1632
2023.03.16,06:00,1.0598,1.0627,1.0591,1.0624,1376
2023.03.16,10:00,1.0623,1.0634,1.0599,1.0612,2334
2023.03.16,14:00,1.0613,1.0625,1.0549,1.062,5292
2023.03.16,18:00,1.0619,1.0624,1.059,1.0613,2059
2023.03.16,22:00,1.0612,1.0616,1.0607,1.0612,590
2023.03.17,02:00,1.0613,1.0643,1.061,1.0639,1166
2023.03.17,06:00,1.0638,1.0668,1.0638,1.0661,1213
2023.03.17,10:00,1.066,1.0668,1.0614,1.0628,1997
2023.03.17,14:00,1.0627,1.0646,1.0611,1.0645,2503
2023.03.17,18:00,1.0646,1.0684,1.0641,1.066,1534
2023.03.17,22:00,1.0661,1.0664,1.0657,1.0664,195
2023.03.18,10:00,1.0664,1.0664,1.0664,1.0664,1
2023.03.18,14:00,1.0664,1.0664,1.0664,1.0664,7
2023.03.19,22:00,1.0664,1.0687,1.0664,1.0679,462
2023.03.20,02:00,1.068,1.0689,1.0663,1.0668,1445
2023.03.20,06:00,1.0667,1.068,1.064,1.0654,2161
2023.03.20,10:00,1.0656,1.0707,1.063,1.0706,2937
2023.03.20,14:00,1.0705,1.0729,1.07,1.072,2148
2023.03.20,18:00,1.0719,1.0727,1.0705,1.0722,1279
2023.03.20,22:00,1.0721,1.0723,1.0714,1.0717,505
2023.03.21,02:00,1.0718,1.0724,1.0713,1.0714,858
2023.03.21,06:00,1.0713,1.072,1.0703,1.0718,953
2023.03.21,10:00,1.0717,1.0783,1.0715,1.0777,1939
2023.03.21,14:00,1.0778,1.0787,1.0759,1.0767,1766
2023.03.21,18:00,1.0768,1.0777,1.0755,1.0768,959
2023.03.21,22:00,1.0767,1.0772,1.0764,1.0771,361
2023.03.22,02:00,1.0772,1.0775,1.0764,1.0769,943
2023.03.22,06:00,1.0768,1.0774,1.0758,1.0764,876
2023.03.22,10:00,1.0765,1.0797,1.0764,1.0796,1533
2023.03.22,14:00,1.0795,1.0799,1.0774,1.079,1546
2023.03.22,18:00,1.0791,1.0911,1.0787,1.0864,3808
2023.03.22,22:00,1.0863,1.087,1.0853,1.0868,716
2023.03.23,02:00,1.0869,1.0904,1.0867,1.09,1218
2023.03.23,06:00,1.0899,1.0928,1.0893,1.0905,1406
2023.03.23,10:00,1.0904,1.0909,1.0865,1.0874,1961
2023.03.23,14:00,1.0875,1.0906,1.0868,1.0888,2194
2023.03.23,18:00,1.0889,1.0897,1.0823,1.0839,2112
2023.03.23,22:00,1.0838,1.0839,1.0826,1.0833,607
2023.03.24,02:00,1.0834,1.0834,1.0816,1.0827,1117
2023.03.24,06:00,1.0826,1.0836,1.0821,1.0827,967
2023.03.24,10:00,1.0828,1.0829,1.0712,1.0737,3529
2023.03.24,14:00,1.0738,1.0766,1.0722,1.076,2869
2023.03.24,18:00,1.0759,1.0766,1.075,1.0757,1194
2023.03.24,22:00,1.0758,1.0761,1.0757,1.0759,141
2023.03.26,02:00,1.0759,1.0759,1.0759,1.0759,32
2023.03.26,07:00,1.0759,1.0759,1.0759,1.0759,1
2023.03.26,15:00,1.0759,1.0759,1.0759,1.0759,1
2023.03.26,19:00,1.0759,1.0759,1.0759,1.0759,9
2023.03.26,23:00,1.077,1.0778,1.0764,1.0776,561
2023.03.27,03:00,1.0775,1.0775,1.0756,1.077,979
2023.03.27,07:00,1.0769,1.0781,1.0744,1.075,1321
2023.03.27,11:00,1.0749,1.0779,1.0749,1.077,1645
2023.03.27,15:00,1.0771,1.0793,1.0767,1.0787,1790
2023.03.27,19:00,1.0786,1.0797,1.0785,1.0796,851
2023.03.27,23:00,1.0797,1.0807,1.0794,1.0805,366
2023.03.28,03:00,1.0806,1.0818,1.0802,1.0814,873
2023.03.28,07:00,1.0813,1.0833,1.0805,1.0819,1185
2023.03.28,11:00,1.0818,1.0835,1.0809,1.083,1302
2023.03.28,15:00,1.0829,1.0845,1.0815,1.0841,1843
2023.03.28,19:00,1.0842,1.0847,1.083,1.0846,629
2023.03.28,23:00,1.0845,1.0846,1.0835,1.0837,349
2023.03.29,03:00,1.0838,1.0848,1.0833,1.0835,802
2023.03.29,07:00,1.0834,1.0843,1.0817,1.0835,1161
2023.03.29,11:00,1.0836,1.087,1.0825,1.0854,1532
2023.03.29,15:00,1.0855,1.0859,1.0823,1.0824,1886
2023.03.29,19:00,1.0825,1.0847,1.0822,1.0838,845
2023.03.29,23:00,1.0839,1.0847,1.0837,1.0841,366
2023.03.30,03:00,1.0842,1.0842,1.0825,1.0832,744
2023.03.30,07:00,1.0831,1.0856,1.0823,1.0853,1441
2023.03.30,11:00,1.0854,1.0883,1.0849,1.0878,1502
2023.03.30,15:00,1.0877,1.0925,1.0877,1.0897,2115
2023.03.30,19:00,1.0896,1.0906,1.0891,1.0905,865
2023.03.30,23:00,1.0906,1.0906,1.0901,1.0903,272
2023.03.31,03:00,1.0904,1.0924,1.09,1.0905,956
2023.03.31,07:00,1.0906,1.0909,1.0879,1.0883,1193
2023.03.31,11:00,1.0884,1.0895,1.0863,1.0866,1619
2023.03.31,15:00,1.0867,1.09,1.0856,1.087,2360
2023.03.31,19:00,1.0871,1.0871,1.0842,1.0844,1109
2023.03.31,23:00,1.0845,1.0845,1.0835,1.0842,113
2023.04.02,19:00,1.0842,1.0842,1.0842,1.0842,7
2023.04.02,23:00,1.084,1.0842,1.08,1.0801,683
2023.04.03,03:00,1.0802,1.0815,1.0787,1.0789,1262
2023.04.03,07:00,1.079,1.084,1.0788,1.0838,1341
2023.04.03,11:00,1.0837,1.0876,1.0829,1.0875,1496
2023.04.03,15:00,1.0874,1.0915,1.086,1.0889,2277
2023.04.03,19:00,1.0888,1.0906,1.0878,1.0905,852
2023.04.03,23:00,1.0904,1.0908,1.0899,1.0905,308
2023.04.04,03:00,1.0906,1.0908,1.0887,1.0887,918
2023.04.04,07:00,1.0888,1.0937,1.0881,1.0924,1385
2023.04.04,11:00,1.0923,1.0935,1.0894,1.0896,1670
2023.04.04,15:00,1.0897,1.0972,1.0885,1.0949,2477
2023.04.04,19:00,1.095,1.0957,1.0942,1.0956,1043
2023.04.04,23:00,1.0957,1.096,1.0949,1.0956,277
2023.04.05,03:00,1.0957,1.0968,1.0954,1.0958,847
2023.04.05,07:00,1.0957,1.0968,1.0945,1.0949,1158
2023.04.05,11:00,1.0948,1.0959,1.0934,1.094,1260
2023.04.05,15:00,1.0941,1.0965,1.0901,1.0916,2482
2023.04.05,19:00,1.0917,1.0918,1.089,1.0902,664
2023.04.05,23:00,1.0903,1.0909,1.0898,1.0902,427
2023.04.06,03:00,1.0903,1.0903,1.0883,1.0891,599
2023.04.06,07:00,1.0892,1.0916,1.0888,1.0905,945
2023.04.06,11:00,1.0904,1.0915,1.0891,1.0914,1231
2023.04.06,15:00,1.0915,1.0927,1.0885,1.0925,1820
2023.04.06,19:00,1.0926,1.0936,1.092,1.0922,693
2023.04.06,23:00,1.0921,1.0922,1.0914,1.0918,218
2023.04.07,03:00,1.0919,1.0923,1.0913,1.0918,298
2023.04.07,07:00,1.0919,1.0919,1.091,1.0914,304
2023.04.07,11:00,1.0913,1.092,1.0909,1.0916,314
2023.04.07,15:00,1.0915,1.0916,1.0875,1.091,1213
2023.04.07,19:00,1.0911,1.0912,1.09,1.0905,314
2023.04.07,23:00,1.0903,1.0907,1.0896,1.0898,92
2023.04.08,07:00,1.0898,1.0898,1.0898,1.0898,1
2023.04.08,15:00,1.0898,1.0898,1.0898,1.0898,1
2023.04.08,19:00,1.0898,1.0898,1.0898,1.0898,4
2023.04.09,07:00,1.0898,1.0898,1.0898,1.0898,13
2023.04.09,11:00,1.0898,1.0898,1.0898,1.0898,3
2023.04.09,23:00,1.09,1.0912,1.0898,1.0912,275
2023.04.10,03:00,1.0913,1.0913,1.0895,1.0897,627
2023.04.10,07:00,1.0896,1.0916,1.0889,1.0915,717
2023.04.10,11:00,1.0916,1.0916,1.0885,1.0888,855
2023.04.10,15:00,1.0887,1.089,1.083,1.0838,1858
2023.04.10,19:00,1.0839,1.0862,1.0837,1.0861,670
2023.04.10,23:00,1.086,1.0869,1.0856,1.0867,319
2023.04.11,03:00,1.0868,1.0886,1.0866,1.088,843
2023.04.11,07:00,1.0881,1.0903,1.0879,1.0894,1232
2023.04.11,11:00,1.0893,1.0925,1.0893,1.0904,1323
2023.04.11,15:00,1.0903,1.0927,1.0901,1.0903,1700
2023.04.11,19:00,1.0904,1.0916,1.0895,1.0913,621
2023.04.11,23:00,1.0912,1.0916,1.091,1.0915,151
2023.04.12,03:00,1.0916,1.0927,1.0913,1.0923,509
2023.04.12,07:00,1.0922,1.0936,1.0914,1.0925,986
2023.04.12,11:00,1.0926,1.0935,1.0917,1.0921,1113
2023.04.12,15:00,1.0922,1.0998,1.0918,1.0985,2691
2023.04.12,19:00,1.0984,1.0999,1.0984,1.0987,940
2023.04.12,23:00,1.0988,1.0998,1.0985,1.0996,246
2023.04.13,03:00,1.0995,1.1004,1.0982,1.0987,987
2023.04.13,07:00,1.0988,1.0999,1.0976,1.0998,995
2023.04.13,11:00,1.0999,1.103,1.0999,1.1009,1152
2023.04.13,15:00,1.1008,1.1066,1.1007,1.1052,2229
2023.04.13,19:00,1.1051,1.1058,1.1043,1.1045,637
2023.04.13,23:00,1.1046,1.105,1.1044,1.105,195
2023.04.14,03:00,1.1051,1.1074,1.1047,1.1069,749
2023.04.14,07:00,1.1068,1.1074,1.1058,1.1064,887
2023.04.14,11:00,1.1065,1.1065,1.1046,1.1052,1141
2023.04.14,15:00,1.1053,1.1072,1.0974,1.0978,2731
2023.04.14,19:00,1.0977,1.0998,1.0971,1.0995,868
2023.04.14,23:00,1.0994,1.0996,1.0992,1.0993,61
2023.04.16,11:00,1.0993,1.0993,1.0993,1.0993,10
2023.04.16,19:00,1.0993,1.0993,1.0993,1.0993,5
2023.04.16,23:00,1.0989,1.0994,1.0982,1.0983,271
2023.04.17,03:00,1.0982,1.099,1.096,1.0975,871
2023.04.17,07:00,1.0974,1.0998,1.0974,1.0991,1016
2023.04.17,11:00,1.099,1.0992,1.0963,1.0975,1233
2023.04.17,15:00,1.0976,1.0983,1.0908,1.0913,2141
2023.04.17,19:00,1.0912,1.093,1.0909,1.093,789
2023.04.17,23:00,1.0929,1.0929,1.0922,1.0923,250
2023.04.18,03:00,1.0924,1.0937,1.0921,1.0934,725
2023.04.18,07:00,1.0933,1.0969,1.0932,1.0969,1142
2023.04.18,11:00,1.0968,1.0982,1.0964,1.0965,1232
2023.04.18,15:00,1.0966,1.0977,1.0942,1.0956,1840
2023.04.18,19:00,1.0955,1.0973,1.0953,1.097,764
2023.04.18,23:00,1.0969,1.0975,1.0967,1.0973,387
2023.04.19,03:00,1.0974,1.0983,1.0964,1.0973,828
2023.04.19,07:00,1.0972,1.0973,1.0945,1.0961,1404
2023.04.19,11:00,1.0962,1.0962,1.0916,1.093,1684
2023.04.19,15:00,1.0931,1.0978,1.0926,1.0952,1702
2023.04.19,19:00,1.0951,1.0965,1.095,1.0954,996
2023.04.19,23:00,1.0953,1.0958,1.0946,1.095,349
2023.04.20,03:00,1.0951,1.096,1.0948,1.0958,914
2023.04.20,07:00,1.0957,1.0972,1.0949,1.096,1293
2023.04.20,11:00,1.0959,1.0977,1.0952,1.0953,1687
2023.04.20,15:00,1.0952,1.0988,1.0932,1.0968,2325
2023.04.20,19:00,1.0969,1.0971,1.0955,1.0962,904
2023.04.20,23:00,1.0963,1.0971,1.0962,1.0966,342
2023.04.21,03:00,1.0965,1.0972,1.096,1.0963,674
2023.04.21,07:00,1.0962,1.0962,1.0937,1.0955,1272
2023.04.21,11:00,1.0956,1.0984,1.0948,1.098,1501
2023.04.21,15:00,1.0981,1.0992,1.0941,1.0971,2387
2023.04.21,19:00,1.0972,1.0989,1.0968,1.0989,1022
2023.04.21,23:00,1.0988,1.0992,1.0984,1.0988,151
2023.04.23,03:00,1.0988,1.0988,1.0988,1.0988,6
2023.04.23,19:00,1.0988,1.0988,1.0988,1.0988,6
2023.04.23,23:00,1.0988,1.0995,1.0985,1.099,225
2023.04.24,03:00,1.0989,1.0994,1.0978,1.098,909
2023.04.24,07:00,1.0979,1.0987,1.0964,1.0985,1203
2023.04.24,11:00,1.0986,1.1019,1.0983,1.1001,1790
2023.04.24,15:00,1.1002,1.1036,1.0998,1.1024,1866
2023.04.24,19:00,1.1023,1.1049,1.1023,1.1042,798
2023.04.24,23:00,1.1043,1.1056,1.1042,1.1056,443
2023.04.25,03:00,1.1055,1.1066,1.105,1.1052,955
2023.04.25,07:00,1.1051,1.1057,1.1023,1.1031,1398
2023.04.25,11:00,1.103,1.1043,1.1008,1.1015,1487
2023.04.25,15:00,1.1016,1.1028,1.0967,1.0967,2163
2023.04.25,19:00,1.0966,1.0975,1.0963,1.0969,1188
2023.04.25,23:00,1.0968,1.0979,1.0968,1.0977,577
2023.04.26,03:00,1.0976,1.0979,1.0967,1.0974,922
2023.04.26,07:00,1.0973,1.1025,1.0971,1.1018,1268
2023.04.26,11:00,1.1017,1.1061,1.1015,1.1045,2260
2023.04.26,15:00,1.1046,1.1094,1.1034,1.1049,2660
2023.04.26,19:00,1.1048,1.1051,1.1031,1.1034,1091
2023.04.26,23:00,1.1035,1.1045,1.1034,1.1044,312
2023.04.27,03:00,1.1043,1.1052,1.1038,1.1044,888
2023.04.27,07:00,1.1045,1.1062,1.1038,1.1048,1333
2023.04.27,11:00,1.1049,1.1058,1.1029,1.1033,1455
2023.04.27,15:00,1.1032,1.1056,1.0991,1.1014,2864
2023.04.27,19:00,1.1015,1.1029,1.1004,1.1023,984
2023.04.27,23:00,1.1022,1.1032,1.1022,1.103,453
2023.04.28,03:00,1.1031,1.1038,1.1011,1.1018,1290
2023.04.28,07:00,1.1019,1.1035,1.0993,1.1007,2218
2023.04.28,11:00,1.1006,1.1008,1.0971,1.0972,2039
2023.04.28,15:00,1.0973,1.1044,1.0961,1.1038,3291
2023.04.28,19:00,1.1037,1.1039,1.1011,1.1018,1241
2023.04.28,23:00,1.1017,1.1019,1.1013,1.1015,161
2023.04.30,15:00,1.1015,1.1015,1.1015,1.1015,1
2023.04.30,23:00,1.1023,1.1023,1.1009,1.1009,480
2023.05.01,03:00,1.101,1.1013,1.0999,1.1013,989
2023.05.01,07:00,1.1012,1.1012,1.0993,1.1002,1153
2023.05.01,11:00,1.1001,1.1013,1.0987,1.1012,1305
2023.05.01,15:00,1.1011,1.1034,1.0965,1.0968,2080
2023.05.01,19:00,1.0967,1.0974,1.0963,1.0971,1206
2023.05.01,23:00,1.0972,1.0975,1.0966,1.0968,369
2023.05.02,03:00,1.0967,1.0993,1.0967,1.0983,776
2023.05.02,07:00,1.0982,1.1005,1.0978,1.0984,1303
2023.05.02,11:00,1.0985,1.0985,1.0947,1.0966,1903
2023.05.02,15:00,1.0967,1.0996,1.0941,1.0995,2557
2023.05.02,19:00,1.0994,1.1007,1.0993,1.1004,906
2023.05.02,23:00,1.1005,1.1012,1.0997,1.1009,423
2023.05.03,03:00,1.101,1.1029,1.1004,1.1028,842
2023.05.03,07:00,1.1027,1.104,1.1013,1.1033,943
2023.05.03,11:00,1.1034,1.1045,1.1028,1.1038,1438
2023.05.03,15:00,1.1039,1.1058,1.102,1.1046,2206
2023.05.03,19:00,1.1047,1.109,1.1036,1.1053,3149
2023.05.03,23:00,1.1052,1.1077,1.105,1.1067,992
2023.05.04,03:00,1.1068,1.1086,1.1067,1.108,1356
2023.05.04,07:00,1.1081,1.109,1.1051,1.1057,1583
2023.05.04,11:00,1.1056,1.1075,1.1035,1.1073,1680
2023.05.04,15:00,1.1074,1.1083,1.0985,1.1007,4331
2023.05.04,19:00,1.1008,1.103,1.1007,1.1013,1260
2023.05.04,23:00,1.1012,1.1023,1.1009,1.1022,394
2023.05.05,03:00,1.1021,1.1043,1.1018,1.1043,907
2023.05.05,07:00,1.1042,1.1047,1.1024,1.1025,1285
2023.05.05,11:00,1.1026,1.103,1.1007,1.1008,1477
2023.05.05,15:00,1.1009,1.1026,1.0965,1.1023,2740
2023.05.05,19:00,1.1024,1.1035,1.1008,1.1017,1243
2023.05.05,23:00,1.1016,1.1018,1.1015,1.1017,104
2023.05.07,23:00,1.1021,1.1022,1.1013,1.1017,246
2023.05.08,03:00,1.1016,1.1038,1.1015,1.1037,855
2023.05.08,07:00,1.1038,1.1049,1.1035,1.1048,1186
2023.05.08,11:00,1.1049,1.1052,1.1022,1.1034,1391
2023.05.08,15:00,1.1035,1.1043,1.101,1.1018,1475
2023.05.08,19:00,1.1019,1.1028,1.0999,1.1,867
2023.05.08,23:00,1.0999,1.1004,1.0994,1.0995,361
2023.05.09,03:00,1.0996,1.0996,1.0984,1.0993,698
2023.05.09,07:00,1.0994,1.0999,1.0971,1.0977,1243
2023.05.09,11:00,1.0976,1.0985,1.0958,1.0962,1097
2023.05.09,15:00,1.0963,1.0966,1.094,1.0951,1774
2023.05.09,19:00,1.0952,1.0971,1.0948,1.0961,1107
2023.05.09,23:00,1.0962,1.0968,1.0944,1.0963,395
2023.05.10,03:00,1.0964,1.0976,1.0963,1.0975,600
2023.05.10,07:00,1.0974,1.0981,1.0961,1.0963,999
2023.05.10,11:00,1.0962,1.0962,1.0944,1.0948,1500
2023.05.10,15:00,1.0947,1.1005,1.094,1.0964,3023
2023.05.10,19:00,1.0965,1.0984,1.096,1.0981,1409
2023.05.10,23:00,1.098,1.0986,1.0978,1.0981,362
2023.05.11,03:00,1.0982,1.0997,1.0972,1.0973,728
2023.05.11,07:00,1.0972,1.0981,1.0923,1.0929,1547
2023.05.11,11:00,1.093,1.0937,1.0916,1.093,2030
2023.05.11,15:00,1.0929,1.0947,1.0899,1.0914,2659
2023.05.11,19:00,1.0915,1.0928,1.0909,1.0916,844
2023.05.11,23:00,1.0915,1.0916,1.0914,1.0914,26
2023.05.11,23:00,1.0915,1.0919,1.091,1.0911,381
2023.05.12,03:00,1.0912,1.0924,1.0911,1.0921,751
2023.05.12,07:00,1.092,1.0934,1.0905,1.0906,1391
2023.05.12,11:00,1.0905,1.0916,1.0888,1.089,1356
2023.05.12,15:00,1.0891,1.0896,1.0853,1.0854,1938
2023.05.12,19:00,1.0853,1.0856,1.0847,1.085,986
2023.05.12,23:00,1.0851,1.0851,1.0847,1.0848,118
2023.05.14,19:00,1.0848,1.0848,1.0848,1.0848,17
2023.05.14,23:00,1.0852,1.0854,1.0844,1.0852,218
2023.05.15,03:00,1.0853,1.0863,1.0847,1.0858,890
2023.05.15,07:00,1.0859,1.0876,1.0856,1.0872,1108
2023.05.15,11:00,1.0873,1.0879,1.0854,1.0876,1244
2023.05.15,15:00,1.0877,1.0889,1.0863,1.0872,1703
2023.05.15,19:00,1.0871,1.0878,1.0866,1.0874,586
2023.05.15,23:00,1.0875,1.0876,1.0871,1.0872,211
2023.05.16,03:00,1.0873,1.0883,1.0867,1.0881,756
2023.05.16,07:00,1.088,1.0893,1.0862,1.0887,1229
2023.05.16,11:00,1.0888,1.0903,1.0884,1.0885,1083
2023.05.16,15:00,1.0886,1.0889,1.0854,1.0863,2042
2023.05.16,19:00,1.0864,1.0871,1.0857,1.0862,785
2023.05.16,23:00,1.0861,1.0864,1.0859,1.0864,342
2023.05.17,03:00,1.0865,1.0872,1.0861,1.0864,768
2023.05.17,07:00,1.0863,1.0866,1.083,1.083,1097
2023.05.17,11:00,1.0831,1.0847,1.0819,1.0824,1468
2023.05.17,15:00,1.0825,1.0837,1.0809,1.0828,1865
2023.05.17,19:00,1.0829,1.0848,1.0828,1.0838,921
2023.05.17,23:00,1.0839,1.0845,1.0834,1.0837,406
2023.05.18,03:00,1.0836,1.0847,1.0834,1.0838,773
2023.05.18,07:00,1.0839,1.0839,1.0808,1.0815,1012
2023.05.18,11:00,1.0816,1.0821,1.0804,1.0814,1062
2023.05.18,15:00,1.0813,1.0816,1.0762,1.0774,1756
2023.05.18,19:00,1.0773,1.078,1.0761,1.0773,849
2023.05.18,23:00,1.0772,1.0775,1.0768,1.0774,388
2023.05.19,03:00,1.0775,1.0779,1.0759,1.0767,827
2023.05.19,07:00,1.0768,1.079,1.0759,1.0776,1178
2023.05.19,11:00,1.0775,1.0808,1.077,1.0807,1467
2023.05.19,15:00,1.0808,1.0825,1.0781,1.0817,2515
2023.05.19,19:00,1.0816,1.0827,1.0796,1.0805,1070
2023.05.19,23:00,1.0806,1.0807,1.08,1.0804,152
2023.05.20,19:00,1.0804,1.0804,1.0804,1.0804,5
2023.05.21,11:00,1.0804,1.0804,1.0804,1.0804,1
2023.05.21,23:00,1.0806,1.0823,1.0806,1.0821,213
2023.05.22,03:00,1.082,1.0828,1.0815,1.0819,1046
2023.05.22,07:00,1.0818,1.0823,1.0794,1.0806,1362
2023.05.22,11:00,1.0805,1.0828,1.0798,1.082,1408
2023.05.22,15:00,1.0821,1.083,1.0795,1.0804,1878
2023.05.22,19:00,1.0805,1.082,1.0801,1.081,968
2023.05.22,23:00,1.0809,1.0814,1.0805,1.0809,396
2023.05.23,03:00,1.081,1.0819,1.0801,1.0807,798
2023.05.23,07:00,1.0806,1.0812,1.0784,1.0802,1328
2023.05.23,11:00,1.0801,1.0807,1.0768,1.0772,1536
2023.05.23,15:00,1.0771,1.0794,1.0762,1.0769,2124
2023.05.23,19:00,1.077,1.0779,1.0759,1.0766,938
2023.05.23,23:00,1.0767,1.0773,1.0765,1.0768,367
2023.05.24,03:00,1.0769,1.0778,1.0766,1.0778,800
2023.05.24,07:00,1.0777,1.0788,1.0769,1.0782,1220
2023.05.24,11:00,1.0783,1.0793,1.0747,1.0779,1741
2023.05.24,15:00,1.078,1.08,1.0753,1.0757,2049
2023.05.24,19:00,1.0756,1.0765,1.0748,1.0748,1408
2023.05.24,23:00,1.0749,1.0755,1.0741,1.0754,426
2023.05.25,03:00,1.0753,1.0754,1.0735,1.0736,827
2023.05.25,07:00,1.0735,1.0742,1.0713,1.072,1113
2023.05.25,11:00,1.0721,1.0737,1.0718,1.0732,1340
2023.05.25,15:00,1.0731,1.0739,1.0706,1.0723,2344
2023.05.25,19:00,1.0722,1.0728,1.071,1.0719,1033
2023.05.25,23:00,1.072,1.0727,1.072,1.0722,383
2023.05.26,03:00,1.0723,1.0737,1.0718,1.0736,777
2023.05.26,07:00,1.0735,1.0743,1.0724,1.0739,884
2023.05.26,11:00,1.0738,1.0757,1.0724,1.0751,1200
2023.05.26,15:00,1.0752,1.0756,1.07,1.0711,2512
2023.05.26,19:00,1.0712,1.0731,1.0712,1.0728,715
2023.05.26,23:00,1.0729,1.0729,1.0724,1.0724,114
2023.05.28,19:00,1.0724,1.0724,1.0724,1.0724,7
2023.05.28,23:00,1.0721,1.0728,1.0717,1.072,234
2023.05.29,03:00,1.0719,1.0734,1.0716,1.0729,649
2023.05.29,07:00,1.0728,1.0742,1.0723,1.0727,578
2023.05.29,11:00,1.0728,1.0728,1.0709,1.0709,786
2023.05.29,15:00,1.071,1.0714,1.0705,1.0713,559
2023.05.29,19:00,1.0712,1.0714,1.0708,1.0708,197
2023.05.29,23:00,1.0707,1.0712,1.0704,1.0705,244
2023.05.30,03:00,1.0706,1.0725,1.07,1.0705,936
2023.05.30,07:00,1.0706,1.0707,1.0671,1.0689,1485
2023.05.30,11:00,1.069,1.0743,1.0686,1.0743,1585
2023.05.30,15:00,1.0742,1.0745,1.0717,1.072,1807
2023.05.30,19:00,1.0721,1.0729,1.0713,1.0728,744
2023.05.30,23:00,1.0727,1.0734,1.0726,1.073,331
2023.05.31,03:00,1.0731,1.0734,1.0693,1.0697,795
2023.05.31,07:00,1.0696,1.0699,1.0669,1.0673,1357
2023.05.31,11:00,1.0671,1.0686,1.0657,1.0678,1306
2023.05.31,15:00,1.0679,1.0704,1.065,1.0651,2217
2023.05.31,19:00,1.0652,1.0688,1.0634,1.0685,1527
2023.05.31,23:00,1.0684,1.0696,1.0683,1.0692,476
2023.06.01,03:00,1.0693,1.0694,1.0679,1.0686,1031
2023.06.01,07:00,1.0685,1.069,1.066,1.0668,1068
2023.06.01,11:00,1.0669,1.0714,1.0663,1.0704,1237
2023.06.01,15:00,1.0705,1.0752,1.0683,1.0749,2511
2023.06.01,19:00,1.075,1.0767,1.0746,1.0761,1040
2023.06.01,23:00,1.076,1.0764,1.0757,1.0759,384
2023.06.02,03:00,1.0758,1.0768,1.0757,1.0767,782
2023.06.02,07:00,1.0766,1.0777,1.0759,1.076,958
2023.06.02,11:00,1.0761,1.0776,1.0756,1.0756,1143
2023.06.02,15:00,1.0758,1.077,1.0716,1.0722,2498
2023.06.02,19:00,1.0721,1.0722,1.0704,1.0706,905
2023.06.02,23:00,1.0707,1.0707,1.0704,1.0705,74
2023.06.04,15:00,1.0705,1.0705,1.0705,1.0705,4
2023.06.04,19:00,1.0705,1.0705,1.0705,1.0705,5
2023.06.04,23:00,1.0705,1.0708,1.0692,1.0695,312
2023.06.05,03:00,1.0696,1.0703,1.0689,1.0701,823
2023.06.05,07:00,1.0702,1.0702,1.0682,1.0688,1230
2023.06.05,11:00,1.0689,1.0698,1.0684,1.0688,1000
2023.06.05,15:00,1.0689,1.0721,1.0673,1.0719,1872
2023.06.05,19:00,1.0718,1.072,1.0706,1.0711,703
2023.06.05,23:00,1.0712,1.0714,1.0706,1.071,400
2023.06.06,03:00,1.0711,1.0723,1.0709,1.0715,679
2023.06.06,07:00,1.0714,1.0731,1.0706,1.0713,1442
2023.06.06,11:00,1.0712,1.0713,1.0675,1.0676,1261
2023.06.06,15:00,1.0675,1.0696,1.0666,1.0693,1717
2023.06.06,19:00,1.0692,1.0696,1.0681,1.0691,680
2023.06.06,23:00,1.069,1.0698,1.0689,1.0697,231
2023.06.07,03:00,1.0698,1.0703,1.0687,1.0691,678
2023.06.07,07:00,1.0692,1.0694,1.0667,1.0683,940
2023.06.07,11:00,1.0682,1.0722,1.0678,1.0714,1102
2023.06.07,15:00,1.0715,1.0738,1.0694,1.07,1905
2023.06.07,19:00,1.0701,1.0705,1.069,1.0692,896
2023.06.07,23:00,1.0693,1.0706,1.0692,1.0706,334
2023.06.08,03:00,1.0705,1.071,1.0701,1.0707,636
2023.06.08,07:00,1.0708,1.0718,1.0699,1.0712,1001
2023.06.08,11:00,1.0711,1.0738,1.0708,1.0734,1155
2023.06.08,15:00,1.0735,1.0782,1.0732,1.0777,2161
2023.06.08,19:00,1.0778,1.0785,1.0772,1.0778,731
2023.06.08,23:00,1.0779,1.0784,1.0779,1.078,349
2023.06.09,03:00,1.0781,1.0784,1.0774,1.0776,708
2023.06.09,07:00,1.0777,1.0783,1.0766,1.0774,993
2023.06.09,11:00,1.0773,1.078,1.0755,1.0772,1053
2023.06.09,15:00,1.0773,1.0783,1.0745,1.0747,1987
2023.06.09,19:00,1.0748,1.0751,1.0742,1.0743,636
2023.06.09,23:00,1.0744,1.0749,1.0743,1.0748,95
2023.06.10,19:00,1.0748,1.0748,1.0748,1.0748,4
2023.06.11,11:00,1.0748,1.0748,1.0748,1.0748,1
2023.06.11,15:00,1.0748,1.0748,1.0748,1.0748,1
2023.06.11,23:00,1.0747,1.075,1.0742,1.0749,255
2023.06.12,03:00,1.0748,1.0748,1.0732,1.074,614
2023.06.12,07:00,1.0739,1.0771,1.0738,1.0768,951
2023.06.12,11:00,1.0767,1.0789,1.076,1.0761,1451
2023.06.12,15:00,1.0762,1.077,1.0742,1.0745,1484
2023.06.12,19:00,1.0744,1.0762,1.0742,1.0759,735
2023.06.12,23:00,1.0758,1.0763,1.0752,1.0761,242
2023.06.13,03:00,1.0762,1.0779,1.0758,1.0778,549
2023.06.13,07:00,1.0777,1.0806,1.0775,1.0798,1195
2023.06.13,11:00,1.0797,1.0809,1.0791,1.0793,1112
2023.06.13,15:00,1.0794,1.0822,1.0777,1.079,2500
2023.06.13,19:00,1.0789,1.0803,1.0782,1.079,807
2023.06.13,23:00,1.0789,1.0794,1.0787,1.0788,320
2023.06.14,03:00,1.0789,1.0795,1.0784,1.0789,725
2023.06.14,07:00,1.0788,1.0795,1.0773,1.0788,825
2023.06.14,11:00,1.0787,1.0809,1.0785,1.0802,831
2023.06.14,15:00,1.0803,1.0857,1.0802,1.0857,1573
2023.06.14,19:00,1.0856,1.0863,1.08,1.0825,2630
2023.06.14,23:00,1.0824,1.0841,1.0823,1.0841,441
2023.06.15,03:00,1.0842,1.0843,1.0807,1.0812,861
2023.06.15,07:00,1.0811,1.0828,1.0802,1.0826,1069
2023.06.15,11:00,1.0825,1.0848,1.0817,1.0817,1108
2023.06.15,15:00,1.0816,1.0935,1.0814,1.0932,3364
2023.06.15,19:00,1.0933,1.0952,1.0931,1.0947,812
2023.06.15,23:00,1.0946,1.095,1.094,1.0945,309
2023.06.16,03:00,1.0944,1.095,1.0935,1.0937,827
2023.06.16,07:00,1.0936,1.0961,1.0933,1.0942,1149
2023.06.16,11:00,1.0941,1.0965,1.0937,1.096,1450
2023.06.16,15:00,1.0959,1.097,1.0917,1.0923,2436
2023.06.16,19:00,1.0924,1.0945,1.0924,1.0934,791
2023.06.16,23:00,1.0935,1.0941,1.0934,1.094,108
2023.06.18,03:00,1.094,1.094,1.094,1.094,5
2023.06.18,07:00,1.094,1.094,1.094,1.094,1
2023.06.18,19:00,1.094,1.094,1.094,1.094,3
2023.06.18,23:00,1.0936,1.0942,1.0934,1.0939,234
2023.06.19,03:00,1.094,1.0945,1.0933,1.0936,673
2023.06.19,07:00,1.0935,1.094,1.0924,1.0928,1007
2023.06.19,11:00,1.0929,1.0938,1.0906,1.092,1094
2023.06.19,15:00,1.0921,1.0928,1.0911,1.0921,1120
2023.06.19,19:00,1.0922,1.0925,1.0915,1.0918,243
2023.06.19,23:00,1.0917,1.0925,1.0917,1.0923,269
2023.06.20,03:00,1.0922,1.0925,1.091,1.0919,836
2023.06.20,07:00,1.092,1.0945,1.0911,1.0943,1188
2023.06.20,11:00,1.0944,1.0944,1.0921,1.0928,1121
2023.06.20,15:00,1.0929,1.0935,1.0891,1.0899,2316
2023.06.20,19:00,1.09,1.0917,1.0895,1.0912,793
2023.06.20,23:00,1.0911,1.0921,1.0911,1.0919,311
2023.06.21,03:00,1.0918,1.092,1.0911,1.0914,973
2023.06.21,07:00,1.0915,1.0919,1.0905,1.0912,1495
2023.06.21,11:00,1.0911,1.0933,1.0908,1.0923,1260
2023.06.21,15:00,1.0924,1.0963,1.0907,1.095,2486
2023.06.21,19:00,1.0949,1.0989,1.0949,1.0987,1065
2023.06.21,23:00,1.0988,1.0991,1.0983,1.0991,425
2023.06.22,03:00,1.099,1.0994,1.0986,1.0992,491
2023.06.22,07:00,1.0993,1.0999,1.0979,1.0994,1156
2023.06.22,11:00,1.0995,1.1011,1.0986,1.0988,1627
2023.06.22,15:00,1.0989,1.1001,1.0951,1.0951,2355
2023.06.22,19:00,1.095,1.0961,1.0948,1.0957,801
2023.06.22,23:00,1.0958,1.0958,1.0952,1.0955,399
2023.06.23,03:00,1.0954,1.0958,1.0931,1.0935,751
2023.06.23,07:00,1.0936,1.0936,1.0853,1.0869,1988
2023.06.23,11:00,1.0868,1.0878,1.0843,1.0875,1689
2023.06.23,15:00,1.0876,1.0902,1.0875,1.0885,2491
2023.06.23,19:00,1.0886,1.0895,1.0882,1.089,816
2023.06.23,23:00,1.0889,1.0894,1.0889,1.0894,62
2023.06.24,15:00,1.0894,1.0894,1.0894,1.0894,4
2023.06.24,19:00,1.0894,1.0894,1.0894,1.0894,4
2023.06.24,23:00,1.0894,1.0894,1.0894,1.0894,1
2023.06.25,23:00,1.0894,1.0906,1.0894,1.0905,341
2023.06.26,03:00,1.0906,1.0909,1.0898,1.0905,919
2023.06.26,07:00,1.0904,1.091,1.0895,1.0901,1335
2023.06.26,11:00,1.09,1.0917,1.0887,1.0916,1174
2023.06.26,15:00,1.0915,1.0919,1.0902,1.0908,1394
2023.06.26,19:00,1.0909,1.0914,1.0899,1.0905,956
2023.06.26,23:00,1.0906,1.0911,1.0903,1.0909,253
2023.06.27,03:00,1.0908,1.0934,1.0901,1.0926,985
2023.06.27,07:00,1.0925,1.0941,1.0915,1.0938,1033
2023.06.27,11:00,1.0937,1.0952,1.0925,1.0944,1272
2023.06.27,15:00,1.0943,1.0976,1.0941,1.0959,2621
2023.06.27,19:00,1.096,1.0965,1.0954,1.0962,767
2023.06.27,23:00,1.0961,1.0962,1.0954,1.0957,298
2023.06.28,03:00,1.0956,1.0961,1.0941,1.095,901
2023.06.28,07:00,1.0951,1.0956,1.0935,1.0952,1195
2023.06.28,11:00,1.0953,1.0961,1.0937,1.094,1552
2023.06.28,15:00,1.0941,1.0944,1.0896,1.0902,2537
2023.06.28,19:00,1.0903,1.0923,1.0902,1.0915,693
2023.06.28,23:00,1.0914,1.0918,1.091,1.0914,205
2023.06.29,03:00,1.0915,1.0915,1.089,1.0892,1042
2023.06.29,07:00,1.0891,1.092,1.088,1.0915,1329
2023.06.29,11:00,1.0916,1.0939,1.091,1.0938,1161
2023.06.29,15:00,1.0937,1.094,1.0859,1.0879,3061
2023.06.29,19:00,1.088,1.0883,1.0865,1.0868,956
2023.06.29,23:00,1.0867,1.0869,1.0862,1.0867,292
2023.06.30,03:00,1.0868,1.0875,1.0859,1.087,913
2023.06.30,07:00,1.0871,1.0875,1.0853,1.0856,1225
2023.06.30,11:00,1.0855,1.0858,1.0834,1.0853,1299
2023.06.30,15:00,1.0855,1.0931,1.0852,1.0918,2916
2023.06.30,19:00,1.0919,1.0922,1.0908,1.0912,1222
2023.06.30,23:00,1.0911,1.0912,1.0907,1.091,147
2023.07.02,19:00,1.091,1.091,1.091,1.091,4
2023.07.02,23:00,1.091,1.0913,1.0906,1.0907,180
2023.07.03,03:00,1.0906,1.0917,1.09,1.0912,644
2023.07.03,07:00,1.0913,1.0917,1.0869,1.0874,1133
2023.07.03,11:00,1.0873,1.0904,1.0872,1.0898,1364
2023.07.03,15:00,1.0899,1.0933,1.0893,1.0917,2748
2023.07.03,19:00,1.0916,1.092,1.0908,1.0908,599
2023.07.03,23:00,1.0909,1.0915,1.0908,1.0912,146
2023.07.04,03:00,1.0911,1.0915,1.0902,1.0904,522
2023.07.04,07:00,1.0903,1.0914,1.0893,1.0902,976
2023.07.04,11:00,1.0901,1.0904,1.0889,1.0897,1004
2023.07.04,15:00,1.0898,1.0906,1.0893,1.09,681
2023.07.04,19:00,1.0899,1.09,1.088,1.0882,301
2023.07.04,23:00,1.0881,1.0886,1.0876,1.0882,279
2023.07.05,03:00,1.0884,1.089,1.0874,1.0877,600
2023.07.05,07:00,1.0876,1.0907,1.0867,1.0885,1452
2023.07.05,11:00,1.0886,1.0895,1.0865,1.0878,1747
2023.07.05,15:00,1.0879,1.0901,1.0864,1.0866,2036
2023.07.05,19:00,1.0865,1.0866,1.085,1.0854,790
2023.07.05,23:00,1.0855,1.0858,1.0851,1.0855,291
2023.07.06,03:00,1.0854,1.0855,1.0839,1.0839,696
2023.07.06,07:00,1.084,1.0874,1.0833,1.0855,1514
2023.07.06,11:00,1.0854,1.0897,1.0845,1.0894,1831
2023.07.06,15:00,1.0893,1.09,1.0833,1.0871,3999
2023.07.06,19:00,1.0872,1.0888,1.087,1.0887,939
2023.07.06,23:00,1.0886,1.0894,1.0884,1.0889,210
2023.07.07,03:00,1.089,1.0891,1.0882,1.0887,524
2023.07.07,07:00,1.0888,1.0899,1.0871,1.0875,1360
2023.07.07,11:00,1.0874,1.0896,1.0866,1.0887,1908
2023.07.07,15:00,1.0888,1.0963,1.0874,1.0962,3873
2023.07.07,19:00,1.0963,1.0972,1.0962,1.0966,866
2023.07.07,23:00,1.0967,1.0968,1.0964,1.0966,65
2023.07.09,23:00,1.096,1.0969,1.096,1.0966,416
2023.07.10,03:00,1.0967,1.0968,1.0952,1.0955,996
2023.07.10,07:00,1.0956,1.0965,1.0944,1.0954,1274
2023.07.10,11:00,1.0955,1.0972,1.0952,1.0953,1323
2023.07.10,15:00,1.0954,1.0992,1.0943,1.0989,2142
2023.07.10,19:00,1.099,1.0999,1.0982,1.0997,945
2023.07.10,23:00,1.0996,1.1005,1.0996,1.1005,221
2023.07.11,03:00,1.1004,1.1019,1.1001,1.1016,824
2023.07.11,07:00,1.1017,1.1026,1.1005,1.1007,1544
2023.07.11,11:00,1.1006,1.1015,1.0982,1.0983,1580
2023.07.11,15:00,1.0984,1.0994,1.0976,1.0991,1854
2023.07.11,19:00,1.0992,1.1008,1.099,1.1005,665
2023.07.11,23:00,1.1006,1.1013,1.1004,1.1013,238
2023.07.12,03:00,1.1012,1.1033,1.1011,1.1029,1101
2023.07.12,07:00,1.1028,1.1036,1.102,1.1027,1328
2023.07.12,11:00,1.1026,1.103,1.1013,1.1014,1326
2023.07.12,15:00,1.1015,1.1124,1.1015,1.1121,3787
2023.07.12,19:00,1.1122,1.1139,1.1119,1.1136,1551
2023.07.12,23:00,1.1135,1.114,1.1128,1.114,480
2023.07.13,03:00,1.1139,1.1148,1.1136,1.1145,987
2023.07.13,07:00,1.1144,1.1157,1.1129,1.1154,1663
2023.07.13,11:00,1.1155,1.1177,1.1149,1.1174,1728
2023.07.13,15:00,1.1173,1.1196,1.1161,1.1192,2972
2023.07.13,19:00,1.1193,1.1226,1.1191,1.1225,989
2023.07.13,23:00,1.1224,1.1229,1.1213,1.1223,531
2023.07.14,03:00,1.1222,1.1242,1.1213,1.124,1130
2023.07.14,07:00,1.1239,1.1239,1.1204,1.1221,1343
2023.07.14,11:00,1.122,1.1244,1.1215,1.1223,1485
2023.07.14,15:00,1.1224,1.1243,1.1209,1.1235,2883
2023.07.14,19:00,1.1236,1.1242,1.1225,1.1225,1086
2023.07.14,23:00,1.1226,1.1228,1.1224,1.1228,96
2023.07.15,15:00,1.1228,1.1228,1.1228,1.1228,2
2023.07.16,03:00,1.1228,1.1228,1.1228,1.1228,6
2023.07.16,19:00,1.1228,1.1228,1.1228,1.1228,11
2023.07.16,23:00,1.1227,1.1232,1.1223,1.1226,295
2023.07.17,03:00,1.1227,1.1229,1.1214,1.1226,874
2023.07.17,07:00,1.1225,1.1244,1.1221,1.1244,1205
2023.07.17,11:00,1.1243,1.1248,1.1228,1.1233,1295
2023.07.17,15:00,1.1234,1.1237,1.1202,1.1234,2162
2023.07.17,19:00,1.1235,1.1245,1.1229,1.1243,617
2023.07.17,23:00,1.1242,1.1243,1.1234,1.1236,356
2023.07.18,03:00,1.1237,1.1255,1.1234,1.1253,1032
2023.07.18,07:00,1.1254,1.1275,1.124,1.1253,1706
2023.07.18,11:00,1.1252,1.1259,1.1227,1.1253,1758
2023.07.18,15:00,1.1254,1.1269,1.1216,1.1221,3863
2023.07.18,19:00,1.1222,1.123,1.1208,1.1229,1023
2023.07.18,23:00,1.123,1.1232,1.1224,1.1227,514
2023.07.19,03:00,1.1228,1.1232,1.1215,1.1225,996
2023.07.19,07:00,1.1226,1.1236,1.1195,1.1226,2037
2023.07.19,11:00,1.1225,1.1239,1.1209,1.1212,1630
2023.07.19,15:00,1.1213,1.1224,1.1174,1.1193,2536
2023.07.19,19:00,1.1194,1.1204,1.1179,1.1203,927
2023.07.19,23:00,1.1202,1.1204,1.1196,1.1204,354
2023.07.20,03:00,1.1205,1.1228,1.1203,1.1225,1025
2023.07.20,07:00,1.1226,1.1226,1.1197,1.1205,1422
2023.07.20,11:00,1.1204,1.1216,1.1198,1.1206,1464
2023.07.20,15:00,1.1205,1.1206,1.1131,1.1134,2714
2023.07.20,19:00,1.1135,1.1138,1.1118,1.1131,1025
2023.07.20,23:00,1.113,1.1137,1.1128,1.1134,442
2023.07.21,03:00,1.1133,1.1141,1.1129,1.1135,981
2023.07.21,07:00,1.1134,1.1144,1.1124,1.1127,1578
2023.07.21,11:00,1.1126,1.1137,1.1116,1.1117,1990
2023.07.21,15:00,1.1118,1.1137,1.1107,1.1119,2152
2023.07.21,19:00,1.1118,1.1129,1.1115,1.1125,948
2023.07.21,23:00,1.1124,1.1128,1.1124,1.1125,162
2023.07.23,07:00,1.1125,1.1125,1.1125,1.1125,1
2023.07.23,23:00,1.1125,1.1131,1.1123,1.1123,436
2023.07.24,03:00,1.1124,1.1132,1.1119,1.1125,906
2023.07.24,07:00,1.1124,1.1146,1.1074,1.108,1823
2023.07.24,11:00,1.1081,1.1108,1.1065,1.1096,2201
2023.07.24,15:00,1.1097,1.1103,1.1068,1.1081,2419
2023.07.24,19:00,1.1082,1.1084,1.1059,1.1059,806
2023.07.24,23:00,1.106,1.1068,1.1059,1.1062,318
2023.07.25,03:00,1.1063,1.1081,1.1062,1.1077,1025
2023.07.25,07:00,1.1076,1.1086,1.1068,1.107,1463
2023.07.25,11:00,1.1069,1.107,1.1039,1.1048,1574
2023.07.25,15:00,1.1049,1.1053,1.102,1.1048,1707
2023.07.25,19:00,1.1049,1.1054,1.1034,1.1051,965
2023.07.25,23:00,1.1052,1.1057,1.1048,1.1049,398
2023.07.26,03:00,1.105,1.1052,1.1037,1.1049,868
2023.07.26,07:00,1.1048,1.1074,1.1045,1.1069,1310
2023.07.26,11:00,1.1068,1.1085,1.1059,1.1062,1327
2023.07.26,15:00,1.1061,1.1079,1.1056,1.1076,2005
2023.07.26,19:00,1.1075,1.1106,1.1056,1.1096,3426
2023.07.26,23:00,1.1095,1.1096,1.1077,1.1077,419
2023.07.27,03:00,1.1078,1.1117,1.1077,1.1099,964
2023.07.27,07:00,1.11,1.1133,1.1087,1.1128,1290
2023.07.27,11:00,1.1127,1.1149,1.1124,1.1138,1546
2023.07.27,15:00,1.1137,1.1138,1.0983,1.0996,5164
2023.07.27,19:00,1.0997,1.1009,1.0965,1.0966,2287
2023.07.27,23:00,1.0965,1.0983,1.0965,1.0977,328
2023.07.28,03:00,1.0978,1.0987,1.0971,1.0976,1511
2023.07.28,07:00,1.0977,1.099,1.0943,1.0951,2933
2023.07.28,11:00,1.0952,1.1017,1.0947,1.1008,1900
2023.07.28,15:00,1.1009,1.1046,1.0992,1.1037,3596
2023.07.28,19:00,1.1038,1.1042,1.1014,1.1022,1075
2023.07.28,23:00,1.1021,1.1023,1.1014,1.1016,226
2023.07.30,23:00,1.102,1.1027,1.1017,1.1023,398
2023.07.31,03:00,1.1022,1.1027,1.1008,1.1012,1340
2023.07.31,07:00,1.1011,1.1028,1.1004,1.1019,1621
2023.07.31,11:00,1.1018,1.1039,1.1011,1.1026,1633
2023.07.31,15:00,1.1025,1.1045,1.1011,1.1018,2304
2023.07.31,19:00,1.1019,1.1019,1.0993,1.0994,952
2023.07.31,23:00,1.0995,1.1002,1.0993,1.0996,335
2023.08.01,03:00,1.0997,1.1001,1.0979,1.0985,749
2023.08.01,07:00,1.0984,1.0999,1.0969,1.0979,1162
2023.08.01,11:00,1.0978,1.0986,1.0965,1.0975,1511
2023.08.01,15:00,1.0974,1.0988,1.0951,1.097,2486
2023.08.01,19:00,1.0969,1.0984,1.0962,1.0981,988
2023.08.01,23:00,1.098,1.1019,1.098,1.1007,960
2023.08.02,03:00,1.1006,1.1006,1.0979,1.0986,1063
2023.08.02,07:00,1.0987,1.1,1.0981,1.099,1462
2023.08.02,11:00,1.0989,1.0992,1.0968,1.0977,1888
2023.08.02,15:00,1.0978,1.0986,1.0917,1.0937,2717
2023.08.02,19:00,1.0938,1.0957,1.0934,1.0938,837
2023.08.02,23:00,1.0939,1.0945,1.0934,1.0942,420
2023.08.03,03:00,1.0941,1.0948,1.093,1.0934,932
2023.08.03,07:00,1.0933,1.0942,1.0913,1.0918,1622
2023.08.03,11:00,1.0917,1.0948,1.0911,1.0934,1969
2023.08.03,15:00,1.0933,1.0955,1.0915,1.0946,3315
2023.08.03,19:00,1.0945,1.0962,1.0938,1.0943,787
2023.08.03,23:00,1.0944,1.0953,1.0942,1.095,446
2023.08.04,03:00,1.0951,1.0961,1.0946,1.0953,1185
2023.08.04,07:00,1.0954,1.0957,1.0943,1.0947,1428
2023.08.04,11:00,1.0946,1.0952,1.0934,1.0937,1319
2023.08.04,15:00,1.0936,1.1041,1.0934,1.1034,4151
2023.08.04,19:00,1.1035,1.1038,1.1003,1.1006,1252
2023.08.04,23:00,1.1005,1.1011,1.1003,1.1011,112
2023.08.06,07:00,1.1011,1.1011,1.1011,1.1011,5
2023.08.06,23:00,1.1013,1.1016,1.1,1.1002,403
2023.08.07,03:00,1.1001,1.1011,1.0994,1.0995,736
2023.08.07,07:00,1.0994,1.0996,1.097,1.0992,1335
2023.08.07,11:00,1.0991,1.0991,1.0964,1.0983,1102
2023.08.07,15:00,1.0984,1.1011,1.0979,1.0998,1445
2023.08.07,19:00,1.0997,1.1009,1.0991,1.1003,1069
2023.08.07,23:00,1.1002,1.1006,1.0998,1.1002,271
2023.08.08,03:00,1.1003,1.1004,1.0976,1.0981,1301
2023.08.08,07:00,1.098,1.101,1.0973,1.0976,1493
2023.08.08,11:00,1.0975,1.0986,1.0936,1.0941,1793
2023.08.08,15:00,1.094,1.0955,1.0928,1.0949,2562
2023.08.08,19:00,1.095,1.0961,1.0947,1.0956,795
2023.08.08,23:00,1.0957,1.0959,1.0951,1.0958,301
2023.08.09,03:00,1.0959,1.097,1.0954,1.0966,854
2023.08.09,07:00,1.0965,1.0984,1.0962,1.0983,1364
2023.08.09,11:00,1.0984,1.0988,1.0969,1.0969,1534
2023.08.09,15:00,1.0968,1.0994,1.0961,1.0973,2093
2023.08.09,19:00,1.0974,1.0991,1.0972,1.0973,920
2023.08.09,23:00,1.0974,1.0981,1.097,1.0976,334
2023.08.10,03:00,1.0975,1.0981,1.0966,1.0978,867
2023.08.10,07:00,1.0979,1.1018,1.0978,1.1007,1226
2023.08.10,11:00,1.1008,1.1029,1.1007,1.1016,1123
2023.08.10,15:00,1.1015,1.1064,1.1007,1.1014,4521
2023.08.10,19:00,1.1015,1.1018,1.0975,1.0978,2017
2023.08.10,23:00,1.0979,1.0984,1.0977,1.0981,396
2023.08.11,03:00,1.098,1.0997,1.0979,1.0986,803
2023.08.11,07:00,1.0987,1.1001,1.0983,1.0992,1304
2023.08.11,11:00,1.0991,1.1002,1.0975,1.0996,1434
2023.08.11,15:00,1.0997,1.1004,1.095,1.0955,3472
2023.08.11,19:00,1.0956,1.0964,1.0942,1.0946,772
2023.08.11,23:00,1.0945,1.0948,1.0944,1.0947,111
2023.08.12,07:00,1.0947,1.0947,1.0947,1.0947,1
2023.08.13,03:00,1.0947,1.0947,1.0947,1.0947,6
2023.08.13,07:00,1.0947,1.0947,1.0947,1.0947,1
2023.08.13,11:00,1.0947,1.0947,1.0947,1.0947,7
2023.08.13,23:00,1.095,1.0953,1.0939,1.0942,311
2023.08.14,03:00,1.0943,1.0946,1.0928,1.0931,1165
2023.08.14,07:00,1.0932,1.0955,1.0925,1.0951,1323
2023.08.14,11:00,1.095,1.0959,1.0936,1.0938,1291
2023.08.14,15:00,1.0939,1.094,1.0874,1.092,2887
2023.08.14,19:00,1.0921,1.0935,1.0902,1.0902,1007
2023.08.14,23:00,1.0903,1.0908,1.0902,1.0907,422
2023.08.15,03:00,1.0908,1.0917,1.09,1.0914,1129
2023.08.15,07:00,1.0913,1.093,1.0905,1.0923,1578
2023.08.15,11:00,1.0922,1.0944,1.0917,1.0928,1959
2023.08.15,15:00,1.0929,1.0951,1.0896,1.0926,3629
2023.08.15,19:00,1.0927,1.0927,1.0898,1.0905,915
2023.08.15,23:00,1.0904,1.0908,1.0901,1.0903,491
2023.08.16,03:00,1.0902,1.0911,1.0898,1.0906,1051
2023.08.16,07:00,1.0905,1.0926,1.0905,1.0922,1549
2023.08.16,11:00,1.0923,1.0934,1.0906,1.0913,1451
2023.08.16,15:00,1.0912,1.0922,1.0895,1.0901,2725
2023.08.16,19:00,1.0902,1.0904,1.0871,1.0874,2041
2023.08.16,23:00,1.0873,1.089,1.0873,1.0874,358
2023.08.17,03:00,1.0873,1.0874,1.0861,1.0863,1121
2023.08.17,07:00,1.0862,1.0886,1.0862,1.0879,1600
2023.08.17,11:00,1.0878,1.0895,1.0863,1.0894,1809
2023.08.17,15:00,1.0893,1.0917,1.0866,1.0873,2830
2023.08.17,19:00,1.0874,1.0889,1.0855,1.0871,1703
2023.08.17,23:00,1.087,1.0875,1.0865,1.0874,452
2023.08.18,03:00,1.0873,1.0893,1.0871,1.0885,1168
2023.08.18,07:00,1.0886,1.0887,1.0863,1.0872,1798
2023.08.18,11:00,1.0873,1.0876,1.0859,1.0862,1459
2023.08.18,15:00,1.0863,1.0881,1.0844,1.0873,2565
2023.08.18,19:00,1.0872,1.088,1.0867,1.0872,1095
2023.08.18,23:00,1.0871,1.0873,1.0868,1.0872,149
2023.08.19,03:00,1.0872,1.0872,1.0872,1.0872,2
2023.08.20,11:00,1.0872,1.0872,1.0872,1.0872,6
2023.08.20,19:00,1.0872,1.0872,1.0872,1.0872,6
2023.08.20,23:00,1.087,1.0878,1.087,1.0874,255
2023.08.21,03:00,1.0875,1.0883,1.0869,1.088,966
2023.08.21,07:00,1.0879,1.0888,1.0872,1.0888,1543
2023.08.21,11:00,1.0887,1.0913,1.0881,1.0908,1280
2023.08.21,15:00,1.0909,1.0912,1.0874,1.0887,2185
2023.08.21,19:00,1.0888,1.0903,1.0888,1.0895,768
2023.08.21,23:00,1.0894,1.0901,1.0892,1.0897,265
2023.08.22,03:00,1.0898,1.0915,1.0892,1.0914,755
2023.08.22,07:00,1.0915,1.0929,1.0904,1.0925,1096
2023.08.22,11:00,1.0924,1.0928,1.088,1.0884,1434
2023.08.22,15:00,1.0885,1.089,1.0832,1.0845,2460
2023.08.22,19:00,1.0844,1.0854,1.0843,1.0845,833
2023.08.22,23:00,1.0844,1.0848,1.0843,1.0846,303
2023.08.23,03:00,1.0845,1.0859,1.0844,1.0857,827
2023.08.23,07:00,1.0856,1.0871,1.0811,1.0817,1747
2023.08.23,11:00,1.0818,1.0829,1.0803,1.081,1685
2023.08.23,15:00,1.0811,1.0862,1.0802,1.086,2919
2023.08.23,19:00,1.0861,1.0869,1.0855,1.0863,1291
2023.08.23,23:00,1.0862,1.0867,1.086,1.0865,500
2023.08.24,03:00,1.0864,1.0874,1.0858,1.0865,808
2023.08.24,07:00,1.0864,1.0876,1.0851,1.0855,1232
2023.08.24,11:00,1.0854,1.0863,1.0841,1.0842,1182
2023.08.24,15:00,1.0841,1.0848,1.0813,1.0825,2767
2023.08.24,19:00,1.0824,1.0827,1.0805,1.0805,766
2023.08.24,23:00,1.0804,1.0815,1.0792,1.0798,355
2023.08.25,03:00,1.0797,1.0803,1.0779,1.078,794
2023.08.25,07:00,1.0781,1.0791,1.0768,1.077,988
2023.08.25,11:00,1.0771,1.081,1.0765,1.0801,1433
2023.08.25,15:00,1.0802,1.0841,1.0765,1.0785,3577
2023.08.25,19:00,1.0786,1.0812,1.0785,1.0802,1248
2023.08.25,23:00,1.0801,1.0802,1.0791,1.0793,101
2023.08.26,07:00,1.0793,1.0793,1.0793,1.0793,2
2023.08.26,23:00,1.0793,1.0793,1.0793,1.0793,3
2023.08.27,15:00,1.0793,1.0793,1.0793,1.0793,5
2023.08.27,23:00,1.0796,1.08,1.0793,1.0796,212
2023.08.28,03:00,1.0795,1.0809,1.0795,1.0809,871
2023.08.28,07:00,1.0808,1.082,1.0804,1.0808,807
2023.08.28,11:00,1.0809,1.0821,1.0798,1.0804,927
2023.08.28,15:00,1.0803,1.0813,1.0798,1.0808,1992
2023.08.28,19:00,1.0809,1.0819,1.0803,1.0817,725
2023.08.28,23:00,1.0816,1.0829,1.0813,1.0825,262
2023.08.29,03:00,1.0826,1.0837,1.0821,1.0835,770
2023.08.29,07:00,1.0834,1.0835,1.0807,1.082,857
2023.08.29,11:00,1.0819,1.0822,1.0803,1.0803,1476
2023.08.29,15:00,1.0804,1.0856,1.0781,1.0849,3240
2023.08.29,19:00,1.085,1.0891,1.0846,1.0884,1488
2023.08.29,23:00,1.0883,1.0885,1.0868,1.0868,491
2023.08.30,03:00,1.0869,1.0871,1.0863,1.0868,1016
2023.08.30,07:00,1.0867,1.0876,1.0855,1.0863,1636
2023.08.30,11:00,1.0864,1.0893,1.0854,1.0878,1434
2023.08.30,15:00,1.0877,1.0945,1.0874,1.0925,3195
2023.08.30,19:00,1.0924,1.0932,1.0916,1.0921,1222
2023.08.30,23:00,1.092,1.0931,1.092,1.0929,361
2023.08.31,03:00,1.0928,1.0939,1.0919,1.092,867
2023.08.31,07:00,1.0919,1.0924,1.0889,1.0892,1283
2023.08.31,11:00,1.0891,1.0892,1.0857,1.0868,1689
2023.08.31,15:00,1.0867,1.0884,1.0836,1.0838,3288
2023.08.31,19:00,1.0837,1.0853,1.0834,1.0843,903
2023.08.31,23:00,1.0842,1.0846,1.084,1.0841,440
2023.09.01,03:00,1.0842,1.0853,1.0835,1.0841,1030
2023.09.01,07:00,1.084,1.0859,1.0828,1.0855,1399
2023.09.01,11:00,1.0856,1.0856,1.0832,1.0832,1456
2023.09.01,15:00,1.0833,1.0881,1.0785,1.0786,4581
2023.09.01,19:00,1.0785,1.0788,1.0771,1.0774,874
2023.09.01,23:00,1.0775,1.0776,1.0772,1.0773,53
2023.09.02,19:00,1.0773,1.0773,1.0773,1.0773,8
2023.09.03,23:00,1.0777,1.0781,1.0771,1.0775,204
2023.09.04,03:00,1.0774,1.0786,1.0772,1.0785,578
2023.09.04,07:00,1.0784,1.0806,1.078,1.0794,888
2023.09.04,11:00,1.0795,1.0808,1.079,1.0799,1103
2023.09.04,15:00,1.08,1.0804,1.0782,1.0798,963
2023.09.04,19:00,1.0799,1.0799,1.0791,1.0793,193
2023.09.04,23:00,1.0794,1.0797,1.079,1.079,161
2023.09.05,03:00,1.0791,1.0797,1.078,1.0788,642
2023.09.05,07:00,1.0787,1.0793,1.0754,1.0755,1499
2023.09.05,11:00,1.0756,1.0758,1.0728,1.0732,1700
2023.09.05,15:00,1.0733,1.0748,1.0706,1.0726,2871
2023.09.05,19:00,1.0725,1.0731,1.0718,1.0721,819
2023.09.05,23:00,1.072,1.0727,1.0718,1.0724,221
2023.09.06,03:00,1.0725,1.0733,1.0713,1.0732,880
2023.09.06,07:00,1.0733,1.0747,1.0723,1.0728,1456
2023.09.06,11:00,1.0727,1.0748,1.0723,1.0743,1508
2023.09.06,15:00,1.0742,1.0745,1.0702,1.0712,2906
2023.09.06,19:00,1.0711,1.0729,1.071,1.0726,926
2023.09.06,23:00,1.0725,1.0727,1.0721,1.0723,271
2023.09.07,03:00,1.0722,1.0731,1.0718,1.0729,672
2023.09.07,07:00,1.0728,1.0729,1.0707,1.0715,1036
2023.09.07,11:00,1.0714,1.0717,1.0702,1.0704,1095
2023.09.07,15:00,1.0703,1.071,1.0685,1.0703,2613
2023.09.07,19:00,1.0702,1.0709,1.0693,1.0694,771
2023.09.07,23:00,1.0695,1.0699,1.0693,1.0697,236
2023.09.08,03:00,1.0696,1.0722,1.0696,1.0716,994
2023.09.08,07:00,1.0715,1.0727,1.0707,1.0708,1241
2023.09.08,11:00,1.0707,1.0716,1.0693,1.0698,1307
2023.09.08,15:00,1.0697,1.0743,1.0697,1.0708,2043
2023.09.08,19:00,1.0707,1.0713,1.0696,1.0698,792
2023.09.08,23:00,1.0699,1.0702,1.0698,1.07,130
2023.09.10,11:00,1.07,1.07,1.07,1.07,5
2023.09.10,23:00,1.0714,1.072,1.0707,1.0715,534
2023.09.11,03:00,1.0716,1.0727,1.0709,1.0722,1229
2023.09.11,07:00,1.0721,1.074,1.0721,1.0725,1832
2023.09.11,11:00,1.0726,1.0733,1.0717,1.0719,1439
2023.09.11,15:00,1.0718,1.0758,1.0715,1.0742,2169
2023.09.11,19:00,1.0743,1.0757,1.0742,1.0748,879
2023.09.11,23:00,1.0749,1.0752,1.0745,1.0747,309
2023.09.12,03:00,1.0746,1.0768,1.0737,1.0746,1102
2023.09.12,07:00,1.0745,1.0746,1.0711,1.0713,1197
2023.09.12,11:00,1.0712,1.0725,1.0708,1.0717,1434
2023.09.12,15:00,1.0716,1.0729,1.0705,1.0725,1850
2023.09.12,19:00,1.0726,1.0737,1.0721,1.0727,848
2023.09.12,23:00,1.0728,1.0764,1.0727,1.0752,471
2023.09.13,03:00,1.0753,1.0764,1.0744,1.0746,986
2023.09.13,07:00,1.0747,1.0754,1.073,1.0742,1114
2023.09.13,11:00,1.0743,1.0744,1.0728,1.0736,1462
2023.09.13,15:00,1.0735,1.076,1.071,1.0735,3861
2023.09.13,19:00,1.0736,1.0748,1.0727,1.0731,924
2023.09.13,23:00,1.073,1.0734,1.0728,1.0732,381
2023.09.14,03:00,1.0733,1.0746,1.0729,1.0744,958
2023.09.14,07:00,1.0743,1.0751,1.0732,1.0733,991
2023.09.14,11:00,1.0732,1.0739,1.0724,1.073,1472
2023.09.14,15:00,1.0729,1.0747,1.0653,1.0658,4823
2023.09.14,19:00,1.0659,1.0662,1.0631,1.0642,1190
2023.09.14,23:00,1.0641,1.0646,1.0638,1.0639,160
2023.09.14,23:00,1.0641,1.0646,1.0634,1.0634,310
2023.09.15,03:00,1.0635,1.0647,1.0632,1.0647,890
2023.09.15,07:00,1.0646,1.0667,1.0644,1.0663,1137
2023.09.15,11:00,1.0664,1.0668,1.0652,1.0654,988
2023.09.15,15:00,1.0653,1.0687,1.0644,1.0671,2467
2023.09.15,19:00,1.0672,1.0679,1.0659,1.0659,716
2023.09.15,23:00,1.066,1.0662,1.0656,1.0662,119
2023.09.17,07:00,1.0662,1.0662,1.0662,1.0662,1
2023.09.17,11:00,1.0662,1.0662,1.0662,1.0662,8
2023.09.17,19:00,1.0662,1.0662,1.0662,1.0662,1
2023.09.17,23:00,1.066,1.0668,1.066,1.0667,201
2023.09.18,03:00,1.0668,1.0673,1.066,1.0663,562
2023.09.18,07:00,1.0662,1.0677,1.0657,1.0661,782
2023.09.18,11:00,1.066,1.0674,1.0655,1.0663,1028
2023.09.18,15:00,1.0662,1.0698,1.0654,1.0693,1883
2023.09.18,19:00,1.0694,1.0697,1.0677,1.0686,711
2023.09.18,23:00,1.0687,1.0693,1.0684,1.0691,238
2023.09.19,03:00,1.0692,1.0696,1.068,1.0682,493
2023.09.19,07:00,1.0683,1.0694,1.0674,1.0693,775
2023.09.19,11:00,1.0692,1.0709,1.0681,1.0708,1079
2023.09.19,15:00,1.0707,1.0717,1.0679,1.0682,2026
2023.09.19,19:00,1.0681,1.0691,1.0675,1.068,820
2023.09.19,23:00,1.0679,1.0683,1.0678,1.068,287
2023.09.20,03:00,1.0681,1.0689,1.0677,1.0679,719
2023.09.20,07:00,1.0678,1.0692,1.0672,1.069,1316
2023.09.20,11:00,1.0689,1.0704,1.0689,1.0701,1008
2023.09.20,15:00,1.0702,1.0726,1.0691,1.0713,1439
2023.09.20,19:00,1.0714,1.0736,1.0657,1.0658,3306
2023.09.20,23:00,1.0657,1.0663,1.0647,1.0649,454
2023.09.21,03:00,1.0648,1.0649,1.0616,1.0636,929
2023.09.21,07:00,1.0635,1.0657,1.0632,1.0654,1199
2023.09.21,11:00,1.0655,1.0664,1.0633,1.0635,1946
2023.09.21,15:00,1.0634,1.0673,1.0624,1.0662,3010
2023.09.21,19:00,1.0663,1.067,1.0654,1.0659,1076
2023.09.21,23:00,1.0658,1.0663,1.0657,1.0659,381
2023.09.22,03:00,1.066,1.0662,1.064,1.0651,791
2023.09.22,07:00,1.0652,1.0667,1.0614,1.0647,2025
2023.09.22,11:00,1.0648,1.0651,1.0633,1.0636,1310
2023.09.22,15:00,1.0637,1.0671,1.0637,1.0659,1784
2023.09.22,19:00,1.0658,1.0661,1.0638,1.0643,1001
2023.09.22,23:00,1.0644,1.0646,1.0641,1.0643,76
2023.09.24,15:00,1.0643,1.0643,1.0643,1.0643,12
2023.09.24,19:00,1.0643,1.0643,1.0643,1.0643,2
2023.09.24,23:00,1.0652,1.0653,1.0646,1.0647,204
2023.09.25,03:00,1.0648,1.0655,1.0642,1.0647,701
2023.09.25,07:00,1.0646,1.0652,1.0631,1.0637,811
2023.09.25,11:00,1.0638,1.0643,1.0623,1.063,1344
2023.09.25,15:00,1.0631,1.0634,1.0575,1.0589,2063
2023.09.25,19:00,1.059,1.0598,1.0585,1.0592,602
2023.09.25,23:00,1.0591,1.0596,1.0589,1.059,306
2023.09.26,03:00,1.0591,1.0591,1.0578,1.0585,925
2023.09.26,07:00,1.0586,1.0592,1.0569,1.0584,1146
2023.09.26,11:00,1.0585,1.0602,1.0582,1.0598,1028
2023.09.26,15:00,1.0599,1.0608,1.0567,1.0572,1735
2023.09.26,19:00,1.0573,1.0576,1.0561,1.0569,764
2023.09.26,23:00,1.057,1.0574,1.0567,1.0568,306
2023.09.27,03:00,1.0567,1.0571,1.0555,1.0561,677
2023.09.27,07:00,1.0562,1.0573,1.0554,1.0565,811
2023.09.27,11:00,1.0564,1.0569,1.0534,1.0539,1092
2023.09.27,15:00,1.054,1.055,1.0507,1.0508,2255
2023.09.27,19:00,1.0509,1.0518,1.0487,1.0505,1731
2023.09.27,23:00,1.0504,1.0509,1.0497,1.0504,365
2023.09.28,03:00,1.0505,1.0515,1.0498,1.0503,627
2023.09.28,07:00,1.0502,1.0518,1.049,1.0508,1339
2023.09.28,11:00,1.0507,1.0547,1.0504,1.054,1701
2023.09.28,15:00,1.0541,1.0578,1.0517,1.0575,3469
2023.09.28,19:00,1.0576,1.0577,1.0549,1.0563,1375
2023.09.28,23:00,1.0562,1.0567,1.0559,1.0561,347
2023.09.29,03:00,1.0562,1.0582,1.0557,1.0575,478
2023.09.29,07:00,1.0574,1.061,1.0574,1.0605,1193
2023.09.29,11:00,1.0604,1.0616,1.0589,1.0593,1602
2023.09.29,15:00,1.0594,1.0609,1.0569,1.0582,3371
2023.09.29,19:00,1.0583,1.0586,1.0563,1.0572,1522
2023.09.29,23:00,1.0571,1.0575,1.0569,1.0572,118
2023.10.01,03:00,1.0572,1.0572,1.0572,1.0572,7
2023.10.01,11:00,1.0572,1.0572,1.0572,1.0572,2
2023.10.01,19:00,1.0572,1.0572,1.0572,1.0572,8
2023.10.01,23:00,1.057,1.0572,1.0557,1.0563,322
2023.10.02,03:00,1.0564,1.057,1.0561,1.0569,434
2023.10.02,07:00,1.0568,1.0591,1.0559,1.0571,1081
2023.10.02,11:00,1.0572,1.0577,1.0529,1.0531,1481
2023.10.02,15:00,1.0532,1.0537,1.0491,1.0498,2866
2023.10.02,19:00,1.0497,1.0504,1.048,1.048,1289
2023.10.02,23:00,1.0481,1.0488,1.0474,1.0479,543
2023.10.03,03:00,1.048,1.048,1.0463,1.0468,769
2023.10.03,07:00,1.0467,1.0483,1.0459,1.0482,1325
2023.10.03,11:00,1.0481,1.0493,1.0468,1.0473,1578
2023.10.03,15:00,1.0474,1.0485,1.0447,1.0452,4113
2023.10.03,19:00,1.0453,1.0479,1.0451,1.0471,1723
2023.10.03,23:00,1.047,1.0473,1.0462,1.0468,275
2023.10.04,03:00,1.0467,1.0475,1.0456,1.0458,860
2023.10.04,07:00,1.0459,1.0485,1.0451,1.0484,1314
2023.10.04,11:00,1.0483,1.0516,1.0478,1.0497,1870
2023.10.04,15:00,1.0496,1.0531,1.0482,1.0517,3702
2023.10.04,19:00,1.0516,1.0521,1.0497,1.0514,1477
2023.10.04,23:00,1.0515,1.0515,1.0502,1.0506,331
2023.10.05,03:00,1.0505,1.0528,1.0501,1.0524,758
2023.10.05,07:00,1.0525,1.0525,1.0501,1.0508,948
2023.10.05,11:00,1.0507,1.0524,1.0502,1.0523,1736
2023.10.05,15:00,1.0524,1.0536,1.0499,1.0525,3421
2023.10.05,19:00,1.0524,1.0551,1.0523,1.0549,1539
2023.10.05,23:00,1.0548,1.0551,1.0543,1.0546,321
2023.10.06,03:00,1.0545,1.0547,1.0537,1.0542,754
2023.10.06,07:00,1.0541,1.055,1.0531,1.0549,901
2023.10.06,11:00,1.055,1.0566,1.0541,1.0565,1397
2023.10.06,15:00,1.0566,1.0599,1.0482,1.0594,5243
2023.10.06,19:00,1.0593,1.0599,1.0575,1.0589,1723
2023.10.06,23:00,1.0588,1.0589,1.0582,1.0583,96
2023.10.07,23:00,1.0583,1.0583,1.0583,1.0583,1
2023.10.08,07:00,1.0583,1.0583,1.0583,1.0583,4
2023.10.08,11:00,1.0583,1.0583,1.0583,1.0583,4
2023.10.08,23:00,1.0583,1.0583,1.0548,1.0566,685
2023.10.09,03:00,1.0565,1.0574,1.0551,1.0551,953
2023.10.09,07:00,1.0552,1.0558,1.0519,1.0522,1198
2023.10.09,11:00,1.0521,1.0544,1.0519,1.0527,1257
2023.10.09,15:00,1.0526,1.0557,1.0522,1.0539,2195
2023.10.09,19:00,1.0538,1.0569,1.0534,1.0568,1137
2023.10.09,23:00,1.0567,1.0579,1.0559,1.0578,321
2023.10.10,03:00,1.0579,1.0582,1.0565,1.0569,997
2023.10.10,07:00,1.0568,1.0572,1.0553,1.0571,1556
2023.10.10,11:00,1.057,1.061,1.0569,1.0575,1852
2023.10.10,15:00,1.0576,1.0619,1.0573,1.0616,2657
2023.10.10,19:00,1.0617,1.0619,1.0592,1.0604,1475
2023.10.10,23:00,1.0603,1.0609,1.0599,1.0603,229
2023.10.11,03:00,1.0604,1.0613,1.06,1.0604,767
2023.10.11,07:00,1.0605,1.0627,1.0595,1.0599,1238
2023.10.11,11:00,1.0598,1.0614,1.0592,1.0603,1695
2023.10.11,15:00,1.0602,1.0634,1.058,1.0612,3118
2023.10.11,19:00,1.0611,1.0615,1.0584,1.0612,1377
2023.10.11,23:00,1.0611,1.0625,1.0611,1.0622,242
2023.10.12,03:00,1.0621,1.0628,1.0619,1.0628,826
2023.10.12,07:00,1.0627,1.0639,1.0619,1.0619,1021
2023.10.12,11:00,1.062,1.0626,1.0612,1.0619,1083
2023.10.12,15:00,1.0618,1.0625,1.0544,1.0552,3392
2023.10.12,19:00,1.0551,1.056,1.0525,1.053,1503
2023.10.12,23:00,1.0529,1.0537,1.0526,1.0535,302
2023.10.13,03:00,1.0536,1.0547,1.0534,1.0545,620
2023.10.13,07:00,1.0544,1.0557,1.0531,1.0551,996
2023.10.13,11:00,1.0552,1.0558,1.0513,1.0524,1507
2023.10.13,15:00,1.0525,1.0547,1.0495,1.05,2818
2023.10.13,19:00,1.0499,1.0515,1.0499,1.0513,1257
2023.10.13,23:00,1.0512,1.0513,1.0505,1.0506,105
2023.10.14,03:00,1.0506,1.0506,1.0506,1.0506,1
2023.10.14,11:00,1.0506,1.0506,1.0506,1.0506,14
2023.10.15,23:00,1.0513,1.0525,1.0509,1.0521,488
2023.10.16,03:00,1.0522,1.0525,1.0515,1.0523,720
2023.10.16,07:00,1.0522,1.0537,1.0521,1.0533,967
2023.10.16,11:00,1.0534,1.0542,1.0523,1.0536,1210
2023.10.16,15:00,1.0537,1.0554,1.0525,1.0544,2033
2023.10.16,19:00,1.0543,1.0562,1.0539,1.0562,740
2023.10.16,23:00,1.0561,1.0561,1.0552,1.0553,258
2023.10.17,03:00,1.0554,1.056,1.0545,1.0549,814
2023.10.17,07:00,1.0548,1.0554,1.0533,1.0547,1020
2023.10.17,11:00,1.0548,1.0578,1.0532,1.0574,1535
2023.10.17,15:00,1.0573,1.0592,1.0537,1.0591,2972
2023.10.17,19:00,1.0592,1.0594,1.0563,1.0576,1279
2023.10.17,23:00,1.0575,1.0577,1.0571,1.0572,331
2023.10.18,03:00,1.0573,1.0578,1.056,1.0575,987
2023.10.18,07:00,1.0576,1.0593,1.057,1.0577,1119
2023.10.18,11:00,1.0578,1.0586,1.0551,1.056,1379
2023.10.18,15:00,1.0559,1.0573,1.0525,1.0531,2498
2023.10.18,19:00,1.053,1.0553,1.0522,1.0535,1577
2023.10.18,23:00,1.0534,1.0539,1.0533,1.0537,252
2023.10.19,03:00,1.0538,1.0541,1.0532,1.0533,850
2023.10.19,07:00,1.0532,1.0547,1.0527,1.0536,1164
2023.10.19,11:00,1.0537,1.0563,1.0529,1.0557,1359
2023.10.19,15:00,1.0556,1.0581,1.0555,1.0569,2336
2023.10.19,19:00,1.0568,1.0615,1.0555,1.0586,3928
2023.10.19,23:00,1.0587,1.0588,1.0577,1.0586,375
2023.10.20,03:00,1.0585,1.0586,1.0568,1.0575,800
2023.10.20,07:00,1.0574,1.0578,1.0564,1.057,1122
2023.10.20,11:00,1.0569,1.0598,1.0568,1.059,1328
2023.10.20,15:00,1.0591,1.06,1.0564,1.059,2538
2023.10.20,19:00,1.0589,1.0603,1.058,1.0591,1208
2023.10.20,23:00,1.0592,1.0595,1.0591,1.0595,80
2023.10.22,07:00,1.0595,1.0595,1.0595,1.0595,1
2023.10.22,19:00,1.0595,1.0595,1.0595,1.0595,9
2023.10.22,23:00,1.0594,1.0597,1.0588,1.0589,320
2023.10.23,03:00,1.0588,1.0589,1.0573,1.0574,473
2023.10.23,07:00,1.0573,1.0597,1.0571,1.0597,873
2023.10.23,11:00,1.0598,1.0614,1.059,1.0601,1514
2023.10.23,15:00,1.0602,1.0646,1.059,1.0645,2238
2023.10.23,19:00,1.0644,1.0677,1.064,1.0665,1221
2023.10.23,23:00,1.0664,1.0671,1.0663,1.0669,294
2023.10.24,03:00,1.067,1.0686,1.0666,1.0682,787
2023.10.24,07:00,1.0681,1.0693,1.0656,1.0661,1050
2023.10.24,11:00,1.066,1.0661,1.0621,1.0634,1406
2023.10.24,15:00,1.0635,1.0636,1.0582,1.0593,2669
2023.10.24,19:00,1.0594,1.0601,1.0583,1.0591,1228
2023.10.24,23:00,1.0592,1.0594,1.0588,1.0594,543
2023.10.25,03:00,1.0595,1.0604,1.0589,1.0601,623
2023.10.25,07:00,1.0602,1.0606,1.0577,1.0586,779
2023.10.25,11:00,1.0585,1.0596,1.0565,1.0572,1070
2023.10.25,15:00,1.0573,1.0595,1.0566,1.0582,2192
2023.10.25,19:00,1.0583,1.0585,1.0565,1.0567,1175
2023.10.25,23:00,1.0566,1.0574,1.0559,1.0565,376
2023.10.26,03:00,1.0566,1.0568,1.054,1.0546,735
2023.10.26,07:00,1.0547,1.0549,1.0532,1.0547,1159
2023.10.26,11:00,1.0546,1.0552,1.053,1.0535,875
2023.10.26,15:00,1.0536,1.0559,1.0522,1.0531,3325
2023.10.26,19:00,1.053,1.0564,1.0524,1.0556,1323
2023.10.26,23:00,1.0555,1.0565,1.0554,1.0563,449
2023.10.27,03:00,1.0562,1.0566,1.0552,1.0564,611
2023.10.27,07:00,1.0563,1.0569,1.0551,1.0557,993
2023.10.27,11:00,1.0556,1.0566,1.0534,1.0536,956
2023.10.27,15:00,1.0537,1.0596,1.0535,1.059,2759
2023.10.27,19:00,1.0591,1.0596,1.0556,1.057,1253
2023.10.27,23:00,1.0569,1.0569,1.0562,1.0564,151
2023.10.29,03:00,1.0564,1.0564,1.0564,1.0564,6
2023.10.29,14:00,1.0564,1.0564,1.0564,1.0564,6
2023.10.29,18:00,1.0564,1.0564,1.0564,1.0564,9
2023.10.29,22:00,1.0563,1.0565,1.0557,1.0561,173
2023.10.30,02:00,1.056,1.0565,1.0554,1.056,617
2023.10.30,06:00,1.0559,1.0567,1.0552,1.0556,582
2023.10.30,10:00,1.0551,1.0595,1.0546,1.0584,1229
2023.10.30,14:00,1.0585,1.0624,1.0581,1.0618,2176
2023.10.30,18:00,1.0619,1.0621,1.0599,1.0616,1111
2023.10.30,22:00,1.0617,1.0617,1.0611,1.0613,242
2023.10.31,02:00,1.0612,1.0613,1.059,1.0594,814
2023.10.31,06:00,1.0593,1.0625,1.059,1.062,799
2023.10.31,10:00,1.0621,1.0674,1.0615,1.0655,1661
2023.10.31,14:00,1.0654,1.066,1.0565,1.0566,2723
2023.10.31,18:00,1.0567,1.0585,1.0557,1.058,1314
2023.10.31,22:00,1.0581,1.0583,1.0569,1.0577,356
2023.11.01,02:00,1.0576,1.058,1.0566,1.057,679
2023.11.01,06:00,1.0569,1.0577,1.0558,1.0564,629
2023.11.01,10:00,1.0565,1.0567,1.054,1.0542,920
2023.11.01,14:00,1.0543,1.057,1.0521,1.0536,2726
2023.11.01,18:00,1.0537,1.057,1.0516,1.0566,3194
2023.11.01,22:00,1.0567,1.0586,1.0566,1.0586,456
2023.11.02,02:00,1.0587,1.0601,1.0583,1.0599,695
2023.11.02,06:00,1.0598,1.0609,1.0593,1.0602,704
2023.11.02,10:00,1.0603,1.0638,1.059,1.0633,1477
2023.11.02,14:00,1.0634,1.0667,1.0616,1.0616,2515
2023.11.02,18:00,1.0617,1.0632,1.061,1.0622,1069
2023.11.02,22:00,1.0621,1.0624,1.0615,1.0615,629
2023.11.03,02:00,1.0616,1.0628,1.0614,1.0625,390
2023.11.03,06:00,1.0624,1.0633,1.0624,1.0628,506
2023.11.03,10:00,1.0629,1.0652,1.0619,1.0646,1189
2023.11.03,14:00,1.0645,1.0734,1.0645,1.0731,3859
2023.11.03,18:00,1.0732,1.0746,1.0721,1.0724,1222
2023.11.03,22:00,1.0725,1.0732,1.0724,1.0727,85
2023.11.05,06:00,1.0727,1.0727,1.0727,1.0727,13
2023.11.05,10:00,1.0727,1.0727,1.0727,1.0727,1
2023.11.05,22:00,1.0725,1.0733,1.0723,1.0731,170
2023.11.05,22:00,1.0725,1.0726,1.0724,1.0725,23
2023.11.06,02:00,1.073,1.0733,1.0721,1.0733,614
2023.11.06,06:00,1.0734,1.0743,1.0731,1.0732,609
2023.11.06,10:00,1.0733,1.0755,1.0731,1.075,1076
2023.11.06,14:00,1.0751,1.0753,1.0725,1.0743,1486
2023.11.06,18:00,1.0742,1.0748,1.0721,1.0723,824
2023.11.06,22:00,1.0722,1.0723,1.0715,1.0717,414
2023.11.07,02:00,1.0718,1.0718,1.0705,1.0708,685
2023.11.07,06:00,1.0709,1.0711,1.0691,1.0696,818
2023.11.07,10:00,1.0697,1.0705,1.0665,1.0673,1230
2023.11.07,14:00,1.0674,1.0689,1.0663,1.0684,1662
2023.11.07,18:00,1.0685,1.0704,1.0672,1.0694,1442
2023.11.07,22:00,1.0693,1.0701,1.0689,1.0695,524
2023.11.08,02:00,1.0694,1.0698,1.0685,1.0689,604
2023.11.08,06:00,1.0688,1.0692,1.0675,1.068,581
2023.11.08,10:00,1.0679,1.0682,1.0658,1.0676,1200
2023.11.08,14:00,1.0675,1.0707,1.0659,1.0704,1624
2023.11.08,18:00,1.0705,1.0715,1.07,1.0701,1288
2023.11.08,22:00,1.0702,1.071,1.0699,1.071,459
2023.11.09,02:00,1.0711,1.0715,1.0702,1.0707,550
2023.11.09,06:00,1.0708,1.0711,1.0701,1.0704,589
2023.11.09,10:00,1.0705,1.0709,1.068,1.0687,1106
2023.11.09,14:00,1.0688,1.0725,1.0686,1.0714,1980
2023.11.09,18:00,1.0715,1.0716,1.0659,1.0667,2527
2023.11.09,22:00,1.0668,1.0675,1.0662,1.0666,669
2023.11.10,02:00,1.0665,1.0674,1.0662,1.0669,495
2023.11.10,06:00,1.0668,1.0671,1.0655,1.0662,563
2023.11.10,10:00,1.0663,1.0688,1.0663,1.0676,1164
2023.11.10,14:00,1.0677,1.0692,1.0662,1.0669,1887
2023.11.10,18:00,1.0668,1.0687,1.0662,1.0679,1152
2023.11.10,22:00,1.0678,1.0687,1.0676,1.0683,217
2023.11.11,10:00,1.0683,1.0683,1.0683,1.0683,5
2023.11.11,14:00,1.0683,1.0683,1.0683,1.0683,6
2023.11.11,18:00,1.0683,1.0683,1.0683,1.0683,2
2023.11.12,18:00,1.0683,1.0683,1.0683,1.0683,6
2023.11.12,22:00,1.0684,1.069,1.0682,1.069,300
2023.11.13,02:00,1.0689,1.069,1.068,1.0685,382
2023.11.13,06:00,1.0684,1.0697,1.0683,1.0692,568
2023.11.13,10:00,1.0691,1.0701,1.0684,1.0686,1034
2023.11.13,14:00,1.0687,1.0692,1.0664,1.0689,1684
2023.11.13,18:00,1.0688,1.0705,1.0684,1.0701,936
2023.11.13,22:00,1.07,1.0703,1.0697,1.07,413
2023.11.14,02:00,1.0701,1.0701,1.0694,1.0696,468
2023.11.14,06:00,1.0695,1.0709,1.0692,1.0706,492
2023.11.14,10:00,1.0707,1.073,1.0695,1.0718,1106
2023.11.14,14:00,1.0719,1.0841,1.0716,1.0837,3344
2023.11.14,18:00,1.0838,1.0882,1.0836,1.0881,1479
2023.11.14,22:00,1.088,1.0887,1.0873,1.0877,385
2023.11.15,02:00,1.0876,1.0882,1.0865,1.0881,517
2023.11.15,06:00,1.0882,1.0883,1.0864,1.0872,650
2023.11.15,10:00,1.0873,1.0878,1.0843,1.0865,1397
2023.11.15,14:00,1.0866,1.0884,1.0831,1.0864,2663
2023.11.15,18:00,1.0865,1.0868,1.084,1.0845,1266
2023.11.15,22:00,1.0846,1.0853,1.0842,1.0853,489
2023.11.16,02:00,1.0854,1.0855,1.0829,1.0832,667
2023.11.16,06:00,1.0831,1.0845,1.0831,1.084,488
2023.11.16,10:00,1.0841,1.086,1.0838,1.0851,994
2023.11.16,14:00,1.0852,1.0895,1.0838,1.0877,2458
2023.11.16,18:00,1.0878,1.0882,1.0846,1.0855,1166
2023.11.16,22:00,1.0856,1.0857,1.0844,1.0852,543
2023.11.17,02:00,1.0853,1.0856,1.0848,1.0853,441
2023.11.17,06:00,1.0854,1.0855,1.0834,1.0837,572
2023.11.17,10:00,1.0836,1.0874,1.0824,1.0865,1544
2023.11.17,14:00,1.0864,1.0892,1.0857,1.0886,2164
2023.11.17,18:00,1.0887,1.0904,1.0874,1.0899,1035
2023.11.17,22:00,1.0898,1.0913,1.0896,1.0913,248
2023.11.18,06:00,1.0913,1.0913,1.0913,1.0913,1
2023.11.18,10:00,1.0913,1.0913,1.0913,1.0913,6
2023.11.19,18:00,1.0913,1.0913,1.0913,1.0913,9
2023.11.19,22:00,1.0913,1.0913,1.0903,1.0905,223
2023.11.20,02:00,1.0904,1.0924,1.0897,1.0923,700
2023.11.20,06:00,1.0924,1.0935,1.0912,1.0915,740
2023.11.20,10:00,1.0916,1.0939,1.0915,1.0922,1233
2023.11.20,14:00,1.0921,1.0945,1.0918,1.0937,1608
2023.11.20,18:00,1.0938,1.0951,1.0934,1.0946,1246
2023.11.20,22:00,1.0945,1.0947,1.0937,1.0944,521
2023.11.21,02:00,1.0945,1.0963,1.0941,1.0963,886
2023.11.21,06:00,1.0962,1.0964,1.095,1.0953,990
2023.11.21,10:00,1.0954,1.0963,1.0938,1.0938,1105
2023.11.21,14:00,1.0939,1.096,1.0931,1.0933,2043
2023.11.21,18:00,1.0932,1.0943,1.0899,1.0914,1372
2023.11.21,22:00,1.0913,1.0918,1.0908,1.0916,547
2023.11.22,02:00,1.0917,1.0922,1.0908,1.0913,633
2023.11.22,06:00,1.0914,1.0916,1.0895,1.0914,853
2023.11.22,10:00,1.0915,1.0919,1.0882,1.0899,1260
2023.11.22,14:00,1.0898,1.0917,1.0852,1.0865,2733
2023.11.22,18:00,1.0864,1.0887,1.0861,1.0883,1189
2023.11.22,22:00,1.0882,1.0889,1.0881,1.0887,384
2023.11.23,02:00,1.0888,1.0905,1.0887,1.0904,353
2023.11.23,06:00,1.0905,1.0917,1.09,1.0913,544
2023.11.23,10:00,1.0912,1.0929,1.0895,1.0914,1561
2023.11.23,14:00,1.0913,1.0914,1.0886,1.0909,977
2023.11.23,18:00,1.0908,1.0909,1.0902,1.0903,264
2023.11.23,22:00,1.0902,1.0907,1.0902,1.0903,155
2023.11.24,02:00,1.0904,1.091,1.0894,1.0898,445
2023.11.24,06:00,1.0899,1.0911,1.0897,1.0907,543
2023.11.24,10:00,1.0906,1.092,1.0901,1.0913,1126
2023.11.24,14:00,1.0912,1.0944,1.0906,1.0939,1700
2023.11.24,18:00,1.0938,1.0948,1.0927,1.0945,756
2023.11.24,22:00,1.0946,1.0947,1.0935,1.094,287
2023.11.25,18:00,1.094,1.094,1.094,1.094,9
2023.11.26,22:00,1.0944,1.0947,1.0938,1.0939,167
2023.11.27,02:00,1.094,1.0949,1.0926,1.0944,689
2023.11.27,06:00,1.0945,1.0958,1.0941,1.0946,702
2023.11.27,10:00,1.0945,1.0956,1.0938,1.0953,1065
2023.11.27,14:00,1.0952,1.0954,1.0924,1.0932,2066
2023.11.27,18:00,1.0933,1.0956,1.0927,1.0955,1145
2023.11.27,22:00,1.0954,1.0958,1.0948,1.0958,350
2023.11.28,02:00,1.0959,1.0962,1.0953,1.0954,462
2023.11.28,06:00,1.0953,1.0954,1.0934,1.0936,430
2023.11.28,10:00,1.0937,1.0957,1.0937,1.0949,1111
2023.11.28,14:00,1.0948,1.1001,1.0944,1.098,2473
2023.11.28,18:00,1.0981,1.1008,1.0972,1.099,1970
2023.11.28,22:00,1.0989,1.1005,1.0975,1.1003,561
2023.11.29,02:00,1.1004,1.1016,1.0997,1.0997,909
2023.11.29,06:00,1.0996,1.1004,1.0979,1.0979,921
2023.11.29,10:00,1.0976,1.0998,1.0968,1.0984,1662
2023.11.29,14:00,1.0983,1.0994,1.0959,1.0973,2938
2023.11.29,18:00,1.0974,1.0994,1.0961,1.0982,1224
2023.11.29,22:00,1.0981,1.0983,1.0968,1.0972,494
2023.11.30,02:00,1.0973,1.0983,1.0966,1.0973,661
2023.11.30,06:00,1.0974,1.0981,1.094,1.0951,868
2023.11.30,10:00,1.095,1.0958,1.0908,1.0915,1620
2023.11.30,14:00,1.0916,1.0949,1.0891,1.091,3203
2023.11.30,18:00,1.0909,1.0916,1.0883,1.0889,1594
2023.11.30,22:00,1.089,1.0894,1.0878,1.0891,630
2023.12.01,02:00,1.0892,1.0912,1.0891,1.09,613
2023.12.01,06:00,1.0899,1.0911,1.0894,1.0894,852
2023.12.01,10:00,1.0895,1.0904,1.0882,1.0896,1480
2023.12.01,14:00,1.0897,1.09,1.0832,1.0837,2643
2023.12.01,18:00,1.0835,1.0892,1.0828,1.0871,2532
2023.12.01,22:00,1.0872,1.0881,1.087,1.088,289
2023.12.03,10:00,1.088,1.088,1.088,1.088,10
2023.12.03,18:00,1.088,1.088,1.088,1.088,10
2023.12.03,22:00,1.0879,1.0894,1.0878,1.0885,481
2023.12.04,02:00,1.0884,1.0886,1.0866,1.0879,982
2023.12.04,06:00,1.088,1.088,1.0849,1.0853,855
2023.12.04,10:00,1.0854,1.088,1.0854,1.0868,1326
2023.12.04,14:00,1.0867,1.0875,1.0803,1.0814,2627
2023.12.04,18:00,1.0813,1.0828,1.0811,1.0827,1255
2023.12.04,22:00,1.0828,1.0837,1.0827,1.0836,382
2023.12.05,02:00,1.0837,1.0845,1.0834,1.084,706
2023.12.05,06:00,1.0839,1.0847,1.0803,1.0806,948
2023.12.05,10:00,1.0807,1.0842,1.0805,1.0818,1593
2023.12.05,14:00,1.0819,1.0838,1.0798,1.0805,2943
2023.12.05,18:00,1.0806,1.0812,1.0777,1.0783,1718
2023.12.05,22:00,1.0782,1.0798,1.0781,1.0792,387
2023.12.06,02:00,1.0793,1.0798,1.0787,1.0796,620
2023.12.06,06:00,1.0795,1.0801,1.0777,1.0789,813
2023.12.06,10:00,1.0788,1.0797,1.0774,1.0779,1375
2023.12.06,14:00,1.0778,1.0803,1.0772,1.0789,2159
2023.12.06,18:00,1.079,1.0799,1.0766,1.0767,1132
2023.12.06,22:00,1.0768,1.0769,1.0758,1.0765,436
2023.12.07,02:00,1.0766,1.0771,1.0759,1.0759,518
2023.12.07,06:00,1.076,1.078,1.0754,1.078,910
2023.12.07,10:00,1.0779,1.0784,1.0763,1.077,1692
2023.12.07,14:00,1.0769,1.0797,1.0759,1.0783,2700
2023.12.07,18:00,1.0784,1.0817,1.0784,1.0797,1719
2023.12.07,22:00,1.0798,1.0803,1.0789,1.0789,598
2023.12.08,02:00,1.079,1.08,1.0783,1.0791,1213
2023.12.08,06:00,1.079,1.0791,1.0772,1.0778,1011
2023.12.08,10:00,1.0779,1.079,1.0772,1.0782,1515
2023.12.08,14:00,1.0783,1.0785,1.0723,1.0767,3666
2023.12.08,18:00,1.0768,1.0769,1.0739,1.0758,1192
2023.12.08,22:00,1.0757,1.0766,1.0756,1.0762,220
2023.12.10,18:00,1.0762,1.0762,1.0762,1.0762,15
2023.12.10,22:00,1.0757,1.0767,1.0757,1.0764,147
2023.12.11,02:00,1.0765,1.0773,1.0763,1.0764,703
2023.12.11,06:00,1.0763,1.077,1.0752,1.0755,565
2023.12.11,10:00,1.0754,1.0778,1.075,1.0767,1285
2023.12.11,14:00,1.0768,1.0769,1.0741,1.0743,1535
2023.12.11,18:00,1.0744,1.0769,1.0741,1.076,1067
2023.12.11,22:00,1.0761,1.0764,1.0758,1.0764,362
2023.12.12,02:00,1.0765,1.0769,1.076,1.0767,461
2023.12.12,06:00,1.0768,1.0782,1.0763,1.0777,644
2023.12.12,10:00,1.0776,1.0806,1.0772,1.0795,1176
2023.12.12,14:00,1.0796,1.0827,1.0766,1.0783,2979
2023.12.12,18:00,1.0784,1.0798,1.078,1.0789,1393
2023.12.12,22:00,1.079,1.0798,1.0788,1.0797,540
2023.12.13,02:00,1.0798,1.0799,1.0783,1.0786,519
2023.12.13,06:00,1.0785,1.0791,1.0779,1.0784,657
2023.12.13,10:00,1.0783,1.0792,1.0772,1.0783,1304
2023.12.13,14:00,1.0782,1.0809,1.078,1.0794,1719
2023.12.13,18:00,1.0793,1.0891,1.0779,1.0887,2820
2023.12.13,22:00,1.0888,1.0896,1.0864,1.0882,1678
2023.12.14,02:00,1.0883,1.0914,1.0878,1.0905,1388
2023.12.14,06:00,1.0906,1.0909,1.088,1.088,1626
2023.12.14,10:00,1.0881,1.0931,1.0879,1.0929,2200
2023.12.14,14:00,1.0933,1.0996,1.0906,1.0993,4539
2023.12.14,18:00,1.0992,1.1008,1.0979,1.0991,1701
2023.12.14,22:00,1.099,1.0996,1.0987,1.0992,746
2023.12.15,02:00,1.0993,1.1,1.0976,1.0998,806
2023.12.15,06:00,1.0997,1.1003,1.098,1.0993,1031
2023.12.15,10:00,1.0994,1.0998,1.0946,1.0967,2172
2023.12.15,14:00,1.0968,1.0969,1.0903,1.0915,3076
2023.12.15,18:00,1.0914,1.0916,1.0888,1.0899,1615
2023.12.15,22:00,1.0898,1.0908,1.0891,1.0895,490
2023.12.17,02:00,1.0895,1.0895,1.0895,1.0895,5
2023.12.17,06:00,1.0895,1.0895,1.0895,1.0895,1
2023.12.17,14:00,1.0895,1.0895,1.0895,1.0895,6
2023.12.17,22:00,1.0895,1.0898,1.0891,1.0894,258
2023.12.18,02:00,1.0895,1.0913,1.0893,1.091,584
2023.12.18,06:00,1.0909,1.0929,1.0908,1.0921,582
2023.12.18,10:00,1.092,1.0927,1.0906,1.0912,1377
2023.12.18,14:00,1.0914,1.093,1.0908,1.0913,1666
2023.12.18,18:00,1.0914,1.0927,1.0912,1.0916,1110
2023.12.18,22:00,1.0915,1.0924,1.0913,1.0922,664
2023.12.19,02:00,1.0921,1.0928,1.0914,1.0925,950
2023.12.19,06:00,1.0924,1.094,1.0919,1.0927,1026
2023.12.19,10:00,1.0928,1.0948,1.0926,1.0936,1373
2023.12.19,14:00,1.0937,1.0986,1.0937,1.0985,2113
2023.12.19,18:00,1.0984,1.0985,1.0969,1.0975,1080
2023.12.19,22:00,1.0976,1.0984,1.0971,1.0978,387
2023.12.20,02:00,1.0979,1.0979,1.0966,1.0969,598
2023.12.20,06:00,1.0968,1.097,1.095,1.0966,775
2023.12.20,10:00,1.0965,1.097,1.0935,1.0937,1575
2023.12.20,14:00,1.0936,1.0974,1.0933,1.0973,1868
2023.12.20,18:00,1.0974,1.0975,1.0942,1.0946,1211
2023.12.20,22:00,1.0945,1.0948,1.0929,1.0942,1047
2023.12.21,02:00,1.0943,1.0953,1.094,1.0948,671
2023.12.21,06:00,1.0947,1.0955,1.0942,1.0946,704
2023.12.21,10:00,1.0945,1.0984,1.0934,1.0979,1431
2023.12.21,14:00,1.098,1.1001,1.0972,1.0989,2756
2023.12.21,18:00,1.0988,1.1,1.0977,1.0998,1884
2023.12.21,22:00,1.0997,1.1012,1.0992,1.1005,679
2023.12.22,02:00,1.1006,1.1009,1.0995,1.0997,528
2023.12.22,06:00,1.0998,1.1007,1.0993,1.0999,587
2023.12.22,10:00,1.1,1.1029,1.0998,1.1025,1546
2023.12.22,14:00,1.1026,1.1039,1.1001,1.101,2492
2023.12.22,18:00,1.1011,1.1023,1.0999,1.1015,1696
2023.12.22,22:00,1.1014,1.1015,1.1007,1.1012,306
2023.12.24,10:00,1.1012,1.1012,1.1012,1.1012,1
2023.12.25,18:00,1.1012,1.1012,1.1012,1.1012,9
2023.12.25,22:00,1.1012,1.1012,1.1012,1.1012,2
2023.12.26,06:00,1.1026,1.1026,1.102,1.1021,294
2023.12.26,10:00,1.1022,1.1026,1.1009,1.1013,593
2023.12.26,14:00,1.1012,1.1032,1.1008,1.1024,1091
2023.12.26,18:00,1.1023,1.1044,1.1023,1.1043,887
2023.12.26,22:00,1.1044,1.1044,1.1039,1.1042,427
2023.12.27,02:00,1.1041,1.1042,1.1028,1.1036,672
2023.12.27,06:00,1.1037,1.1048,1.1036,1.104,499
2023.12.27,10:00,1.1039,1.1059,1.1037,1.1058,988
2023.12.27,14:00,1.1057,1.1115,1.1048,1.1106,1649
2023.12.27,18:00,1.1107,1.1122,1.1098,1.1101,1312
2023.12.27,22:00,1.1102,1.1109,1.11,1.1107,459
2023.12.28,02:00,1.1108,1.1122,1.1108,1.1118,529
2023.12.28,06:00,1.1117,1.1125,1.1104,1.1116,562
2023.12.28,10:00,1.1115,1.1139,1.1104,1.1119,1391
2023.12.28,14:00,1.1118,1.1119,1.1071,1.1106,2024
2023.12.28,18:00,1.1105,1.1105,1.1054,1.1064,1374
2023.12.28,22:00,1.1065,1.107,1.1059,1.1067,529
2023.12.29,02:00,1.1066,1.1083,1.1063,1.1064,750
2023.12.29,06:00,1.1065,1.1075,1.106,1.1065,614
2023.12.29,10:00,1.1064,1.1077,1.1043,1.1076,1401
2023.12.29,14:00,1.1075,1.108,1.1042,1.1046,2196
2023.12.29,18:00,1.1045,1.1066,1.1037,1.104,1793
2023.12.29,22:00,1.1039,1.105,1.1033,1.1038,341
2023.12.30,22:00,1.1038,1.1038,1.1038,1.1038,1
2024.01.02,06:00,1.1032,1.1037,1.1014,1.1016,587
2024.01.02,10:00,1.1017,1.1038,1.0966,1.0968,1889
2024.01.02,14:00,1.0969,1.0971,1.094,1.0943,2563
2024.01.02,18:00,1.0944,1.0961,1.094,1.0946,1580
2024.01.02,22:00,1.0945,1.095,1.0938,1.0941,481
2024.01.03,02:00,1.0942,1.0961,1.094,1.096,710
2024.01.03,06:00,1.0959,1.0962,1.095,1.0959,797
2024.01.03,10:00,1.096,1.0964,1.0915,1.0919,1632
2024.01.03,14:00,1.092,1.0938,1.0897,1.0904,2946
2024.01.03,18:00,1.0905,1.0925,1.0892,1.0917,2372
2024.01.03,22:00,1.0918,1.0927,1.0912,1.0925,1006
2024.01.04,02:00,1.0926,1.093,1.0915,1.0925,788
2024.01.04,06:00,1.0926,1.0943,1.092,1.0937,885
2024.01.04,10:00,1.0938,1.0971,1.0934,1.0947,1755
2024.01.04,14:00,1.0946,1.0964,1.0932,1.0954,2468
2024.01.04,18:00,1.0955,1.0963,1.0941,1.0946,1318
2024.01.04,22:00,1.0947,1.095,1.0942,1.0946,543
2024.01.05,02:00,1.0945,1.0955,1.0938,1.0938,624
2024.01.05,06:00,1.0939,1.094,1.0922,1.0922,750
2024.01.05,10:00,1.0923,1.093,1.0902,1.0913,1458
2024.01.05,14:00,1.0914,1.0998,1.0876,1.0977,4734
2024.01.05,18:00,1.0978,1.098,1.0934,1.0944,2271
2024.01.05,22:00,1.0943,1.0946,1.0935,1.094,410
2024.01.07,02:00,1.094,1.094,1.094,1.094,10
2024.01.07,22:00,1.0943,1.0945,1.0934,1.0941,196
2024.01.08,02:00,1.094,1.0952,1.0931,1.0932,489
2024.01.08,06:00,1.0933,1.0951,1.093,1.0944,694
2024.01.08,10:00,1.0943,1.095,1.0922,1.0937,1642
2024.01.08,14:00,1.0938,1.0974,1.0936,1.0969,2194
2024.01.08,18:00,1.097,1.0978,1.0948,1.096,1188
2024.01.08,22:00,1.0959,1.096,1.0948,1.0949,585
2024.01.09,02:00,1.0948,1.0965,1.0948,1.0962,937
2024.01.09,06:00,1.0961,1.0962,1.0945,1.0956,796
2024.01.09,10:00,1.0955,1.0956,1.0928,1.0931,1445
2024.01.09,14:00,1.093,1.095,1.0917,1.0917,2330
2024.01.09,18:00,1.0916,1.0939,1.091,1.0924,1421
2024.01.09,22:00,1.0925,1.0932,1.0924,1.0931,617
2024.01.10,02:00,1.0932,1.0935,1.0925,1.0928,841
2024.01.10,06:00,1.0929,1.0944,1.0923,1.0925,805
2024.01.10,10:00,1.0926,1.0955,1.0922,1.0945,1412
2024.01.10,14:00,1.0946,1.0968,1.0931,1.0967,1597
2024.01.10,18:00,1.0966,1.097,1.0952,1.0969,1219
2024.01.10,22:00,1.097,1.0974,1.0961,1.0973,732
2024.01.11,02:00,1.0974,1.0984,1.0972,1.0979,480
2024.01.11,06:00,1.098,1.0988,1.0974,1.0979,527
2024.01.11,10:00,1.0978,1.0982,1.0958,1.0978,1243
2024.01.11,14:00,1.0979,1.0999,1.0929,1.0946,4423
2024.01.11,18:00,1.0945,1.0982,1.0936,1.0981,2451
2024.01.11,22:00,1.0982,1.0982,1.0955,1.0982,854
2024.01.12,02:00,1.0983,1.0984,1.0972,1.0977,706
2024.01.12,06:00,1.0976,1.0979,1.096,1.0965,711
2024.01.12,10:00,1.0964,1.0982,1.0946,1.0949,1480
2024.01.12,14:00,1.0948,1.0986,1.0935,1.0965,3065
2024.01.12,18:00,1.0966,1.0973,1.0946,1.0955,1640
2024.01.12,22:00,1.0954,1.0955,1.0947,1.0949,390
2024.01.13,18:00,1.095,1.095,1.095,1.095,11
2024.01.14,02:00,1.095,1.095,1.095,1.095,1
2024.01.14,10:00,1.095,1.095,1.095,1.095,8
2024.01.14,18:00,1.095,1.095,1.095,1.095,7
2024.01.14,22:00,1.095,1.095,1.0943,1.0944,219
2024.01.15,02:00,1.0945,1.0967,1.094,1.0963,908
2024.01.15,06:00,1.0962,1.0966,1.0951,1.0953,696
2024.01.15,10:00,1.0954,1.0964,1.0933,1.0944,1250
2024.01.15,14:00,1.0945,1.0958,1.0937,1.0949,1460
2024.01.15,18:00,1.095,1.0953,1.0945,1.095,397
2024.01.15,22:00,1.0949,1.0951,1.0944,1.0944,317
2024.01.16,02:00,1.0943,1.0945,1.0915,1.0918,878
2024.01.16,06:00,1.0917,1.0926,1.0908,1.0917,820
2024.01.16,10:00,1.0916,1.0922,1.0873,1.0891,1896
2024.01.16,14:00,1.0892,1.0897,1.0865,1.0886,2540
2024.01.16,18:00,1.0885,1.0894,1.0861,1.0873,2517
2024.01.16,22:00,1.0874,1.0878,1.0869,1.0878,590
2024.01.17,02:00,1.0877,1.0884,1.0864,1.0865,775
2024.01.17,06:00,1.0866,1.0873,1.0855,1.0869,1192
2024.01.17,10:00,1.087,1.0883,1.086,1.0878,1783
2024.01.17,14:00,1.0877,1.088,1.0844,1.0848,2712
2024.01.17,18:00,1.0849,1.0878,1.0847,1.0873,1847
2024.01.17,22:00,1.0872,1.0885,1.0869,1.0885,482
2024.01.18,02:00,1.0886,1.0902,1.0879,1.0894,870
2024.01.18,06:00,1.0895,1.0906,1.0885,1.0887,866
2024.01.18,10:00,1.0886,1.0899,1.0876,1.0889,1407
2024.01.18,14:00,1.0888,1.0893,1.0846,1.0851,2901
2024.01.18,18:00,1.085,1.0869,1.0849,1.0861,1613
2024.01.18,22:00,1.0862,1.088,1.086,1.0879,872
2024.01.19,02:00,1.0878,1.0889,1.0875,1.0888,699
2024.01.19,06:00,1.0887,1.0888,1.0874,1.0878,818
2024.01.19,10:00,1.0877,1.0892,1.0867,1.0887,1273
2024.01.19,14:00,1.0886,1.0889,1.0865,1.0882,2108
2024.01.19,18:00,1.0881,1.0895,1.0879,1.0891,1383
2024.01.19,22:00,1.0892,1.0897,1.0889,1.0897,401
2024.01.21,02:00,1.0897,1.0897,1.0897,1.0897,1
2024.01.21,06:00,1.0897,1.0897,1.0897,1.0897,2
2024.01.21,10:00,1.0897,1.0897,1.0897,1.0897,2
2024.01.21,18:00,1.0897,1.0897,1.0897,1.0897,11
2024.01.21,22:00,1.0891,1.0896,1.0888,1.0891,407
2024.01.22,02:00,1.0892,1.0908,1.089,1.0901,680
2024.01.22,06:00,1.0902,1.0909,1.0896,1.0897,826
2024.01.22,10:00,1.0896,1.0901,1.0881,1.0889,1223
2024.01.22,14:00,1.089,1.0899,1.0879,1.0884,1737
2024.01.22,18:00,1.0885,1.0899,1.0879,1.0884,1181
2024.01.22,22:00,1.0885,1.0885,1.0876,1.0876,451
2024.01.23,02:00,1.0877,1.0894,1.0875,1.0892,936
2024.01.23,06:00,1.0891,1.0915,1.0891,1.0907,925
2024.01.23,10:00,1.0908,1.091,1.0859,1.0865,1298
2024.01.23,14:00,1.0866,1.0875,1.0821,1.0831,1727
2024.01.23,18:00,1.0832,1.0847,1.0824,1.0844,1365
2024.01.23,22:00,1.0845,1.0858,1.0843,1.0856,408
2024.01.24,02:00,1.0855,1.0861,1.0851,1.0859,485
2024.01.24,06:00,1.086,1.0879,1.0857,1.0873,813
2024.01.24,10:00,1.0874,1.0907,1.0862,1.0892,1658
2024.01.24,14:00,1.0893,1.0931,1.0887,1.09,2412
2024.01.24,18:00,1.0901,1.0908,1.0881,1.0888,1617
2024.01.24,22:00,1.0887,1.089,1.0877,1.088,719
2024.01.25,02:00,1.0879,1.0881,1.0869,1.0877,785
2024.01.25,06:00,1.0876,1.089,1.0874,1.0887,748
2024.01.25,10:00,1.0888,1.0899,1.0882,1.0894,1301
2024.01.25,14:00,1.0895,1.0901,1.0828,1.0831,3876
2024.01.25,18:00,1.083,1.0851,1.0821,1.0835,1839
2024.01.25,22:00,1.0834,1.0847,1.0833,1.0845,536
2024.01.26,02:00,1.0844,1.0848,1.0837,1.0844,577
2024.01.26,06:00,1.0843,1.0844,1.0812,1.0819,726
2024.01.26,10:00,1.0818,1.0875,1.0817,1.0874,1520
2024.01.26,14:00,1.0873,1.0885,1.0854,1.0863,2339
2024.01.26,18:00,1.0862,1.0869,1.0853,1.0858,1137
2024.01.26,22:00,1.0857,1.0861,1.0851,1.0852,244
2024.01.27,10:00,1.0852,1.0852,1.0852,1.0852,6
2024.01.28,10:00,1.0852,1.0852,1.0852,1.0852,1
2024.01.28,18:00,1.0852,1.0852,1.0852,1.0852,10
2024.01.28,22:00,1.0844,1.0849,1.0841,1.0841,422
2024.01.28,22:00,1.0844,1.0848,1.0844,1.0844,16
2024.01.29,02:00,1.0842,1.0848,1.0839,1.0844,659
2024.01.29,06:00,1.0845,1.0849,1.0834,1.0836,590
2024.01.29,10:00,1.0835,1.0841,1.0813,1.0822,1119
2024.01.29,14:00,1.0823,1.0836,1.0795,1.0797,1482
2024.01.29,18:00,1.0798,1.0819,1.0795,1.0818,1035
2024.01.29,22:00,1.0819,1.084,1.0818,1.0833,745
2024.01.30,02:00,1.0834,1.0841,1.0829,1.083,645
2024.01.30,06:00,1.0831,1.0833,1.0811,1.0822,738
2024.01.30,10:00,1.0826,1.0847,1.0815,1.0841,1351
2024.01.30,14:00,1.084,1.0856,1.0827,1.0836,2160
2024.01.30,18:00,1.0835,1.0846,1.0831,1.0845,1061
2024.01.30,22:00,1.0846,1.0848,1.0839,1.0842,511
2024.01.31,02:00,1.0843,1.0847,1.0815,1.0818,876
2024.01.31,06:00,1.0817,1.0821,1.0805,1.0815,575
2024.01.31,10:00,1.0816,1.0839,1.0808,1.0838,1554
2024.01.31,14:00,1.0839,1.0886,1.0833,1.086,2820
2024.01.31,18:00,1.0861,1.0867,1.0815,1.084,3871
2024.01.31,22:00,1.0841,1.0841,1.0794,1.0803,1953
2024.02.01,02:00,1.0802,1.0821,1.0801,1.0811,788
2024.02.01,06:00,1.0812,1.0813,1.0783,1.0792,762
2024.02.01,10:00,1.0791,1.0812,1.0779,1.0807,1620
2024.02.01,14:00,1.0806,1.0831,1.0805,1.0826,2843
2024.02.01,18:00,1.0827,1.0874,1.0827,1.0871,2239
2024.02.01,22:00,1.087,1.0875,1.0867,1.0873,591
2024.02.02,02:00,1.0874,1.0879,1.0869,1.0876,743
2024.02.02,06:00,1.0875,1.0886,1.0871,1.088,862
2024.02.02,10:00,1.0881,1.0897,1.0873,1.0883,1095
2024.02.02,14:00,1.0884,1.0885,1.0782,1.0801,3490
2024.02.02,18:00,1.0802,1.0803,1.078,1.0792,1714
2024.02.02,22:00,1.0791,1.0796,1.0787,1.0788,509
2024.02.03,02:00,1.0788,1.0788,1.0788,1.0788,2
2024.02.03,10:00,1.0788,1.0788,1.0788,1.0788,3
2024.02.04,18:00,1.0788,1.0788,1.0788,1.0788,8
2024.02.04,22:00,1.0783,1.0786,1.0769,1.0779,281
2024.02.05,02:00,1.0778,1.0782,1.0766,1.0778,973
2024.02.05,06:00,1.0777,1.0784,1.0772,1.078,704
2024.02.05,10:00,1.0779,1.0785,1.0746,1.0754,1290
2024.02.05,14:00,1.0755,1.0757,1.0722,1.0724,1863
2024.02.05,18:00,1.0725,1.0746,1.0724,1.0742,1240
2024.02.05,22:00,1.0741,1.0744,1.0736,1.074,436
2024.02.06,02:00,1.0741,1.0748,1.0741,1.0743,423
2024.02.06,06:00,1.0744,1.0761,1.0743,1.0751,903
2024.02.06,10:00,1.0752,1.0759,1.0723,1.0738,1140
2024.02.06,14:00,1.0737,1.0747,1.0722,1.0742,1760
2024.02.06,18:00,1.0743,1.0754,1.0738,1.0748,1171
2024.02.06,22:00,1.0749,1.0756,1.0749,1.0756,460
2024.02.07,02:00,1.0755,1.0766,1.0755,1.0758,436
2024.02.07,06:00,1.0757,1.0772,1.0756,1.0772,730
2024.02.07,10:00,1.0771,1.0773,1.0757,1.077,1189
2024.02.07,14:00,1.0769,1.0783,1.0755,1.0756,1927
2024.02.07,18:00,1.0757,1.0775,1.0755,1.0771,1248
2024.02.07,22:00,1.0772,1.0776,1.0769,1.0775,279
2024.02.08,02:00,1.0774,1.0784,1.0774,1.0781,458
2024.02.08,06:00,1.0782,1.0788,1.0776,1.0779,464
2024.02.08,10:00,1.078,1.0785,1.076,1.0762,885
2024.02.08,14:00,1.0761,1.0767,1.0741,1.076,1713
2024.02.08,18:00,1.0761,1.0782,1.0759,1.0774,975
2024.02.08,22:00,1.0775,1.0779,1.0773,1.0777,408
2024.02.09,02:00,1.0778,1.0778,1.0769,1.077,363
2024.02.09,06:00,1.0769,1.0782,1.0769,1.0779,321
2024.02.09,10:00,1.078,1.0784,1.0761,1.0771,1162
2024.02.09,14:00,1.077,1.0794,1.0762,1.0785,2235
2024.02.09,18:00,1.0784,1.079,1.0778,1.0782,579
2024.02.09,22:00,1.0781,1.0788,1.0779,1.0784,175
2024.02.11,14:00,1.0784,1.0784,1.0784,1.0784,18
2024.02.11,18:00,1.0784,1.0784,1.0784,1.0784,2
2024.02.11,22:00,1.0781,1.0797,1.0778,1.0797,194
2024.02.12,02:00,1.0796,1.0799,1.079,1.0791,294
2024.02.12,06:00,1.0792,1.0805,1.0788,1.0802,528
2024.02.12,10:00,1.0801,1.0802,1.0762,1.0768,1096
2024.02.12,14:00,1.0769,1.0773,1.0755,1.0767,1149
2024.02.12,18:00,1.0766,1.0785,1.0764,1.0768,687
2024.02.12,22:00,1.0769,1.0775,1.0769,1.0771,526
2024.02.13,02:00,1.0772,1.0774,1.076,1.0761,385
2024.02.13,06:00,1.076,1.0777,1.076,1.077,518
2024.02.13,10:00,1.0771,1.0781,1.0756,1.0777,949
2024.02.13,14:00,1.0778,1.0794,1.07,1.0716,3249
2024.02.13,18:00,1.0717,1.0721,1.07,1.07,1258
2024.02.13,22:00,1.0701,1.0711,1.07,1.0708,514
2024.02.14,02:00,1.0707,1.0713,1.0703,1.0712,612
2024.02.14,06:00,1.0713,1.0718,1.0704,1.0707,669
2024.02.14,10:00,1.0706,1.0709,1.0694,1.0707,978
2024.02.14,14:00,1.0708,1.0724,1.07,1.072,1481
2024.02.14,18:00,1.0719,1.0734,1.0718,1.0727,885
2024.02.14,22:00,1.0728,1.0731,1.0725,1.0731,409
2024.02.15,02:00,1.0732,1.0735,1.0724,1.0725,440
2024.02.15,06:00,1.0724,1.074,1.0724,1.0732,650
2024.02.15,10:00,1.0733,1.0739,1.0727,1.0735,1031
2024.02.15,14:00,1.0736,1.0784,1.0735,1.076,2193
2024.02.15,18:00,1.0761,1.0771,1.0754,1.0768,1158
2024.02.15,22:00,1.0767,1.0776,1.0767,1.0772,252
2024.02.16,02:00,1.0773,1.0773,1.0758,1.0759,585
2024.02.16,06:00,1.0758,1.0767,1.0756,1.076,607
2024.02.16,10:00,1.0761,1.0779,1.0759,1.0776,692
2024.02.16,14:00,1.0777,1.0777,1.0731,1.077,2270
2024.02.16,18:00,1.0771,1.0787,1.0762,1.0776,978
2024.02.16,22:00,1.0775,1.0777,1.0772,1.0776,326
2024.02.17,14:00,1.0776,1.0776,1.0776,1.0776,12
2024.02.17,18:00,1.0776,1.0776,1.0776,1.0776,2
2024.02.18,22:00,1.0775,1.0784,1.0773,1.0783,234
2024.02.19,02:00,1.0784,1.0788,1.0774,1.0775,440
2024.02.19,06:00,1.0774,1.0789,1.0774,1.0782,333
2024.02.19,10:00,1.0783,1.0786,1.0771,1.0776,720
2024.02.19,14:00,1.0775,1.0779,1.0761,1.0766,822
2024.02.19,18:00,1.0765,1.0783,1.0762,1.0778,220
2024.02.19,22:00,1.0777,1.0781,1.0773,1.0775,269
2024.02.20,02:00,1.0776,1.0776,1.0761,1.0767,492
2024.02.20,06:00,1.0768,1.0774,1.0764,1.0769,316
2024.02.20,10:00,1.077,1.0809,1.0768,1.0797,1047
2024.02.20,14:00,1.0798,1.0838,1.0795,1.0822,1667
2024.02.20,18:00,1.0821,1.0824,1.0805,1.0806,954
2024.02.20,22:00,1.0805,1.0812,1.0803,1.0809,459
2024.02.21,02:00,1.0808,1.0818,1.0805,1.0817,420
2024.02.21,06:00,1.0816,1.0818,1.0806,1.081,453
2024.02.21,10:00,1.0809,1.0814,1.0789,1.0798,836
2024.02.21,14:00,1.0799,1.0819,1.0796,1.0804,1189
2024.02.21,18:00,1.0805,1.0823,1.0799,1.0816,1275
2024.02.21,22:00,1.0815,1.0822,1.0812,1.0819,770
2024.02.22,02:00,1.082,1.0831,1.0818,1.0825,434
2024.02.22,06:00,1.0826,1.0853,1.0825,1.0852,651
2024.02.22,10:00,1.0853,1.0887,1.0844,1.0856,1814
2024.02.22,14:00,1.0857,1.0858,1.0802,1.0809,2032
2024.02.22,18:00,1.0808,1.0825,1.0808,1.0821,954
2024.02.22,22:00,1.0822,1.0825,1.0817,1.0825,481
2024.02.23,02:00,1.0826,1.0831,1.0814,1.0824,565
2024.02.23,06:00,1.0825,1.0831,1.082,1.0829,765
2024.02.23,10:00,1.0828,1.0832,1.0813,1.0826,931
2024.02.23,14:00,1.0825,1.0839,1.0811,1.082,1241
2024.02.23,18:00,1.0821,1.0829,1.0814,1.0822,962
2024.02.23,22:00,1.0823,1.0824,1.0817,1.082,296
2024.02.24,06:00,1.082,1.082,1.082,1.082,1
2024.02.25,02:00,1.082,1.082,1.082,1.082,9
2024.02.25,10:00,1.082,1.082,1.082,1.082,1
2024.02.25,18:00,1.082,1.082,1.082,1.082,10
2024.02.25,22:00,1.0831,1.0831,1.0818,1.0818,181
2024.02.26,02:00,1.0819,1.0819,1.0812,1.0818,409
2024.02.26,06:00,1.0817,1.0836,1.0817,1.0831,421
2024.02.26,10:00,1.0832,1.0853,1.0826,1.0851,753
2024.02.26,14:00,1.0852,1.0859,1.0838,1.085,1129
2024.02.26,18:00,1.0849,1.0855,1.0839,1.0845,653
2024.02.26,22:00,1.0846,1.0852,1.0845,1.0849,553
2024.02.27,02:00,1.085,1.0853,1.0845,1.0852,709
2024.02.27,06:00,1.0853,1.0862,1.0846,1.0855,681
2024.02.27,10:00,1.0854,1.0865,1.0841,1.0857,934
2024.02.27,14:00,1.0856,1.0862,1.0832,1.0846,1259
2024.02.27,18:00,1.0845,1.0857,1.084,1.0843,1221
2024.02.27,22:00,1.0842,1.0847,1.084,1.084,432
2024.02.28,02:00,1.0841,1.0845,1.0832,1.0833,679
2024.02.28,06:00,1.0834,1.0835,1.0816,1.0823,514
2024.02.28,10:00,1.0822,1.0823,1.0796,1.0815,1114
2024.02.28,14:00,1.0816,1.0837,1.0806,1.0833,1510
2024.02.28,18:00,1.0834,1.0845,1.083,1.0833,700
2024.02.28,22:00,1.0832,1.084,1.0832,1.0838,456
2024.02.29,02:00,1.0837,1.0839,1.0827,1.0836,856
2024.02.29,06:00,1.0835,1.0839,1.0825,1.0828,837
2024.02.29,10:00,1.0829,1.0853,1.0828,1.0833,1397
2024.02.29,14:00,1.0832,1.0855,1.0818,1.0822,2256
2024.02.29,18:00,1.0821,1.0824,1.0795,1.0802,1167
2024.02.29,22:00,1.0803,1.0809,1.08,1.0805,756
2024.03.01,02:00,1.0806,1.0821,1.0804,1.0816,479
2024.03.01,06:00,1.0815,1.0817,1.0807,1.0812,446
2024.03.01,10:00,1.0811,1.0822,1.0798,1.0818,1306
2024.03.01,14:00,1.0817,1.0841,1.0797,1.0834,2042
2024.03.01,18:00,1.0835,1.0842,1.0822,1.084,1060
2024.03.01,22:00,1.0839,1.084,1.0833,1.0839,373
2024.03.03,18:00,1.0839,1.0839,1.0839,1.0839,15
2024.03.03,22:00,1.0837,1.0843,1.0836,1.0841,153
2024.03.04,02:00,1.084,1.0847,1.0838,1.0843,542
2024.03.04,06:00,1.0844,1.0853,1.0842,1.0853,612
2024.03.04,10:00,1.0854,1.0857,1.0837,1.0855,938
2024.03.04,14:00,1.0856,1.0863,1.0839,1.0862,1047
2024.03.04,18:00,1.0863,1.0866,1.0854,1.0856,884
2024.03.04,22:00,1.0855,1.0859,1.0853,1.0853,667
2024.03.05,02:00,1.0852,1.0854,1.0847,1.0853,292
2024.03.05,06:00,1.0852,1.0853,1.0841,1.0845,458
2024.03.05,10:00,1.0846,1.0855,1.0842,1.0849,824
2024.03.05,14:00,1.0848,1.0875,1.084,1.0871,1642
2024.03.05,18:00,1.087,1.087,1.085,1.0852,1003
2024.03.05,22:00,1.0853,1.0861,1.0848,1.0855,444
2024.03.06,02:00,1.0854,1.0855,1.0841,1.085,717
2024.03.06,06:00,1.0849,1.0865,1.0849,1.0861,737
2024.03.06,10:00,1.086,1.0878,1.0858,1.0875,622
2024.03.06,14:00,1.0876,1.0908,1.0867,1.0904,1823
2024.03.06,18:00,1.0903,1.0914,1.0892,1.0896,1353
2024.03.06,22:00,1.0895,1.0901,1.0892,1.0899,385
2024.03.07,02:00,1.0898,1.0906,1.0893,1.09,873
2024.03.07,06:00,1.0899,1.0905,1.089,1.0893,809
2024.03.07,10:00,1.0894,1.0902,1.0887,1.0893,1074
2024.03.07,14:00,1.0894,1.093,1.0867,1.0929,2471
2024.03.07,18:00,1.0928,1.0948,1.0924,1.0946,1309
2024.03.07,22:00,1.0945,1.095,1.0942,1.095,732
2024.03.08,02:00,1.0951,1.0955,1.0943,1.0946,480
2024.03.08,06:00,1.0947,1.095,1.0931,1.0933,567
2024.03.08,10:00,1.0932,1.0938,1.0925,1.0933,1158
2024.03.08,14:00,1.0934,1.098,1.0918,1.096,3001
2024.03.08,18:00,1.0959,1.0959,1.0933,1.0941,1319
2024.03.08,22:00,1.0942,1.0943,1.0934,1.0938,284
2024.03.09,14:00,1.0938,1.0938,1.0938,1.0938,9
2024.03.09,18:00,1.0938,1.0938,1.0938,1.0938,25
2024.03.10,22:00,1.0936,1.0943,1.0935,1.0942,109
2024.03.11,02:00,1.0941,1.0946,1.0936,1.094,568
2024.03.11,06:00,1.0939,1.0946,1.0934,1.0941,491
2024.03.11,10:00,1.094,1.0947,1.0932,1.0942,813
2024.03.11,14:00,1.0941,1.0942,1.0914,1.0926,1296
2024.03.11,18:00,1.0927,1.0929,1.0917,1.0925,714
2024.03.11,22:00,1.0926,1.093,1.092,1.093,434
2024.03.12,02:00,1.0931,1.0937,1.0926,1.0935,363
2024.03.12,06:00,1.0936,1.0939,1.0931,1.0931,568
2024.03.12,10:00,1.093,1.0935,1.092,1.0933,902
2024.03.12,14:00,1.0934,1.0943,1.0901,1.0917,2706
2024.03.12,18:00,1.0918,1.0925,1.0912,1.0925,788
2024.03.12,22:00,1.0924,1.0928,1.0924,1.0926,369
2024.03.13,02:00,1.0927,1.093,1.0922,1.0927,553
2024.03.13,06:00,1.0926,1.0931,1.092,1.0926,471
2024.03.13,10:00,1.0925,1.0945,1.0919,1.0941,710
2024.03.13,14:00,1.094,1.0947,1.093,1.0942,1157
2024.03.13,18:00,1.0943,1.0963,1.0939,1.0946,716
2024.03.13,22:00,1.0947,1.0954,1.0946,1.0952,465
2024.03.14,02:00,1.0953,1.0954,1.094,1.0941,443
2024.03.14,06:00,1.094,1.0942,1.0931,1.0934,612
2024.03.14,10:00,1.0935,1.0944,1.0934,1.0941,1013
2024.03.14,14:00,1.094,1.0944,1.0882,1.0887,2311
2024.03.14,18:00,1.0888,1.0892,1.088,1.089,953
2024.03.14,22:00,1.0891,1.0891,1.0881,1.0882,376
2024.03.15,02:00,1.0883,1.0884,1.0872,1.0876,406
2024.03.15,06:00,1.0875,1.0884,1.0872,1.088,482
2024.03.15,10:00,1.0881,1.0899,1.0877,1.0893,830
2024.03.15,14:00,1.0892,1.0894,1.0881,1.0887,1282
2024.03.15,18:00,1.0886,1.089,1.0883,1.0888,735
2024.03.15,22:00,1.0889,1.0889,1.0886,1.0888,109
2024.03.17,18:00,1.0888,1.0888,1.0888,1.0888,9
2024.03.17,22:00,1.0888,1.089,1.0881,1.0883,197
2024.03.18,02:00,1.0884,1.0891,1.088,1.0884,488
2024.03.18,06:00,1.0885,1.0896,1.0884,1.0891,503
2024.03.18,10:00,1.089,1.0905,1.089,1.0901,803
2024.03.18,14:00,1.0902,1.0904,1.088,1.0884,803
2024.03.18,18:00,1.0883,1.0884,1.0865,1.0868,575
2024.03.18,22:00,1.0869,1.0874,1.0868,1.0872,289
2024.03.19,02:00,1.0873,1.0875,1.0866,1.0873,619
2024.03.19,06:00,1.0874,1.0876,1.0851,1.0854,750
2024.03.19,10:00,1.0855,1.0855,1.0834,1.085,1064
2024.03.19,14:00,1.0849,1.0864,1.0845,1.0858,1064
2024.03.19,18:00,1.0857,1.0867,1.0854,1.0864,451
2024.03.19,22:00,1.0865,1.0866,1.0861,1.0861,309
2024.03.20,02:00,1.086,1.087,1.0857,1.0869,426
2024.03.20,06:00,1.087,1.0871,1.0864,1.0864,711
2024.03.20,10:00,1.0863,1.0863,1.0836,1.0842,756
2024.03.20,14:00,1.0843,1.0855,1.0836,1.0854,819
2024.03.20,18:00,1.0853,1.0922,1.0853,1.092,2891
2024.03.20,22:00,1.0919,1.0937,1.0918,1.0936,488
2024.03.21,02:00,1.0935,1.0938,1.093,1.0934,622
2024.03.21,06:00,1.0933,1.0942,1.0925,1.0928,578
2024.03.21,10:00,1.0927,1.0928,1.0886,1.0909,1590
2024.03.21,14:00,1.0907,1.0916,1.0855,1.0859,1908
2024.03.21,18:00,1.086,1.0865,1.0855,1.0856,745
2024.03.21,22:00,1.0857,1.0862,1.0856,1.0861,347
2024.03.22,02:00,1.0862,1.0867,1.0835,1.0837,614
2024.03.22,06:00,1.0836,1.0841,1.082,1.0824,677
2024.03.22,10:00,1.0825,1.0827,1.0807,1.0815,933
2024.03.22,14:00,1.0816,1.0831,1.081,1.0815,1102
2024.03.22,18:00,1.0816,1.0816,1.0801,1.0805,550
2024.03.22,22:00,1.0804,1.0809,1.0804,1.0808,101
2024.03.23,06:00,1.0808,1.0808,1.0808,1.0808,1
2024.03.23,14:00,1.0808,1.0808,1.0808,1.0808,9
2024.03.23,18:00,1.0808,1.0808,1.0808,1.0808,4
2024.03.24,22:00,1.0805,1.0809,1.0805,1.0806,180
2024.03.25,02:00,1.0807,1.0821,1.0801,1.0813,609
2024.03.25,06:00,1.0812,1.0822,1.081,1.0813,540
2024.03.25,10:00,1.0812,1.0829,1.0806,1.0827,742
2024.03.25,14:00,1.0828,1.0841,1.0827,1.0836,893
2024.03.25,18:00,1.0837,1.0839,1.0832,1.0838,550
2024.03.25,22:00,1.0837,1.084,1.0834,1.0836,313
2024.03.26,02:00,1.0837,1.0844,1.0835,1.0836,402
2024.03.26,06:00,1.0837,1.0852,1.0836,1.0841,455
2024.03.26,10:00,1.084,1.0863,1.0838,1.0856,843
2024.03.26,14:00,1.0857,1.0858,1.0824,1.0827,1322
2024.03.26,18:00,1.0828,1.0835,1.0823,1.0828,642
2024.03.26,22:00,1.0829,1.0833,1.0827,1.0832,358
2024.03.27,02:00,1.0831,1.0832,1.082,1.0825,503
2024.03.27,06:00,1.0826,1.0833,1.0822,1.0825,429
2024.03.27,10:00,1.0826,1.0838,1.0817,1.082,999
2024.03.27,14:00,1.0821,1.0822,1.081,1.0819,1053
2024.03.27,18:00,1.082,1.0827,1.0817,1.0826,536
2024.03.27,22:00,1.0827,1.0828,1.0809,1.0812,379
2024.03.28,02:00,1.0813,1.0825,1.0807,1.0821,497
2024.03.28,06:00,1.082,1.0826,1.0799,1.08,525
2024.03.28,10:00,1.0801,1.0801,1.0774,1.0783,882
2024.03.28,14:00,1.0784,1.0818,1.0783,1.08,1578
2024.03.28,18:00,1.0799,1.0804,1.0784,1.0787,699
2024.03.28,22:00,1.0786,1.0794,1.0784,1.079,1109
2024.03.29,02:00,1.0789,1.079,1.0773,1.0774,801
2024.03.29,06:00,1.0775,1.0781,1.0767,1.0768,624
2024.03.29,10:00,1.0767,1.079,1.0767,1.0786,837
2024.03.29,14:00,1.0787,1.0805,1.0782,1.0791,1211
2024.03.29,18:00,1.0792,1.0793,1.0786,1.079,923
2024.03.29,22:00,1.0791,1.0796,1.079,1.0794,396
2024.03.30,22:00,1.0794,1.0794,1.0794,1.0794,1
2024.03.31,02:00,1.0794,1.0794,1.0794,1.0794,7
2024.03.31,11:00,1.0794,1.0794,1.0794,1.0794,8
2024.03.31,15:00,1.0794,1.0794,1.0794,1.0794,3
2024.03.31,23:00,1.0791,1.0796,1.0785,1.0792,322
2024.04.01,03:00,1.0793,1.0798,1.0784,1.0789,519
2024.04.01,07:00,1.079,1.0791,1.0782,1.0785,300
2024.04.01,11:00,1.0784,1.0791,1.0779,1.0783,358
2024.04.01,15:00,1.0784,1.0785,1.073,1.0732,1286
2024.04.01,19:00,1.0731,1.0743,1.073,1.0741,525
2024.04.01,23:00,1.0742,1.0744,1.0735,1.0736,238
2024.04.02,03:00,1.0735,1.0738,1.0729,1.0729,478
2024.04.02,07:00,1.0728,1.0742,1.0724,1.074,695
2024.04.02,11:00,1.0739,1.0753,1.0726,1.0751,935
2024.04.02,15:00,1.0752,1.0778,1.0745,1.0768,1647
2024.04.02,19:00,1.0769,1.0769,1.0759,1.0767,426
2024.04.02,23:00,1.0766,1.0773,1.0765,1.0767,363
2024.04.03,03:00,1.0768,1.0779,1.0765,1.0776,449
2024.04.03,07:00,1.0775,1.0777,1.0763,1.077,428
2024.04.03,11:00,1.0769,1.0784,1.0764,1.0783,675
2024.04.03,15:00,1.0784,1.083,1.0772,1.0826,1946
2024.04.03,19:00,1.0825,1.0836,1.082,1.0833,777
2024.04.03,23:00,1.0832,1.084,1.0832,1.0837,177
2024.04.04,03:00,1.0838,1.0843,1.0834,1.0842,305
2024.04.04,07:00,1.0843,1.0857,1.0838,1.0856,509
2024.04.04,11:00,1.0855,1.0865,1.085,1.0852,701
2024.04.04,15:00,1.0853,1.0876,1.085,1.0864,966
2024.04.04,19:00,1.0865,1.0866,1.0832,1.0833,943
2024.04.04,23:00,1.0832,1.084,1.0831,1.0835,715
2024.04.05,03:00,1.0836,1.0843,1.0822,1.0826,541
2024.04.05,07:00,1.0827,1.084,1.0822,1.0838,574
2024.04.05,11:00,1.0837,1.0845,1.083,1.0834,730
2024.04.05,15:00,1.0835,1.0847,1.0791,1.0839,2587
2024.04.05,19:00,1.084,1.0843,1.083,1.0835,684
2024.04.05,23:00,1.0834,1.0837,1.0833,1.0836,49
2024.04.07,23:00,1.0837,1.0837,1.0826,1.0829,405
2024.04.08,03:00,1.0828,1.0842,1.0822,1.0833,564
2024.04.08,07:00,1.0834,1.0837,1.0828,1.0831,596
2024.04.08,11:00,1.0832,1.0834,1.082,1.0823,712
2024.04.08,15:00,1.0822,1.0858,1.0821,1.0852,1179
2024.04.08,19:00,1.0851,1.0861,1.0846,1.0856,432
2024.04.08,23:00,1.0855,1.0863,1.0855,1.0861,655
2024.04.09,03:00,1.0862,1.0863,1.0853,1.0855,388
2024.04.09,07:00,1.0856,1.0862,1.085,1.0853,510
2024.04.09,11:00,1.0852,1.0872,1.0848,1.086,673
2024.04.09,15:00,1.0861,1.0884,1.0851,1.0855,1461
2024.04.09,19:00,1.0854,1.0859,1.0847,1.0856,514
2024.04.09,23:00,1.0855,1.0859,1.0853,1.0858,428
2024.04.10,03:00,1.0857,1.0858,1.085,1.0852,394
2024.04.10,07:00,1.0851,1.0856,1.0847,1.0855,541
2024.04.10,11:00,1.0854,1.0866,1.085,1.0855,634
2024.04.10,15:00,1.0856,1.0864,1.0733,1.0736,3240
2024.04.10,19:00,1.0737,1.0753,1.0728,1.0743,1641
2024.04.10,23:00,1.0742,1.0745,1.0738,1.074,340
2024.04.11,03:00,1.0739,1.0748,1.0737,1.0744,622
2024.04.11,07:00,1.0745,1.0746,1.0726,1.0742,658
2024.04.11,11:00,1.0743,1.0749,1.0725,1.0727,957
2024.04.11,15:00,1.0728,1.0756,1.0698,1.072,3046
2024.04.11,19:00,1.0721,1.0734,1.0713,1.0728,831
2024.04.11,23:00,1.0727,1.0729,1.0723,1.0725,165
2024.04.12,03:00,1.0724,1.0727,1.0714,1.0716,359
2024.04.12,07:00,1.0717,1.0717,1.0674,1.0683,929
2024.04.12,11:00,1.0684,1.0684,1.0643,1.065,1143
2024.04.12,15:00,1.0651,1.0655,1.0622,1.0646,2132
2024.04.12,19:00,1.0645,1.065,1.0636,1.0637,1339
2024.04.12,23:00,1.0636,1.0643,1.0636,1.064,72
2024.04.13,15:00,1.064,1.064,1.064,1.064,3
2024.04.13,19:00,1.064,1.064,1.064,1.064,2
2024.04.14,23:00,1.0635,1.0651,1.0632,1.0645,442
2024.04.15,03:00,1.0646,1.0654,1.0638,1.0651,568
2024.04.15,07:00,1.065,1.0664,1.0646,1.0657,922
2024.04.15,11:00,1.0658,1.0664,1.0651,1.0654,757
2024.04.15,15:00,1.0653,1.066,1.0621,1.0642,2252
2024.04.15,19:00,1.0643,1.0646,1.0619,1.0625,1317
2024.04.15,23:00,1.0624,1.0628,1.062,1.0624,318
2024.04.16,03:00,1.0623,1.0625,1.0605,1.0611,697
2024.04.16,07:00,1.061,1.0622,1.0601,1.0617,970
2024.04.16,11:00,1.0618,1.0646,1.0612,1.0641,1198
2024.04.16,15:00,1.0642,1.0653,1.0621,1.0627,2334
2024.04.16,19:00,1.0626,1.0634,1.06,1.0621,1853
2024.04.16,23:00,1.0622,1.0625,1.0612,1.062,610
2024.04.17,03:00,1.0621,1.0635,1.0616,1.0626,636
2024.04.17,07:00,1.0627,1.0637,1.0605,1.0624,917
2024.04.17,11:00,1.0625,1.0648,1.0623,1.0635,1041
2024.04.17,15:00,1.0636,1.0652,1.0629,1.0642,1597
2024.04.17,19:00,1.0643,1.0679,1.0635,1.067,1639
2024.04.17,23:00,1.0671,1.0674,1.0667,1.0668,230
2024.04.18,03:00,1.0669,1.0679,1.0663,1.0679,419
2024.04.18,07:00,1.0678,1.0689,1.0674,1.068,807
2024.04.18,11:00,1.0679,1.0683,1.0669,1.0677,790
2024.04.18,15:00,1.0678,1.0679,1.0646,1.0659,2132
2024.04.18,19:00,1.066,1.0661,1.0641,1.0643,804
2024.04.18,23:00,1.0642,1.0645,1.0639,1.0641,179
2024.04.19,03:00,1.064,1.0644,1.061,1.0636,2257
2024.04.19,07:00,1.0637,1.0658,1.0626,1.0654,1330
2024.04.19,11:00,1.0653,1.0661,1.0642,1.0651,1170
2024.04.19,15:00,1.065,1.0677,1.0649,1.0654,1866
2024.04.19,19:00,1.0655,1.0659,1.0639,1.0654,1148
2024.04.19,23:00,1.0653,1.0657,1.0652,1.0656,62
2024.04.20,15:00,1.0656,1.0656,1.0656,1.0656,16
2024.04.22,15:00,1.063,1.0647,1.0623,1.0646,808
2024.04.22,19:00,1.0647,1.066,1.0645,1.0651,499
2024.04.22,23:00,1.065,1.0655,1.065,1.0653,184
2024.04.23,03:00,1.0654,1.066,1.0653,1.0655,476
2024.04.23,07:00,1.0656,1.0694,1.0638,1.0677,896
2024.04.23,11:00,1.0678,1.0682,1.0652,1.0674,1139
2024.04.23,15:00,1.0673,1.071,1.0659,1.0694,2165
2024.04.23,19:00,1.0693,1.0707,1.0691,1.0702,794
2024.04.23,23:00,1.0701,1.0704,1.0699,1.0702,177
2024.04.24,03:00,1.0701,1.0713,1.0699,1.0705,657
2024.04.24,07:00,1.0706,1.0708,1.0684,1.0688,602
2024.04.24,11:00,1.0687,1.0692,1.068,1.0688,726
2024.04.24,15:00,1.0689,1.0702,1.0677,1.0685,1449
2024.04.24,19:00,1.0686,1.0706,1.0682,1.07,979
2024.04.24,23:00,1.0699,1.07,1.0693,1.0699,220
2024.04.25,03:00,1.07,1.0708,1.0696,1.0705,494
2024.04.25,07:00,1.0704,1.0727,1.0704,1.072,701
2024.04.25,11:00,1.0719,1.0729,1.0716,1.0719,841
2024.04.25,15:00,1.0718,1.0739,1.0677,1.0719,2954
2024.04.25,19:00,1.0718,1.0738,1.0714,1.0728,913
2024.04.25,23:00,1.0729,1.0731,1.0725,1.0726,135
2024.04.26,03:00,1.0725,1.0728,1.0718,1.0722,390
2024.04.26,07:00,1.0721,1.0738,1.072,1.0728,710
2024.04.26,11:00,1.0729,1.0752,1.0714,1.0715,1187
2024.04.26,15:00,1.0714,1.074,1.0673,1.0685,2392
2024.04.26,19:00,1.0686,1.0706,1.0683,1.0698,535
2024.04.26,23:00,1.0699,1.0701,1.069,1.0693,87
2024.04.28,23:00,1.0696,1.0706,1.0692,1.0706,187
2024.04.29,03:00,1.0707,1.0719,1.0705,1.0715,767
2024.04.29,07:00,1.0714,1.0733,1.0707,1.0717,2063
2024.04.29,11:00,1.0718,1.0726,1.0696,1.0713,1326
2024.04.29,15:00,1.0714,1.0723,1.0689,1.0716,1369
2024.04.29,19:00,1.0715,1.0729,1.0714,1.072,972
2024.04.29,23:00,1.0721,1.0723,1.0713,1.0714,269
2024.04.30,03:00,1.0713,1.0717,1.0702,1.0704,534
2024.04.30,07:00,1.0705,1.0709,1.0689,1.0704,808
2024.04.30,11:00,1.0703,1.0734,1.0692,1.0719,877
2024.04.30,15:00,1.0718,1.0723,1.0682,1.0683,2861
2024.04.30,19:00,1.0684,1.0686,1.0671,1.0671,880
2024.04.30,23:00,1.0672,1.0673,1.0664,1.0665,358
2024.05.01,03:00,1.0666,1.0666,1.0655,1.0655,542
2024.05.01,07:00,1.0656,1.0661,1.0648,1.0661,644
2024.05.01,11:00,1.066,1.0672,1.066,1.0671,696
2024.05.01,15:00,1.0672,1.0689,1.0671,1.0678,1654
2024.05.01,19:00,1.0677,1.0732,1.067,1.0689,3219
2024.05.01,23:00,1.0688,1.0722,1.0686,1.0716,1112
2024.05.02,03:00,1.0715,1.072,1.0706,1.0714,600
2024.05.02,07:00,1.0715,1.0727,1.0711,1.0714,953
2024.05.02,11:00,1.0715,1.0718,1.0695,1.0701,1026
2024.05.02,15:00,1.0702,1.0711,1.0673,1.0704,2261
2024.05.02,19:00,1.0705,1.0729,1.0701,1.0726,882
2024.05.02,23:00,1.0727,1.073,1.0723,1.0729,315
2024.05.03,03:00,1.0728,1.0739,1.0724,1.0734,757
2024.05.03,07:00,1.0735,1.0737,1.0724,1.0734,696
2024.05.03,11:00,1.0733,1.0749,1.0732,1.0745,1044
2024.05.03,15:00,1.0744,1.0811,1.0743,1.0768,4278
2024.05.03,19:00,1.0767,1.0772,1.0758,1.0763,806
2024.05.03,23:00,1.0764,1.0766,1.0762,1.0762,73
2024.05.05,23:00,1.0761,1.0762,1.0755,1.0755,245
2024.05.06,03:00,1.0754,1.0771,1.0752,1.0764,834
2024.05.06,07:00,1.0763,1.0769,1.0758,1.0761,816
2024.05.06,11:00,1.076,1.0775,1.0757,1.0772,934
2024.05.06,15:00,1.0771,1.079,1.0771,1.0778,880
2024.05.06,19:00,1.0777,1.0778,1.0766,1.0766,448
2024.05.06,23:00,1.0767,1.077,1.0765,1.0766,137
2024.05.07,03:00,1.0767,1.0776,1.076,1.0768,511
2024.05.07,07:00,1.0769,1.0769,1.0753,1.0763,713
2024.05.07,11:00,1.0764,1.0769,1.0754,1.0766,857
2024.05.07,15:00,1.0765,1.0786,1.0763,1.0766,1000
2024.05.07,19:00,1.0765,1.0773,1.0747,1.0756,712
2024.05.07,23:00,1.0755,1.0756,1.0747,1.0749,209
2024.05.08,03:00,1.075,1.0753,1.0737,1.074,365
2024.05.08,07:00,1.0739,1.0748,1.0736,1.0738,486
2024.05.08,11:00,1.0737,1.0753,1.0734,1.0745,835
2024.05.08,15:00,1.0744,1.0756,1.0739,1.0754,1067
2024.05.08,19:00,1.0753,1.0754,1.074,1.0744,600
2024.05.08,23:00,1.0745,1.075,1.0743,1.0746,228
2024.05.09,03:00,1.0745,1.0751,1.0741,1.0747,557
2024.05.09,07:00,1.0746,1.0749,1.0729,1.0734,601
2024.05.09,11:00,1.0733,1.0738,1.0723,1.0726,1060
2024.05.09,15:00,1.0727,1.0781,1.0727,1.077,1714
2024.05.09,19:00,1.0769,1.0783,1.0769,1.0781,782
2024.05.09,23:00,1.078,1.0785,1.078,1.0781,150
2024.05.10,03:00,1.078,1.0782,1.0772,1.0775,336
2024.05.10,07:00,1.0776,1.0783,1.0771,1.078,592
2024.05.10,11:00,1.0781,1.0786,1.0774,1.0778,770
2024.05.10,15:00,1.0779,1.0789,1.0759,1.0771,1591
2024.05.10,19:00,1.0772,1.0778,1.0769,1.0771,563
2024.05.10,23:00,1.077,1.0771,1.0768,1.0769,36
2024.05.12,23:00,1.0772,1.0774,1.0767,1.0769,251
2024.05.13,03:00,1.077,1.0772,1.0765,1.0771,425
2024.05.13,07:00,1.077,1.0779,1.0768,1.0775,506
2024.05.13,11:00,1.0774,1.0794,1.0773,1.0788,661
2024.05.13,15:00,1.0789,1.0806,1.0788,1.0794,977
2024.05.13,19:00,1.0795,1.0798,1.0786,1.0788,618
2024.05.13,23:00,1.0787,1.0793,1.0787,1.0791,116
2024.05.14,03:00,1.0789,1.079,1.0783,1.0787,491
2024.05.14,07:00,1.0788,1.0789,1.0782,1.0786,553
2024.05.14,11:00,1.0785,1.0798,1.0774,1.0792,714
2024.05.14,15:00,1.0791,1.0825,1.0766,1.0817,2031
2024.05.14,19:00,1.0816,1.0822,1.0813,1.0819,464
2024.05.14,23:00,1.082,1.082,1.0813,1.0813,174
2024.05.15,03:00,1.0812,1.0827,1.0812,1.0825,406
2024.05.15,07:00,1.0824,1.0832,1.082,1.0825,662
2024.05.15,11:00,1.0826,1.0834,1.0821,1.0828,827
2024.05.15,15:00,1.0829,1.0874,1.0827,1.0859,2762
2024.05.15,19:00,1.0858,1.0882,1.0855,1.0881,658
2024.05.15,23:00,1.0882,1.0889,1.0878,1.0888,384
2024.05.16,03:00,1.0887,1.0894,1.0881,1.0886,496
2024.05.16,07:00,1.0885,1.0886,1.0872,1.0874,714
2024.05.16,11:00,1.0873,1.0876,1.0861,1.0866,768
2024.05.16,15:00,1.0867,1.0875,1.0854,1.0874,1494
2024.05.16,19:00,1.0875,1.0875,1.0865,1.0866,524
2024.05.16,23:00,1.0865,1.0868,1.0863,1.0867,221
2024.05.17,03:00,1.0868,1.0868,1.0853,1.0858,408
2024.05.17,07:00,1.0859,1.0867,1.0855,1.0858,512
2024.05.17,11:00,1.0859,1.0859,1.0835,1.0842,716
2024.05.17,15:00,1.0843,1.0878,1.0838,1.0868,1178
2024.05.17,19:00,1.0867,1.0876,1.0866,1.0872,451
2024.05.17,23:00,1.0871,1.0872,1.0868,1.0869,59
2024.05.19,23:00,1.0868,1.0873,1.0864,1.0872,122
2024.05.20,03:00,1.0871,1.0878,1.0868,1.0877,345
2024.05.20,07:00,1.0878,1.0884,1.0868,1.0872,619
2024.05.20,11:00,1.0873,1.0875,1.0859,1.086,614
2024.05.20,15:00,1.0859,1.0869,1.0854,1.086,1072
2024.05.20,19:00,1.0861,1.087,1.0858,1.0859,401
2024.05.20,23:00,1.0858,1.086,1.0855,1.0859,212
2024.05.21,03:00,1.086,1.0861,1.085,1.0855,458
2024.05.21,07:00,1.0854,1.0866,1.0854,1.0864,590
2024.05.21,11:00,1.0863,1.0874,1.0859,1.0868,824
2024.05.21,15:00,1.0869,1.087,1.0842,1.0853,1833
2024.05.21,19:00,1.0852,1.0856,1.0846,1.0855,606
2024.05.21,23:00,1.0854,1.0859,1.0853,1.0853,172
2024.05.22,03:00,1.0854,1.0863,1.0853,1.0855,584
2024.05.22,07:00,1.0854,1.0863,1.0849,1.0857,721
2024.05.22,11:00,1.0856,1.0856,1.0821,1.0827,920
2024.05.22,15:00,1.0826,1.0841,1.0826,1.0835,1394
2024.05.22,19:00,1.0836,1.0846,1.0817,1.082,1055
2024.05.22,23:00,1.0819,1.0826,1.0819,1.0824,252
2024.05.23,03:00,1.0825,1.083,1.0821,1.0829,395
2024.05.23,07:00,1.083,1.0834,1.0812,1.0828,911
2024.05.23,11:00,1.0829,1.0852,1.0827,1.085,938
2024.05.23,15:00,1.0849,1.086,1.0819,1.0825,2066
2024.05.23,19:00,1.0826,1.083,1.0804,1.0809,978
2024.05.23,23:00,1.0808,1.0815,1.0808,1.0811,257
2024.05.24,03:00,1.081,1.0813,1.0805,1.0805,324
2024.05.24,07:00,1.0806,1.0825,1.0805,1.0823,626
2024.05.24,11:00,1.0822,1.0843,1.0819,1.084,730
2024.05.24,15:00,1.0841,1.0855,1.0837,1.085,1186
2024.05.24,19:00,1.0851,1.0857,1.0845,1.0848,456
2024.05.26,23:00,1.0844,1.085,1.0842,1.0846,157
2024.05.27,03:00,1.0847,1.0851,1.0846,1.0848,456
2024.05.27,07:00,1.0847,1.0852,1.0843,1.085,342
2024.05.27,11:00,1.0849,1.0867,1.0844,1.0857,713
2024.05.27,15:00,1.0854,1.0859,1.084,1.0859,879
2024.05.27,19:00,1.086,1.0861,1.0856,1.0859,188
2024.05.27,23:00,1.086,1.0861,1.0853,1.0861,525
2024.05.28,03:00,1.086,1.0878,1.086,1.0877,664
2024.05.28,07:00,1.0878,1.0879,1.0871,1.0876,546
2024.05.28,11:00,1.0875,1.0888,1.0866,1.0883,672
2024.05.28,15:00,1.0884,1.0884,1.0857,1.0877,1397
2024.05.28,19:00,1.0878,1.0878,1.0854,1.086,873
2024.05.28,23:00,1.0861,1.0861,1.085,1.085,396
2024.05.29,03:00,1.0849,1.0856,1.0845,1.0846,541
2024.05.29,07:00,1.0845,1.0858,1.0843,1.0851,643
2024.05.29,11:00,1.085,1.0855,1.0828,1.0849,1194
2024.05.29,15:00,1.0851,1.0858,1.0808,1.081,1648
2024.05.29,19:00,1.0809,1.0817,1.0799,1.0801,945
2024.05.29,23:00,1.08,1.0806,1.0799,1.08,216
2024.05.30,03:00,1.0799,1.0804,1.0793,1.0797,643
2024.05.30,07:00,1.0798,1.081,1.0787,1.0807,916
2024.05.30,11:00,1.0808,1.0821,1.0802,1.0817,1168
2024.05.30,15:00,1.0816,1.0844,1.0812,1.0836,1676
2024.05.30,19:00,1.0837,1.0842,1.0826,1.0829,645
2024.05.30,23:00,1.0828,1.0834,1.0828,1.0831,253
2024.05.31,03:00,1.083,1.0833,1.081,1.0818,565
2024.05.31,07:00,1.0819,1.0825,1.0814,1.0822,775
2024.05.31,11:00,1.0823,1.0854,1.0822,1.0852,1076
2024.05.31,15:00,1.0851,1.0881,1.0841,1.0845,2316
2024.05.31,19:00,1.0844,1.0852,1.0839,1.085,989
2024.05.31,23:00,1.0849,1.0851,1.0845,1.0849,63
2024.06.02,23:00,1.0847,1.0853,1.0846,1.0852,314
2024.06.03,03:00,1.0851,1.0858,1.0848,1.0849,617
2024.06.03,07:00,1.0848,1.0858,1.0839,1.0839,828
2024.06.03,11:00,1.0838,1.0844,1.0827,1.0843,1070
2024.06.03,15:00,1.0842,1.0889,1.084,1.0889,1643
2024.06.03,19:00,1.0888,1.0899,1.088,1.0899,688
2024.06.03,23:00,1.09,1.0909,1.0899,1.0906,253
2024.06.04,03:00,1.0907,1.0915,1.0904,1.0907,547
2024.06.04,07:00,1.0906,1.091,1.0884,1.0889,844
2024.06.04,11:00,1.0888,1.089,1.0858,1.0861,1536
2024.06.04,15:00,1.0862,1.0883,1.0861,1.0877,1756
2024.06.04,19:00,1.0876,1.0887,1.0876,1.088,805
2024.06.04,23:00,1.0879,1.0881,1.0877,1.0881,179
2024.06.05,03:00,1.088,1.0885,1.0876,1.0877,338
2024.06.05,07:00,1.0878,1.0881,1.087,1.0871,576
2024.06.05,11:00,1.087,1.0876,1.0859,1.0868,675
2024.06.05,15:00,1.0867,1.089,1.0861,1.0864,1849
2024.06.05,19:00,1.0863,1.0876,1.0854,1.0873,569
2024.06.05,23:00,1.0872,1.0874,1.0867,1.0873,253
2024.06.06,03:00,1.0874,1.0895,1.0874,1.089,569
2024.06.06,07:00,1.0889,1.089,1.0875,1.0877,807
2024.06.06,11:00,1.0876,1.0881,1.0861,1.0867,862
2024.06.06,15:00,1.0866,1.0901,1.0863,1.0881,2427
2024.06.06,19:00,1.088,1.0893,1.0879,1.0888,668
2024.06.06,23:00,1.0889,1.0892,1.0888,1.0891,261
2024.06.07,03:00,1.089,1.0897,1.0886,1.0894,835
2024.06.07,07:00,1.0893,1.0898,1.0887,1.0892,894
2024.06.07,11:00,1.0891,1.0901,1.0882,1.0897,1111
2024.06.07,15:00,1.0898,1.0898,1.0803,1.0806,2937
2024.06.07,19:00,1.0807,1.0811,1.0799,1.0799,931
2024.06.07,23:00,1.08,1.0803,1.0799,1.0801,68
2024.06.09,23:00,1.0771,1.0779,1.0764,1.0778,536
2024.06.10,03:00,1.0779,1.0781,1.0755,1.0755,501
2024.06.10,07:00,1.0754,1.0766,1.0747,1.0764,1135
2024.06.10,11:00,1.0763,1.0767,1.0732,1.0753,967
2024.06.10,15:00,1.0754,1.076,1.0732,1.0749,1212
2024.06.10,19:00,1.075,1.0765,1.0749,1.0762,745
2024.06.10,23:00,1.0761,1.0767,1.0759,1.0762,280
2024.06.11,03:00,1.0763,1.0768,1.076,1.0768,366
2024.06.11,07:00,1.0767,1.0773,1.076,1.0763,615
2024.06.11,11:00,1.0762,1.0764,1.0723,1.0728,1483
2024.06.11,15:00,1.0729,1.0736,1.0719,1.0732,1512
2024.06.11,19:00,1.0731,1.0748,1.0731,1.0739,655
2024.06.11,23:00,1.074,1.0742,1.0737,1.0739,171
2024.06.12,03:00,1.0738,1.0742,1.0734,1.0739,342
2024.06.12,07:00,1.074,1.0746,1.0735,1.0744,635
2024.06.12,11:00,1.0745,1.0765,1.0743,1.0763,960
2024.06.12,15:00,1.0764,1.0851,1.0761,1.0842,2189
2024.06.12,19:00,1.0841,1.0847,1.0803,1.0806,2971
2024.06.12,23:00,1.0805,1.0814,1.0803,1.0812,258
2024.06.13,03:00,1.0811,1.0815,1.0803,1.0806,296
2024.06.13,07:00,1.0805,1.0815,1.0799,1.0813,463
2024.06.13,11:00,1.0814,1.0814,1.0782,1.0782,962
2024.06.13,15:00,1.0783,1.0815,1.0752,1.0754,2332
2024.06.13,19:00,1.0755,1.0755,1.0732,1.074,1100
2024.06.13,23:00,1.0739,1.0742,1.0734,1.0737,272
2024.06.14,03:00,1.0736,1.0744,1.0734,1.0739,504
2024.06.14,07:00,1.074,1.074,1.0705,1.0707,1061
2024.06.14,11:00,1.0706,1.0711,1.0671,1.0694,1758
2024.06.14,15:00,1.0693,1.0699,1.0667,1.0698,2236
2024.06.14,19:00,1.0697,1.0705,1.0692,1.0705,835
2024.06.16,23:00,1.0704,1.0709,1.0701,1.0702,240
2024.06.17,03:00,1.0703,1.0706,1.0698,1.0703,435
2024.06.17,07:00,1.0702,1.0708,1.0685,1.07,1238
2024.06.17,11:00,1.0699,1.0717,1.0699,1.0709,1243
2024.06.17,15:00,1.0708,1.0724,1.0706,1.0721,1346
2024.06.17,19:00,1.0722,1.0737,1.072,1.0731,738
2024.06.17,23:00,1.0732,1.074,1.073,1.0739,172
2024.06.18,03:00,1.0738,1.074,1.072,1.0724,389
2024.06.18,07:00,1.0723,1.0734,1.0717,1.0722,713
2024.06.18,11:00,1.0723,1.0725,1.0709,1.0716,1117
2024.06.18,15:00,1.0715,1.0761,1.071,1.0738,1943
2024.06.18,19:00,1.0737,1.0742,1.0731,1.0738,801
2024.06.18,23:00,1.0737,1.074,1.0736,1.0738,210
2024.06.19,03:00,1.0739,1.0742,1.0734,1.0737,423
2024.06.19,07:00,1.0736,1.0741,1.0724,1.0736,930
2024.06.19,11:00,1.0737,1.0752,1.0732,1.075,1038
2024.06.19,15:00,1.0751,1.0752,1.074,1.0748,741
2024.06.19,19:00,1.0747,1.0748,1.0741,1.0744,96
2024.06.19,23:00,1.0743,1.0748,1.0741,1.0746,208
2024.06.20,03:00,1.0745,1.0747,1.0738,1.0741,349
2024.06.20,07:00,1.074,1.0744,1.0723,1.0723,648
2024.06.20,11:00,1.0722,1.0731,1.0712,1.0713,1128
2024.06.20,15:00,1.0714,1.073,1.0706,1.0706,1499
2024.06.20,19:00,1.0707,1.0717,1.0702,1.0704,936
2024.06.20,23:00,1.0703,1.0707,1.07,1.0705,247
2024.06.21,03:00,1.0704,1.0717,1.0702,1.0715,528
2024.06.21,07:00,1.0714,1.072,1.067,1.0675,1048
2024.06.21,11:00,1.0676,1.0697,1.0675,1.0688,1179
2024.06.21,15:00,1.0689,1.0697,1.0677,1.0693,1643
2024.06.21,19:00,1.0692,1.0696,1.0689,1.0691,538
2024.06.21,23:00,1.069,1.0694,1.069,1.0692,81
2024.06.23,23:00,1.0689,1.0695,1.0686,1.0687,247
2024.06.24,03:00,1.0686,1.0693,1.0683,1.0691,402
2024.06.24,07:00,1.069,1.0714,1.069,1.0712,523
2024.06.24,11:00,1.0711,1.0735,1.0708,1.0735,1170
2024.06.24,15:00,1.0734,1.0745,1.0723,1.0726,1449
2024.06.24,19:00,1.0725,1.0737,1.0721,1.0735,525
2024.06.24,23:00,1.0734,1.0737,1.0729,1.0731,189
2024.06.25,03:00,1.0732,1.0739,1.0731,1.0738,461
2024.06.25,07:00,1.0737,1.0743,1.072,1.0726,617
2024.06.25,11:00,1.0725,1.0735,1.0708,1.0709,848
2024.06.25,15:00,1.0708,1.0714,1.069,1.0703,1241
2024.06.25,19:00,1.0702,1.0717,1.0701,1.0715,918
2024.06.25,23:00,1.0714,1.0715,1.0708,1.0708,187
2024.06.26,03:00,1.0707,1.0717,1.0705,1.071,336
2024.06.26,07:00,1.0709,1.0711,1.0684,1.0693,631
2024.06.26,11:00,1.0692,1.0699,1.0679,1.0693,844
2024.06.26,15:00,1.0694,1.0695,1.0665,1.0681,1729
2024.06.26,19:00,1.068,1.069,1.0674,1.068,743
2024.06.26,23:00,1.0681,1.0682,1.0677,1.0679,240
2024.06.27,03:00,1.0678,1.0691,1.0676,1.069,409
2024.06.27,07:00,1.0691,1.0698,1.0687,1.0689,673
2024.06.27,11:00,1.0688,1.0704,1.068,1.0692,969
2024.06.27,15:00,1.0693,1.0726,1.0693,1.0706,1854
2024.06.27,19:00,1.0705,1.0709,1.07,1.0702,732
2024.06.27,23:00,1.0703,1.0709,1.0702,1.0707,197
2024.06.28,03:00,1.0706,1.071,1.0684,1.0691,612
2024.06.28,07:00,1.069,1.0703,1.0685,1.0696,609
2024.06.28,11:00,1.0695,1.0711,1.0691,1.0696,902
2024.06.28,15:00,1.0697,1.0721,1.0692,1.071,2464
2024.06.28,19:00,1.0711,1.0724,1.0705,1.071,884
2024.06.28,23:00,1.0709,1.0713,1.0707,1.0712,86
2024.06.30,23:00,1.0741,1.0745,1.0732,1.0734,413
2024.07.01,03:00,1.0735,1.0761,1.0734,1.0752,717
2024.07.01,07:00,1.0751,1.0775,1.075,1.0754,1104
2024.07.01,11:00,1.0753,1.0771,1.0742,1.0748,960
2024.07.01,15:00,1.0747,1.0768,1.0719,1.0726,1845
2024.07.01,19:00,1.0725,1.0738,1.0723,1.0738,748
2024.07.01,23:00,1.0737,1.0742,1.0735,1.0736,259
2024.07.02,03:00,1.0737,1.0738,1.073,1.0731,321
2024.07.02,07:00,1.0732,1.0735,1.0711,1.0717,720
2024.07.02,11:00,1.0718,1.0724,1.0709,1.0723,906
2024.07.02,15:00,1.0724,1.0746,1.0723,1.0735,1930
2024.07.02,19:00,1.0736,1.0746,1.073,1.0745,412
2024.07.02,23:00,1.0744,1.0748,1.0743,1.0747,192
2024.07.03,03:00,1.0748,1.0753,1.074,1.0743,356
2024.07.03,07:00,1.0742,1.0761,1.0735,1.0759,767
2024.07.03,11:00,1.0758,1.0763,1.0752,1.0757,851
2024.07.03,15:00,1.0758,1.0816,1.0754,1.0798,1964
2024.07.03,19:00,1.0797,1.0799,1.0777,1.0784,554
2024.07.03,23:00,1.0783,1.0791,1.0783,1.079,182
2024.07.04,03:00,1.0791,1.0794,1.0783,1.0784,386
2024.07.04,07:00,1.0785,1.0796,1.0784,1.0793,591
2024.07.04,11:00,1.0794,1.0802,1.0793,1.0796,761
2024.07.04,15:00,1.0795,1.0813,1.0794,1.081,744
2024.07.04,19:00,1.0809,1.0813,1.0809,1.0812,216
2024.07.04,23:00,1.0813,1.0813,1.0808,1.081,174
2024.07.05,03:00,1.0809,1.0824,1.0809,1.0821,394
2024.07.05,07:00,1.082,1.0829,1.0816,1.0828,625
2024.07.05,11:00,1.0827,1.0831,1.0818,1.0818,616
2024.07.05,15:00,1.0819,1.0841,1.08,1.0827,2418
2024.07.05,19:00,1.0828,1.0842,1.0822,1.0841,672
2024.07.05,23:00,1.084,1.084,1.0837,1.0839,106
2024.07.07,23:00,1.0806,1.0831,1.0806,1.0825,420
2024.07.08,03:00,1.0824,1.0835,1.0818,1.0831,531
2024.07.08,07:00,1.083,1.0837,1.0814,1.0836,819
2024.07.08,11:00,1.0837,1.0842,1.0823,1.0833,1057
2024.07.08,15:00,1.0834,1.0844,1.083,1.0834,1244
2024.07.08,19:00,1.0835,1.0835,1.0821,1.0824,409
2024.07.08,23:00,1.0823,1.083,1.0822,1.083,126
2024.07.09,03:00,1.0831,1.0832,1.0818,1.0827,341
2024.07.09,07:00,1.0828,1.083,1.0816,1.0817,684
2024.07.09,11:00,1.0816,1.0828,1.0811,1.0813,872
2024.07.09,15:00,1.0814,1.0827,1.0805,1.0812,1633
2024.07.09,19:00,1.0813,1.0815,1.0805,1.0813,609
2024.07.09,23:00,1.0814,1.0816,1.0812,1.0813,183
2024.07.10,03:00,1.0814,1.082,1.081,1.0819,432
2024.07.10,07:00,1.0818,1.0824,1.0814,1.0815,756
2024.07.10,11:00,1.0814,1.0826,1.0811,1.0825,850
2024.07.10,15:00,1.0824,1.0828,1.0819,1.0821,1116
2024.07.10,19:00,1.0822,1.0829,1.0816,1.0828,661
2024.07.10,23:00,1.0827,1.0836,1.0825,1.0832,207
2024.07.11,03:00,1.0833,1.0839,1.0832,1.0837,339
2024.07.11,07:00,1.0838,1.0839,1.0831,1.0839,436
2024.07.11,11:00,1.0838,1.0857,1.0837,1.0854,978
2024.07.11,15:00,1.0853,1.0899,1.0844,1.0869,3358
2024.07.11,19:00,1.0868,1.087,1.0859,1.0864,1093
2024.07.11,23:00,1.0863,1.0874,1.0863,1.0873,350
2024.07.12,03:00,1.0872,1.0874,1.0863,1.0868,655
2024.07.12,07:00,1.0867,1.0875,1.0861,1.0875,657
2024.07.12,11:00,1.0874,1.0891,1.0874,1.0887,694
2024.07.12,15:00,1.0886,1.091,1.0873,1.09,2337
2024.07.12,19:00,1.0901,1.091,1.09,1.0906,556
2024.07.12,23:00,1.0905,1.0907,1.0903,1.0904,72
2024.07.14,23:00,1.0885,1.0895,1.0882,1.0885,437
2024.07.15,03:00,1.0886,1.0895,1.0883,1.0893,451
2024.07.15,07:00,1.0892,1.0895,1.0883,1.0895,612
2024.07.15,11:00,1.0896,1.0919,1.0895,1.0905,1084
2024.07.15,15:00,1.0906,1.0921,1.0901,1.0911,1338
2024.07.15,19:00,1.091,1.0916,1.0892,1.0898,966
2024.07.15,23:00,1.0897,1.0898,1.0892,1.0897,237
2024.07.16,03:00,1.0896,1.0897,1.0888,1.0892,495
2024.07.16,07:00,1.0891,1.0899,1.0883,1.0898,633
2024.07.16,11:00,1.0897,1.0903,1.0893,1.0901,939
2024.07.16,15:00,1.09,1.0905,1.0871,1.0884,1538
2024.07.16,19:00,1.0885,1.0902,1.088,1.0901,538
2024.07.16,23:00,1.09,1.0902,1.0897,1.0901,406
2024.07.17,03:00,1.0902,1.0906,1.0895,1.0905,444
2024.07.17,07:00,1.0906,1.0913,1.0894,1.0908,777
2024.07.17,11:00,1.0907,1.0944,1.0907,1.0933,1558
2024.07.17,15:00,1.0934,1.0947,1.0927,1.0932,1848
2024.07.17,19:00,1.0931,1.0939,1.0923,1.0935,865
2024.07.17,23:00,1.0936,1.094,1.0934,1.094,325
2024.07.18,03:00,1.0939,1.094,1.0931,1.0932,427
2024.07.18,07:00,1.0931,1.0937,1.0925,1.093,764
2024.07.18,11:00,1.0931,1.0938,1.0925,1.0927,981
2024.07.18,15:00,1.0926,1.0936,1.0904,1.0911,1856
2024.07.18,19:00,1.0912,1.0916,1.0893,1.0896,961
2024.07.18,23:00,1.0897,1.0901,1.0894,1.0899,191
2024.07.19,03:00,1.0898,1.0899,1.0885,1.0888,479
2024.07.19,07:00,1.0887,1.089,1.0881,1.0886,888
2024.07.19,11:00,1.0885,1.0892,1.0875,1.0892,1332
2024.07.19,15:00,1.0893,1.0893,1.0878,1.0887,1235
2024.07.19,19:00,1.0888,1.089,1.0875,1.0878,705
2024.07.19,23:00,1.0879,1.0882,1.0879,1.0881,73
2024.07.21,23:00,1.0886,1.0902,1.0882,1.0898,280
2024.07.22,03:00,1.0899,1.0899,1.0884,1.0891,437
2024.07.22,07:00,1.0892,1.0892,1.0878,1.0886,799
2024.07.22,11:00,1.0887,1.0895,1.0883,1.0885,1053
2024.07.22,15:00,1.0884,1.0888,1.0872,1.0879,1144
2024.07.22,19:00,1.088,1.0891,1.0878,1.0886,629
2024.07.22,23:00,1.0887,1.0892,1.0885,1.0888,215
2024.07.23,03:00,1.0889,1.0896,1.0886,1.0893,333
2024.07.23,07:00,1.0894,1.0894,1.0873,1.0875,566
2024.07.23,11:00,1.0876,1.0881,1.0855,1.0856,987
2024.07.23,15:00,1.0857,1.0863,1.0843,1.0853,1029
2024.07.23,19:00,1.0854,1.0857,1.0848,1.085,675
2024.07.23,23:00,1.0849,1.0855,1.0848,1.0849,311
2024.07.24,03:00,1.0848,1.0849,1.0841,1.0844,399
2024.07.24,07:00,1.0845,1.0853,1.0825,1.0828,892
2024.07.24,11:00,1.0829,1.0848,1.0826,1.0845,1191
2024.07.24,15:00,1.0846,1.0866,1.0845,1.0852,1623
2024.07.24,19:00,1.0851,1.0854,1.0835,1.0838,790
2024.07.24,23:00,1.0837,1.0841,1.0837,1.0837,431
2024.07.25,03:00,1.0836,1.0843,1.0834,1.0842,777
2024.07.25,07:00,1.0843,1.0852,1.0827,1.0848,1106
2024.07.25,11:00,1.0849,1.0858,1.0842,1.0845,1345
2024.07.25,15:00,1.0846,1.0864,1.0829,1.0859,2327
2024.07.25,19:00,1.086,1.0869,1.0845,1.0845,882
2024.07.25,23:00,1.0844,1.0851,1.0843,1.085,259
2024.07.26,03:00,1.0851,1.086,1.0851,1.0857,415
2024.07.26,07:00,1.0858,1.086,1.0844,1.0848,559
2024.07.26,11:00,1.0849,1.086,1.0841,1.086,884
2024.07.26,15:00,1.0861,1.0867,1.0849,1.0857,1640
2024.07.26,19:00,1.0856,1.0866,1.0854,1.0857,712
2024.07.26,23:00,1.0856,1.0857,1.0854,1.0854,119
2024.07.28,23:00,1.0856,1.0859,1.0852,1.0852,283
2024.07.29,03:00,1.0851,1.0869,1.085,1.0861,727
2024.07.29,07:00,1.0862,1.0863,1.0843,1.0844,779
2024.07.29,11:00,1.0843,1.0843,1.0816,1.0817,1125
2024.07.29,15:00,1.0816,1.0823,1.0802,1.0818,942
2024.07.29,19:00,1.0819,1.0825,1.0814,1.0823,611
2024.07.29,23:00,1.0822,1.0823,1.0817,1.0818,220
2024.07.30,03:00,1.0817,1.0821,1.0813,1.0821,417
2024.07.30,07:00,1.0822,1.0826,1.0816,1.0818,515
2024.07.30,11:00,1.0817,1.0835,1.0815,1.0823,990
2024.07.30,15:00,1.0822,1.0825,1.0797,1.0808,1446
2024.07.30,19:00,1.0809,1.0817,1.0806,1.081,694
2024.07.30,23:00,1.0811,1.0817,1.0808,1.0815,255
2024.07.31,03:00,1.0814,1.0829,1.0812,1.0821,614
2024.07.31,07:00,1.0822,1.0826,1.0811,1.0817,968
2024.07.31,11:00,1.0818,1.0839,1.0806,1.0827,1133
2024.07.31,15:00,1.0826,1.0848,1.0816,1.0822,1922
2024.07.31,19:00,1.0821,1.0832,1.0801,1.0822,1936
2024.07.31,23:00,1.0821,1.083,1.0816,1.0823,351
2024.08.01,03:00,1.0822,1.0834,1.0822,1.0832,727
2024.08.01,07:00,1.0831,1.0835,1.0798,1.08,850
2024.08.01,11:00,1.0801,1.0801,1.0777,1.0791,1214
2024.08.01,15:00,1.079,1.0817,1.0783,1.0788,2385
2024.08.01,19:00,1.0789,1.0796,1.0779,1.0789,1090
2024.08.01,23:00,1.0788,1.0792,1.0785,1.0785,272
2024.08.02,03:00,1.0784,1.0794,1.0781,1.0792,579
2024.08.02,07:00,1.0791,1.0808,1.0785,1.0803,1237
2024.08.02,11:00,1.0804,1.0836,1.0802,1.083,1366
2024.08.02,15:00,1.0831,1.0926,1.0828,1.0912,3471
2024.08.02,19:00,1.0911,1.0916,1.0902,1.0912,1474
2024.08.02,23:00,1.0911,1.0914,1.0907,1.091,118
2024.08.04,23:00,1.0919,1.0923,1.0902,1.091,580
2024.08.05,03:00,1.0909,1.093,1.0906,1.093,1851
2024.08.05,07:00,1.0929,1.0966,1.0892,1.0948,4125
2024.08.05,11:00,1.0949,1.0974,1.0932,1.0962,2924
2024.08.05,15:00,1.0961,1.1008,1.0955,1.0955,4860
2024.08.05,19:00,1.0956,1.0963,1.0946,1.0958,2056
2024.08.05,23:00,1.0959,1.0961,1.0946,1.0949,685
2024.08.06,03:00,1.095,1.0962,1.0943,1.0953,1476
2024.08.06,07:00,1.0952,1.0955,1.0921,1.0926,2067
2024.08.06,11:00,1.0927,1.0934,1.0903,1.0917,2183
2024.08.06,15:00,1.0916,1.0934,1.0904,1.0925,2296
2024.08.06,19:00,1.0924,1.0933,1.092,1.0928,1250
2024.08.06,23:00,1.0929,1.0931,1.0923,1.0925,553
2024.08.07,03:00,1.0926,1.0929,1.091,1.0916,1193
2024.08.07,07:00,1.0915,1.0927,1.0905,1.0921,1673
2024.08.07,11:00,1.092,1.0927,1.0908,1.0923,1520
2024.08.07,15:00,1.0924,1.0936,1.0912,1.0924,1403
2024.08.07,19:00,1.0923,1.0926,1.0917,1.0922,1294
2024.08.07,23:00,1.0921,1.0933,1.0918,1.0927,542
2024.08.08,03:00,1.0926,1.0935,1.0923,1.0934,819
2024.08.08,07:00,1.0935,1.0944,1.0929,1.0939,1241
2024.08.08,11:00,1.0938,1.0943,1.092,1.093,939
2024.08.08,15:00,1.0929,1.0931,1.0881,1.0912,2272
2024.08.08,19:00,1.0913,1.0918,1.0904,1.0915,1116
2024.08.08,23:00,1.0916,1.0919,1.0913,1.0914,423
2024.08.09,03:00,1.0913,1.0924,1.0911,1.0922,820
2024.08.09,07:00,1.0923,1.0928,1.0917,1.0921,903
2024.08.09,11:00,1.092,1.0925,1.091,1.0915,1010
2024.08.09,15:00,1.0914,1.093,1.0908,1.0923,1239
2024.08.09,19:00,1.0922,1.0924,1.0914,1.0918,735
2024.08.09,23:00,1.0917,1.0919,1.0914,1.0915,81
2024.08.11,23:00,1.0917,1.0919,1.0909,1.0912,184
2024.08.12,03:00,1.0911,1.0922,1.0911,1.0913,471
2024.08.12,07:00,1.0914,1.0928,1.0913,1.0921,820
2024.08.12,11:00,1.0922,1.0929,1.0915,1.0925,832
2024.08.12,15:00,1.0926,1.0938,1.0914,1.0927,1440
2024.08.12,19:00,1.0926,1.0934,1.0921,1.0931,682
2024.08.12,23:00,1.093,1.0935,1.0926,1.0935,260
2024.08.13,03:00,1.0934,1.0938,1.0928,1.0936,481
2024.08.13,07:00,1.0937,1.094,1.0926,1.0929,785
2024.08.13,11:00,1.0928,1.0931,1.0913,1.0929,953
2024.08.13,15:00,1.093,1.0961,1.0925,1.0953,1802
2024.08.13,19:00,1.0952,1.0999,1.0952,1.0995,912
2024.08.13,23:00,1.0996,1.0998,1.0982,1.0995,371
2024.08.14,03:00,1.0994,1.0996,1.0988,1.0989,594
2024.08.14,07:00,1.099,1.1007,1.0985,1.1005,576
2024.08.14,11:00,1.1004,1.1028,1.1002,1.1022,678
2024.08.14,15:00,1.1023,1.1046,1.1003,1.1022,1898
2024.08.14,19:00,1.1023,1.1023,1.101,1.1012,552
2024.08.14,23:00,1.1011,1.1015,1.1009,1.1011,183
2024.08.15,03:00,1.1012,1.1013,1.1003,1.1007,350
2024.08.15,07:00,1.1008,1.1015,1.1007,1.1013,405
2024.08.15,11:00,1.1012,1.1013,1.1003,1.1012,545
2024.08.15,15:00,1.1013,1.1013,1.0949,1.0985,2194
2024.08.15,19:00,1.0986,1.0988,1.0971,1.0973,520
2024.08.15,23:00,1.0972,1.0975,1.097,1.0972,254
2024.08.16,03:00,1.0971,1.0982,1.0971,1.0976,460
2024.08.16,07:00,1.0977,1.0986,1.0975,1.0984,596
2024.08.16,11:00,1.0985,1.0994,1.0978,1.0991,705
2024.08.16,15:00,1.0992,1.1004,1.0982,1.0995,1283
2024.08.16,19:00,1.0996,1.1024,1.0996,1.1023,576
2024.08.18,23:00,1.1027,1.1033,1.1022,1.1024,219
2024.08.19,03:00,1.1023,1.1039,1.1022,1.1038,522
2024.08.19,07:00,1.1037,1.1049,1.1036,1.1042,842
2024.08.19,11:00,1.1041,1.105,1.103,1.1042,690
2024.08.19,15:00,1.1043,1.1072,1.1029,1.1068,1267
2024.08.19,19:00,1.1069,1.1085,1.1066,1.1083,527
2024.08.19,23:00,1.1082,1.1087,1.1081,1.1085,180
2024.08.20,03:00,1.1084,1.1086,1.1074,1.1075,436
2024.08.20,07:00,1.1076,1.1086,1.1071,1.1086,601
2024.08.20,11:00,1.1087,1.1088,1.1074,1.108,676
2024.08.20,15:00,1.1081,1.1116,1.108,1.1105,1470
2024.08.20,19:00,1.1106,1.1127,1.1103,1.1124,582
2024.08.20,23:00,1.1123,1.1131,1.1123,1.1127,262
2024.08.21,03:00,1.1126,1.1132,1.1116,1.112,661
2024.08.21,07:00,1.1119,1.1128,1.111,1.1114,760
2024.08.21,11:00,1.1113,1.1125,1.1109,1.1114,760
2024.08.21,15:00,1.1113,1.1147,1.1099,1.1141,2641
2024.08.21,19:00,1.1142,1.1173,1.1141,1.1151,862
2024.08.21,23:00,1.115,1.1157,1.1146,1.1154,304
2024.08.22,03:00,1.1153,1.1156,1.114,1.1144,356
2024.08.22,07:00,1.1143,1.1164,1.1127,1.1137,742
2024.08.22,11:00,1.1138,1.115,1.1131,1.1136,910
2024.08.22,15:00,1.1135,1.1142,1.1097,1.1112,1786
2024.08.22,19:00,1.1111,1.1117,1.1098,1.1108,758
2024.08.22,23:00,1.1107,1.1117,1.1107,1.1115,233
2024.08.23,03:00,1.1114,1.1128,1.1112,1.1124,387
2024.08.23,07:00,1.1125,1.1131,1.1112,1.1118,604
2024.08.23,11:00,1.1119,1.1126,1.111,1.1118,741
2024.08.23,15:00,1.1117,1.1195,1.1105,1.1174,2580
2024.08.23,19:00,1.1175,1.12,1.1163,1.119,1207
2024.08.23,23:00,1.1189,1.1193,1.1187,1.1193,51
2024.08.25,23:00,1.119,1.1195,1.1185,1.1189,349
2024.08.26,03:00,1.1188,1.1201,1.1181,1.1182,737
2024.08.26,07:00,1.1183,1.1188,1.1175,1.118,669
2024.08.26,11:00,1.1179,1.1184,1.1162,1.1164,784
2024.08.26,15:00,1.1165,1.1178,1.1149,1.1163,1808
2024.08.26,19:00,1.1162,1.1174,1.1158,1.1159,798
2024.08.26,23:00,1.1158,1.1166,1.1158,1.1164,302
2024.08.27,03:00,1.1163,1.117,1.1159,1.1166,508
2024.08.27,07:00,1.1167,1.1172,1.1161,1.1163,763
2024.08.27,11:00,1.1164,1.1178,1.116,1.116,818
2024.08.27,15:00,1.1159,1.1171,1.115,1.1159,1552
2024.08.27,19:00,1.116,1.119,1.1159,1.1184,811
2024.08.27,23:00,1.1183,1.1185,1.1174,1.1176,177
2024.08.28,03:00,1.1175,1.1179,1.1162,1.1165,544
2024.08.28,07:00,1.1164,1.1167,1.1134,1.1155,872
2024.08.28,11:00,1.1156,1.1158,1.1116,1.112,1138
2024.08.28,15:00,1.1121,1.1137,1.1104,1.1125,1805
2024.08.28,19:00,1.1124,1.1124,1.1104,1.1112,810
2024.08.28,23:00,1.1111,1.1125,1.1111,1.1124,208
2024.08.29,03:00,1.1123,1.1135,1.1123,1.1135,559
2024.08.29,07:00,1.1134,1.1139,1.1115,1.1128,928
2024.08.29,11:00,1.1127,1.1127,1.1071,1.1095,1647
2024.08.29,15:00,1.1094,1.1097,1.1055,1.1084,2241
2024.08.29,19:00,1.1085,1.1087,1.1074,1.1075,952
2024.08.29,23:00,1.1076,1.1082,1.1073,1.1079,227
2024.08.30,03:00,1.108,1.1082,1.1069,1.1073,522
2024.08.30,07:00,1.1072,1.1088,1.1071,1.1083,793
2024.08.30,11:00,1.1082,1.1094,1.1073,1.1081,1107
2024.08.30,15:00,1.1082,1.1087,1.1052,1.1059,2672
2024.08.30,19:00,1.1058,1.1059,1.1043,1.1051,874
2024.08.30,23:00,1.1052,1.1054,1.1047,1.1048,154
2024.09.01,23:00,1.1047,1.1049,1.1043,1.1044,174
2024.09.02,03:00,1.1043,1.1055,1.1041,1.1048,463
2024.09.02,07:00,1.1047,1.1069,1.1043,1.1066,635
2024.09.02,11:00,1.1065,1.1077,1.1059,1.1059,903
2024.09.02,15:00,1.1058,1.1071,1.1058,1.1067,730
2024.09.02,19:00,1.1066,1.1072,1.1062,1.1071,106
2024.09.02,23:00,1.107,1.1072,1.1064,1.1066,123
2024.09.03,03:00,1.1067,1.1069,1.1057,1.1057,439
2024.09.03,07:00,1.1056,1.1067,1.105,1.1055,722
2024.09.03,11:00,1.1056,1.1059,1.1032,1.1035,1187
2024.09.03,15:00,1.1036,1.1068,1.1033,1.1041,2203
2024.09.03,19:00,1.1042,1.1046,1.1025,1.1041,550
2024.09.03,23:00,1.1042,1.105,1.1037,1.1048,335
2024.09.04,03:00,1.1047,1.1055,1.1046,1.1053,499
2024.09.04,07:00,1.1054,1.1062,1.1046,1.1055,772
2024.09.04,11:00,1.1054,1.1058,1.1042,1.1049,867
2024.09.04,15:00,1.105,1.1094,1.1039,1.108,1907
2024.09.04,19:00,1.1079,1.1086,1.1064,1.1077,748
2024.09.04,23:00,1.1076,1.1086,1.1075,1.1079,204
2024.09.05,03:00,1.108,1.1085,1.1075,1.1076,447
2024.09.05,07:00,1.1075,1.1089,1.1074,1.1086,782
2024.09.05,11:00,1.1087,1.1107,1.1083,1.1094,941
2024.09.05,15:00,1.1095,1.1119,1.1075,1.1094,2528
2024.09.05,19:00,1.1095,1.1112,1.1095,1.1103,636
2024.09.05,23:00,1.1104,1.1112,1.1103,1.111,200
2024.09.06,03:00,1.1111,1.1115,1.1108,1.1114,282
2024.09.06,07:00,1.1115,1.112,1.111,1.1115,529
2024.09.06,11:00,1.1116,1.112,1.1102,1.1106,785
2024.09.06,15:00,1.1107,1.1154,1.1065,1.1085,4999
2024.09.06,19:00,1.1084,1.1089,1.1069,1.1088,1227
2024.09.06,23:00,1.1087,1.1088,1.1084,1.1085,101
2024.09.08,23:00,1.1082,1.109,1.108,1.1086,252
2024.09.09,03:00,1.1085,1.109,1.1078,1.1079,541
2024.09.09,07:00,1.1078,1.1079,1.1054,1.1058,675
2024.09.09,11:00,1.1059,1.1062,1.1035,1.1044,836
2024.09.09,15:00,1.1043,1.1051,1.1033,1.1041,1123
2024.09.09,19:00,1.1042,1.1053,1.1037,1.1037,494
2024.09.09,23:00,1.1036,1.1039,1.1033,1.1034,186
2024.09.10,03:00,1.1033,1.1038,1.1027,1.1037,302
2024.09.10,07:00,1.1038,1.1049,1.1033,1.1036,566
2024.09.10,11:00,1.1035,1.1043,1.1026,1.103,685
2024.09.10,15:00,1.1031,1.1036,1.1014,1.1024,1428
2024.09.10,19:00,1.1025,1.1028,1.102,1.1026,602
2024.09.10,23:00,1.1025,1.1026,1.1018,1.1019,155
2024.09.11,03:00,1.102,1.1043,1.1016,1.1038,589
2024.09.11,07:00,1.1037,1.1051,1.1037,1.104,685
2024.09.11,11:00,1.1039,1.1054,1.1036,1.1043,718
2024.09.11,15:00,1.1042,1.1048,1.1001,1.1011,2908
2024.09.11,19:00,1.101,1.1026,1.1009,1.1017,673
2024.09.11,23:00,1.1016,1.1017,1.1009,1.1009,187
2024.09.12,03:00,1.101,1.1013,1.1005,1.1013,310
2024.09.12,07:00,1.1014,1.1023,1.1005,1.1007,567
2024.09.12,11:00,1.1008,1.1022,1.1005,1.1013,790
2024.09.12,15:00,1.1014,1.1046,1.1009,1.1039,2445
2024.09.12,19:00,1.104,1.1071,1.1036,1.1069,1039
2024.09.12,23:00,1.1068,1.1078,1.1068,1.1078,334
2024.09.13,03:00,1.1077,1.1089,1.1077,1.1086,738
2024.09.13,07:00,1.1087,1.1093,1.1072,1.1092,850
2024.09.13,11:00,1.1091,1.11,1.108,1.1083,1065
2024.09.13,15:00,1.1082,1.1101,1.1078,1.1084,1822
2024.09.13,19:00,1.1083,1.1085,1.1075,1.1077,607
2024.09.13,23:00,1.1076,1.1077,1.1072,1.1074,47
2024.09.15,23:00,1.1079,1.1089,1.1075,1.1086,287
2024.09.16,03:00,1.1087,1.1104,1.1086,1.1103,481
2024.09.16,07:00,1.1102,1.1119,1.1095,1.1114,784
2024.09.16,11:00,1.1113,1.1128,1.1113,1.1123,970
2024.09.16,15:00,1.1124,1.1137,1.1116,1.1122,1537
2024.09.16,19:00,1.1123,1.1129,1.1115,1.1128,700
2024.09.16,23:00,1.1127,1.1132,1.1122,1.1128,204
2024.09.17,03:00,1.1129,1.113,1.1121,1.1123,337
2024.09.17,07:00,1.1122,1.1137,1.1115,1.1135,588
2024.09.17,11:00,1.1134,1.1145,1.1129,1.1138,913
2024.09.17,15:00,1.1139,1.1143,1.1111,1.1116,2456
2024.09.17,19:00,1.1115,1.1123,1.111,1.1115,1050
2024.09.17,23:00,1.1116,1.1123,1.1112,1.1121,252
2024.09.18,03:00,1.1122,1.1129,1.1121,1.1125,484
2024.09.18,07:00,1.1124,1.113,1.1114,1.113,731
2024.09.18,11:00,1.1131,1.1139,1.1122,1.1124,839
2024.09.18,15:00,1.1123,1.1139,1.1107,1.1115,1374
2024.09.18,19:00,1.1116,1.1188,1.1096,1.1105,4467
2024.09.18,23:00,1.1104,1.1123,1.1104,1.1113,542
2024.09.19,03:00,1.1114,1.1118,1.1068,1.1118,1442
2024.09.19,07:00,1.1117,1.1152,1.1114,1.1145,1500
2024.09.19,11:00,1.1146,1.1178,1.1144,1.1157,1873
2024.09.19,15:00,1.1156,1.1157,1.1116,1.1146,2898
2024.09.19,19:00,1.1145,1.1167,1.1144,1.1161,979
2024.09.19,23:00,1.116,1.1163,1.1157,1.1158,225
2024.09.20,03:00,1.1159,1.1168,1.1156,1.1165,835
2024.09.20,07:00,1.1166,1.1181,1.1158,1.1161,1233
2024.09.20,11:00,1.1162,1.1168,1.1151,1.1161,993
2024.09.20,15:00,1.1162,1.1176,1.1135,1.1158,2072
2024.09.20,19:00,1.1159,1.1175,1.1156,1.1161,1369
2024.09.20,23:00,1.116,1.1163,1.1155,1.1162,87
2024.09.22,23:00,1.1161,1.1165,1.1158,1.1158,196
2024.09.23,03:00,1.1157,1.1164,1.1155,1.1161,331
2024.09.23,07:00,1.116,1.1166,1.1097,1.1099,1192
2024.09.23,11:00,1.11,1.1125,1.1082,1.1119,1457
2024.09.23,15:00,1.112,1.1142,1.1108,1.1129,2118
2024.09.23,19:00,1.1128,1.1129,1.1111,1.1114,911
2024.09.23,23:00,1.1113,1.1116,1.1107,1.111,285
2024.09.24,03:00,1.1111,1.1113,1.1102,1.1112,610
2024.09.24,07:00,1.1111,1.1131,1.1103,1.1127,1129
2024.09.24,11:00,1.1126,1.1145,1.1121,1.1128,1097
2024.09.24,15:00,1.1129,1.1163,1.1128,1.1149,2133
2024.09.24,19:00,1.115,1.1176,1.1148,1.1176,846
2024.09.24,23:00,1.1175,1.119,1.1174,1.119,291
2024.09.25,03:00,1.1189,1.1198,1.1184,1.1197,735
2024.09.25,07:00,1.1198,1.1198,1.1185,1.1191,702
2024.09.25,11:00,1.119,1.1197,1.1177,1.1195,1029
2024.09.25,15:00,1.1194,1.1213,1.1141,1.1142,2360
2024.09.25,19:00,1.1141,1.1147,1.1121,1.1125,1132
2024.09.25,23:00,1.1126,1.1133,1.1124,1.1129,276
2024.09.26,03:00,1.1128,1.1144,1.1128,1.114,491
2024.09.26,07:00,1.1139,1.1157,1.1133,1.1133,1068
2024.09.26,11:00,1.1132,1.1161,1.1125,1.1153,1543
2024.09.26,15:00,1.1154,1.1188,1.1125,1.1182,3110
2024.09.26,19:00,1.1181,1.1183,1.1165,1.1177,1105
2024.09.26,23:00,1.1178,1.1179,1.1173,1.1176,360
2024.09.27,03:00,1.1175,1.1177,1.1162,1.1168,646
2024.09.27,07:00,1.1169,1.1175,1.1124,1.1132,1788
2024.09.27,11:00,1.1131,1.117,1.1126,1.1162,1389
2024.09.27,15:00,1.1163,1.1202,1.1153,1.1157,2623
2024.09.27,19:00,1.1158,1.1167,1.1145,1.1163,1206
2024.09.27,23:00,1.1162,1.1167,1.1158,1.1158,85
2024.09.29,23:00,1.1159,1.1171,1.1157,1.1168,221
2024.09.30,03:00,1.1169,1.1173,1.1155,1.1157,557
2024.09.30,07:00,1.1158,1.1175,1.1155,1.1171,790
2024.09.30,11:00,1.1175,1.1208,1.1172,1.1197,1495
2024.09.30,15:00,1.1196,1.12,1.1134,1.1144,2204
2024.09.30,19:00,1.1145,1.1161,1.1113,1.1132,1850
2024.09.30,23:00,1.1131,1.1142,1.1127,1.1136,290
2024.10.01,03:00,1.1135,1.1142,1.1126,1.1137,631
2024.10.01,07:00,1.1136,1.1143,1.1111,1.1114,1289
2024.10.01,11:00,1.1115,1.1119,1.1078,1.1084,1741
2024.10.01,15:00,1.1085,1.1088,1.1057,1.1065,3054
2024.10.01,19:00,1.1066,1.1076,1.1045,1.1067,1744
2024.10.01,23:00,1.1068,1.1072,1.1062,1.1064,239
2024.10.02,03:00,1.1065,1.1073,1.1062,1.107,596
2024.10.02,07:00,1.1071,1.1073,1.1053,1.1066,1107
2024.10.02,11:00,1.1067,1.1082,1.106,1.1075,1449
2024.10.02,15:00,1.1076,1.1076,1.1032,1.1049,2012
2024.10.02,19:00,1.105,1.1054,1.1036,1.1048,867
2024.10.02,23:00,1.1049,1.1052,1.1043,1.1045,338
2024.10.03,03:00,1.1044,1.1046,1.1031,1.1035,546
2024.10.03,07:00,1.1034,1.1041,1.1024,1.1032,1329
2024.10.03,11:00,1.1033,1.1046,1.1029,1.1042,1426
2024.10.03,15:00,1.1043,1.1046,1.1007,1.1014,3216
2024.10.03,19:00,1.1013,1.1035,1.1013,1.1027,933
2024.10.03,23:00,1.1028,1.1036,1.1025,1.1034,237
2024.10.04,03:00,1.1033,1.1039,1.1024,1.1026,572
2024.10.04,07:00,1.1027,1.1035,1.1024,1.1027,959
2024.10.04,11:00,1.1026,1.1036,1.1019,1.1031,1250
2024.10.04,15:00,1.103,1.1032,1.0954,1.096,3247
2024.10.04,19:00,1.0959,1.0977,1.095,1.0976,870
2024.10.04,23:00,1.0975,1.0977,1.0972,1.0975,103
2024.10.06,23:00,1.0968,1.0972,1.0963,1.097,342
2024.10.07,03:00,1.0969,1.0977,1.0967,1.0971,803
2024.10.07,07:00,1.0972,1.0973,1.0957,1.0969,1170
2024.10.07,11:00,1.097,1.098,1.0953,1.0976,1318
2024.10.07,15:00,1.0977,1.0984,1.0969,1.0975,1844
2024.10.07,19:00,1.0974,1.0986,1.0965,1.0972,732
2024.10.07,23:00,1.0971,1.0978,1.097,1.0973,285
2024.10.08,03:00,1.0974,1.0986,1.0972,1.0982,832
2024.10.08,07:00,1.0983,1.0995,1.0978,1.0994,1026
2024.10.08,11:00,1.0995,1.0996,1.0978,1.0987,985
2024.10.08,15:00,1.0988,1.0989,1.096,1.0969,1699
2024.10.08,19:00,1.0968,1.0977,1.0965,1.0977,654
2024.10.08,23:00,1.0976,1.0981,1.097,1.0975,235
2024.10.09,03:00,1.0974,1.0978,1.0966,1.0967,626
2024.10.09,07:00,1.0968,1.0975,1.095,1.0959,1255
2024.10.09,11:00,1.096,1.097,1.0952,1.0953,923
2024.10.09,15:00,1.0954,1.0959,1.0939,1.095,1341
2024.10.09,19:00,1.0949,1.0949,1.0935,1.0938,775
2024.10.09,23:00,1.0937,1.0942,1.0936,1.0941,284
2024.10.10,03:00,1.094,1.0945,1.0938,1.0943,784
2024.10.10,07:00,1.0942,1.0944,1.0932,1.0937,836
2024.10.10,11:00,1.0936,1.0939,1.0926,1.093,863
2024.10.10,15:00,1.0929,1.0954,1.0907,1.0924,3475
2024.10.10,19:00,1.0925,1.0934,1.0899,1.0933,1257
2024.10.10,23:00,1.0934,1.0937,1.0923,1.0933,210
2024.10.11,03:00,1.0934,1.094,1.0929,1.0939,434
2024.10.11,07:00,1.0938,1.0944,1.0931,1.0944,697
2024.10.11,11:00,1.0943,1.0953,1.0926,1.093,940
2024.10.11,15:00,1.0931,1.0951,1.0925,1.094,1891
2024.10.11,19:00,1.0939,1.0947,1.0932,1.0932,462
2024.10.11,23:00,1.0933,1.0937,1.0932,1.0934,74
2024.10.13,23:00,1.0932,1.0933,1.0921,1.0922,208
2024.10.14,03:00,1.0923,1.0928,1.0914,1.0925,598
2024.10.14,07:00,1.0924,1.093,1.0921,1.0927,524
2024.10.14,11:00,1.0928,1.0936,1.0908,1.0911,1024
2024.10.14,15:00,1.0912,1.0926,1.0904,1.0906,1520
2024.10.14,19:00,1.0907,1.0908,1.0887,1.0903,716
2024.10.14,23:00,1.0902,1.091,1.0902,1.0908,252
2024.10.15,03:00,1.0909,1.0909,1.0895,1.0896,432
2024.10.15,07:00,1.0895,1.0898,1.0884,1.0898,1035
2024.10.15,11:00,1.0899,1.0915,1.0896,1.09,1289
2024.10.15,15:00,1.0901,1.0916,1.0898,1.0898,1721
2024.10.15,19:00,1.0897,1.0902,1.0881,1.0886,753
2024.10.15,23:00,1.0887,1.0896,1.0882,1.0882,273
2024.10.16,03:00,1.0883,1.0895,1.0881,1.089,420
2024.10.16,07:00,1.0891,1.0892,1.0874,1.0881,850
2024.10.16,11:00,1.0882,1.0896,1.0877,1.0893,744
2024.10.16,15:00,1.0894,1.0901,1.0865,1.0871,1320
2024.10.16,19:00,1.0872,1.0876,1.0852,1.0857,524
2024.10.16,23:00,1.0856,1.087,1.0855,1.0858,330
2024.10.17,03:00,1.0857,1.0864,1.085,1.0852,785
2024.10.17,07:00,1.0853,1.0857,1.0848,1.0853,831
2024.10.17,11:00,1.0854,1.0866,1.0848,1.0862,731
2024.10.17,15:00,1.0861,1.0873,1.081,1.0836,2868
2024.10.17,19:00,1.0835,1.0836,1.082,1.0827,896
2024.10.17,23:00,1.0828,1.0832,1.0824,1.0828,246
2024.10.18,03:00,1.0829,1.0839,1.0826,1.0838,568
2024.10.18,07:00,1.0837,1.0848,1.0836,1.084,742
2024.10.18,11:00,1.0841,1.0851,1.0833,1.0847,900
2024.10.18,15:00,1.0848,1.0864,1.0846,1.0853,1091
2024.10.18,19:00,1.0852,1.0867,1.0852,1.0863,822
2024.10.18,23:00,1.0862,1.0869,1.0862,1.0867,88
2024.10.20,23:00,1.0861,1.0871,1.0861,1.0867,177
2024.10.21,03:00,1.0868,1.0868,1.0863,1.0865,576
2024.10.21,07:00,1.0864,1.0865,1.0845,1.0847,658
2024.10.21,11:00,1.0848,1.0857,1.0844,1.0855,720
2024.10.21,15:00,1.0854,1.0858,1.0819,1.0819,1264
2024.10.21,19:00,1.082,1.0822,1.081,1.0814,531
2024.10.21,23:00,1.0815,1.0819,1.0811,1.0815,319
2024.10.22,03:00,1.0814,1.082,1.0813,1.0818,421
2024.10.22,07:00,1.0817,1.0837,1.0817,1.0836,607
2024.10.22,11:00,1.0835,1.0836,1.0813,1.0817,1090
2024.10.22,15:00,1.0816,1.0821,1.08,1.0804,1661
2024.10.22,19:00,1.0803,1.0813,1.0793,1.0794,500
2024.10.22,23:00,1.0793,1.08,1.0792,1.0796,184
2024.10.23,03:00,1.0795,1.0804,1.0791,1.0801,875
2024.10.23,07:00,1.0802,1.0806,1.078,1.078,831
2024.10.23,11:00,1.0781,1.079,1.0762,1.0762,792
2024.10.23,15:00,1.0763,1.0785,1.076,1.0778,1485
2024.10.23,19:00,1.0777,1.0786,1.0766,1.0785,926
2024.10.23,23:00,1.0784,1.0785,1.0778,1.0779,276
2024.10.24,03:00,1.078,1.0789,1.0779,1.0786,847
2024.10.24,07:00,1.0787,1.0798,1.077,1.0795,1075
2024.10.24,11:00,1.0797,1.0807,1.0791,1.0794,1280
2024.10.24,15:00,1.0795,1.081,1.0788,1.0804,1768
2024.10.24,19:00,1.0805,1.0828,1.0802,1.0828,862
2024.10.24,23:00,1.0829,1.0829,1.0822,1.0823,254
2024.10.25,03:00,1.0824,1.0827,1.0819,1.0821,666
2024.10.25,07:00,1.082,1.0826,1.0813,1.0823,558
2024.10.25,11:00,1.0822,1.0836,1.082,1.082,680
2024.10.25,15:00,1.0821,1.0838,1.081,1.0811,1194
2024.10.25,19:00,1.081,1.0811,1.0792,1.0795,687
2024.10.25,23:00,1.0794,1.0796,1.0794,1.0794,45
2024.10.27,22:00,1.0789,1.0801,1.0789,1.0795,223
2024.10.28,02:00,1.0796,1.08,1.0781,1.0782,879
2024.10.28,06:00,1.0783,1.0805,1.0781,1.0803,631
2024.10.28,10:00,1.0802,1.082,1.08,1.0819,750
2024.10.28,14:00,1.0818,1.0827,1.0812,1.0818,1033
2024.10.28,18:00,1.0817,1.0825,1.0809,1.0814,723
2024.10.28,22:00,1.0813,1.0817,1.081,1.0817,156
2024.10.29,02:00,1.0816,1.0818,1.0805,1.0807,440
2024.10.29,06:00,1.0806,1.0815,1.0805,1.0809,344
2024.10.29,10:00,1.081,1.0825,1.0796,1.0798,1085
2024.10.29,14:00,1.0797,1.0811,1.0768,1.0797,2366
2024.10.29,18:00,1.0798,1.0815,1.0791,1.0813,897
2024.10.29,22:00,1.0812,1.0821,1.081,1.0819,306
2024.10.30,02:00,1.082,1.0825,1.0813,1.0813,419
2024.10.30,06:00,1.0812,1.0825,1.0812,1.0818,479
2024.10.30,10:00,1.0819,1.0858,1.0819,1.0823,1330
2024.10.30,14:00,1.0822,1.0866,1.0807,1.0863,2282
2024.10.30,18:00,1.0862,1.087,1.0853,1.086,1035
2024.10.30,22:00,1.0861,1.0861,1.0853,1.0857,442
2024.10.31,02:00,1.0856,1.0858,1.0843,1.0849,506
2024.10.31,06:00,1.0848,1.0863,1.0844,1.0859,710
2024.10.31,10:00,1.0858,1.0875,1.085,1.0868,1192
2024.10.31,14:00,1.0867,1.0887,1.0846,1.0854,2837
2024.10.31,18:00,1.0853,1.0877,1.0853,1.0877,1439
2024.10.31,22:00,1.0876,1.0886,1.0876,1.0883,370
2024.11.01,02:00,1.0882,1.0888,1.0874,1.0875,708
2024.11.01,06:00,1.0876,1.0878,1.0867,1.0867,672
2024.11.01,10:00,1.0866,1.0868,1.0851,1.0867,922
2024.11.01,14:00,1.0868,1.0905,1.0846,1.0847,2837
2024.11.01,18:00,1.0848,1.0854,1.0833,1.0835,962
2024.11.01,22:00,1.0836,1.0836,1.0831,1.0834,148
2024.11.03,22:00,1.088,1.0882,1.0871,1.0872,544
2024.11.04,02:00,1.0871,1.0904,1.0869,1.09,865
2024.11.04,06:00,1.0901,1.0902,1.0886,1.0891,609
2024.11.04,10:00,1.089,1.0913,1.0888,1.0912,908
2024.11.04,14:00,1.0913,1.0914,1.0892,1.0898,1376
2024.11.04,18:00,1.0899,1.09,1.0877,1.0878,900
2024.11.04,22:00,1.0877,1.0881,1.0872,1.0873,299
2024.11.05,02:00,1.0872,1.0879,1.0872,1.0875,498
2024.11.05,06:00,1.0876,1.089,1.0874,1.0888,711
2024.11.05,10:00,1.0889,1.0901,1.0883,1.0899,655
2024.11.05,14:00,1.0898,1.0911,1.0889,1.0901,1293
2024.11.05,18:00,1.0902,1.0936,1.09,1.093,971
2024.11.05,22:00,1.0929,1.0936,1.0911,1.0933,645
2024.11.06,02:00,1.0932,1.0933,1.0718,1.0746,5978
2024.11.06,06:00,1.0747,1.0794,1.0702,1.0733,4246
2024.11.06,10:00,1.0732,1.0781,1.07,1.0706,2814
2024.11.06,14:00,1.0705,1.0739,1.0682,1.0738,3656
2024.11.06,18:00,1.0737,1.0757,1.0725,1.0734,2043
2024.11.06,22:00,1.0735,1.0738,1.0725,1.0731,522
2024.11.07,02:00,1.0732,1.074,1.0712,1.0739,859
2024.11.07,06:00,1.0738,1.0769,1.0733,1.0751,1079
2024.11.07,10:00,1.0752,1.0771,1.0745,1.0758,1757
2024.11.07,14:00,1.0759,1.0824,1.0756,1.0809,2672
2024.11.07,18:00,1.081,1.0814,1.0766,1.0781,2606
2024.11.07,22:00,1.078,1.0809,1.0779,1.0795,1124
2024.11.08,02:00,1.0794,1.0797,1.0776,1.0777,869
2024.11.08,06:00,1.0776,1.0785,1.0772,1.0779,818
2024.11.08,10:00,1.078,1.0796,1.076,1.0782,2246
2024.11.08,14:00,1.0783,1.0783,1.0739,1.0747,2304
2024.11.08,18:00,1.0748,1.0749,1.0686,1.0713,1677
2024.11.08,22:00,1.0712,1.0721,1.071,1.0717,290
2024.11.10,22:00,1.0708,1.0716,1.0706,1.0712,347
2024.11.11,02:00,1.0711,1.0727,1.0708,1.0716,796
2024.11.11,06:00,1.0715,1.0721,1.0685,1.0689,967
2024.11.11,10:00,1.069,1.0693,1.0655,1.0662,1860
2024.11.11,14:00,1.0663,1.0664,1.0628,1.0646,1669
2024.11.11,18:00,1.0647,1.0656,1.0644,1.065,871
2024.11.11,22:00,1.0651,1.0662,1.0646,1.0662,294
2024.11.12,02:00,1.0661,1.0662,1.0637,1.0637,926
2024.11.12,06:00,1.0638,1.0645,1.0621,1.0631,1168
2024.11.12,10:00,1.063,1.0633,1.061,1.0618,1768
2024.11.12,14:00,1.0619,1.0626,1.0601,1.0608,2256
2024.11.12,18:00,1.0609,1.0618,1.0594,1.0612,1710
2024.11.12,22:00,1.0611,1.0626,1.0608,1.0616,539
2024.11.13,02:00,1.0615,1.0628,1.061,1.0618,907
2024.11.13,06:00,1.0619,1.0622,1.0602,1.0602,918
2024.11.13,10:00,1.0603,1.0637,1.0592,1.0637,1541
2024.11.13,14:00,1.0636,1.0653,1.0555,1.0588,4157
2024.11.13,18:00,1.0589,1.0591,1.0555,1.0565,1955
2024.11.13,22:00,1.0566,1.0568,1.0556,1.0565,543
2024.11.14,02:00,1.0564,1.0568,1.0545,1.0547,803
2024.11.14,06:00,1.0548,1.0554,1.0533,1.055,795
2024.11.14,10:00,1.0551,1.0557,1.0495,1.0528,1947
2024.11.14,14:00,1.0529,1.0577,1.0513,1.0574,3650
2024.11.14,18:00,1.0573,1.0582,1.0543,1.0547,1392
2024.11.14,22:00,1.0544,1.0547,1.0511,1.0529,1426
2024.11.15,02:00,1.0528,1.0545,1.0523,1.0539,1060
2024.11.15,06:00,1.0538,1.0563,1.0533,1.0556,1019
2024.11.15,10:00,1.0555,1.0579,1.0551,1.0576,1787
2024.11.15,14:00,1.0577,1.0592,1.0522,1.0534,3373
2024.11.15,18:00,1.0535,1.0559,1.0532,1.0536,1817
2024.11.15,22:00,1.0537,1.0537,1.0516,1.0532,474
2024.11.17,22:00,1.053,1.0538,1.053,1.0536,277
2024.11.18,02:00,1.0535,1.0549,1.0529,1.0533,911
2024.11.18,06:00,1.0534,1.0547,1.0533,1.0546,877
2024.11.18,10:00,1.0547,1.057,1.0532,1.0542,1529
2024.11.18,14:00,1.0543,1.0575,1.0534,1.0573,1745
2024.11.18,18:00,1.0572,1.0606,1.0564,1.059,1164
2024.11.18,22:00,1.0591,1.06,1.0588,1.0594,417
2024.11.19,02:00,1.0593,1.06,1.0586,1.0596,730
2024.11.19,06:00,1.0597,1.06,1.0574,1.0577,933
2024.11.19,10:00,1.0576,1.0587,1.0523,1.0561,2910
2024.11.19,14:00,1.0562,1.06,1.0559,1.0586,3013
2024.11.19,18:00,1.0585,1.0594,1.057,1.0593,1546
2024.11.19,22:00,1.0592,1.0607,1.0589,1.0606,521
2024.11.20,02:00,1.0607,1.0609,1.0588,1.0589,745
2024.11.20,06:00,1.0588,1.0595,1.0576,1.0577,1175
2024.11.20,10:00,1.0578,1.0578,1.0541,1.0554,1692
2024.11.20,14:00,1.0555,1.0567,1.0515,1.0521,1932
2024.11.20,18:00,1.0522,1.0541,1.0506,1.0538,1486
2024.11.20,22:00,1.0537,1.0548,1.0535,1.0545,287
2024.11.21,02:00,1.0544,1.0552,1.0541,1.0552,499
2024.11.21,06:00,1.0553,1.0554,1.0529,1.0536,847
2024.11.21,10:00,1.0535,1.0542,1.0513,1.0519,1823
2024.11.21,14:00,1.052,1.0544,1.0508,1.051,2267
2024.11.21,18:00,1.0509,1.0514,1.0461,1.0483,2316
2024.11.21,22:00,1.0484,1.0486,1.0467,1.0468,384
2024.11.22,02:00,1.0469,1.0477,1.0466,1.0474,614
2024.11.22,06:00,1.0475,1.0488,1.0461,1.0485,909
2024.11.22,10:00,1.0484,1.0497,1.0333,1.0416,3985
2024.11.22,14:00,1.0417,1.0434,1.0394,1.041,3110
2024.11.22,18:00,1.0409,1.0424,1.0391,1.041,1208
2024.11.22,22:00,1.0411,1.0418,1.0407,1.0417,251
2024.11.24,22:00,1.0476,1.05,1.0462,1.0478,800
2024.11.25,02:00,1.0479,1.0489,1.0473,1.0477,1180
2024.11.25,06:00,1.0476,1.0489,1.0449,1.045,1244
2024.11.25,10:00,1.0451,1.0496,1.0448,1.0479,2444
2024.11.25,14:00,1.0478,1.0529,1.0473,1.0488,3141
2024.11.25,18:00,1.0489,1.051,1.0466,1.0505,1799
2024.11.25,22:00,1.0504,1.0508,1.0442,1.0444,928
2024.11.26,02:00,1.0445,1.0479,1.0424,1.0477,2411
2024.11.26,06:00,1.0478,1.049,1.0471,1.0471,1282
2024.11.26,10:00,1.0472,1.052,1.0469,1.0512,2473
2024.11.26,14:00,1.0511,1.0544,1.0478,1.0479,3417
2024.11.26,18:00,1.048,1.0485,1.0456,1.0472,2071
2024.11.26,22:00,1.0471,1.0491,1.0471,1.0491,682
2024.11.27,02:00,1.0492,1.0496,1.0477,1.0482,972
2024.11.27,06:00,1.048,1.0504,1.0474,1.0497,1102
2024.11.27,10:00,1.0496,1.0539,1.0495,1.0525,2812
2024.11.27,14:00,1.0526,1.0579,1.0519,1.057,3457
2024.11.27,18:00,1.0569,1.0587,1.0554,1.0562,1944
2024.11.27,22:00,1.0561,1.0569,1.0559,1.0561,517
2024.11.28,02:00,1.056,1.0562,1.0546,1.0552,771
2024.11.28,06:00,1.0551,1.0557,1.0531,1.0541,823
2024.11.28,10:00,1.0538,1.0555,1.0527,1.0549,2157
2024.11.28,14:00,1.0548,1.0556,1.0529,1.0551,1614
2024.11.28,18:00,1.0552,1.0556,1.0547,1.0556,342
2024.11.28,22:00,1.0555,1.0561,1.0548,1.0559,254
2024.11.29,02:00,1.056,1.0575,1.0556,1.0573,991
2024.11.29,06:00,1.0572,1.0596,1.0564,1.0579,1116
2024.11.29,10:00,1.0578,1.0581,1.0551,1.0562,2029
2024.11.29,14:00,1.0561,1.0568,1.0545,1.0561,2208
2024.11.29,18:00,1.056,1.0579,1.0541,1.0579,1769
2024.11.29,22:00,1.0578,1.0584,1.0576,1.0577,423
2024.12.01,22:00,1.0566,1.0568,1.0533,1.0543,520
2024.12.02,02:00,1.0544,1.0545,1.0519,1.0523,1309
2024.12.02,06:00,1.0522,1.0536,1.0501,1.0501,1728
2024.12.02,10:00,1.05,1.0528,1.0495,1.0522,2408
2024.12.02,14:00,1.0521,1.0537,1.0461,1.0469,3326
2024.12.02,18:00,1.0468,1.0498,1.046,1.0489,1953
2024.12.02,22:00,1.049,1.0515,1.0488,1.05,782
2024.12.03,02:00,1.0501,1.0501,1.0481,1.0489,1187
2024.12.03,06:00,1.049,1.0511,1.048,1.0496,1255
2024.12.03,10:00,1.0497,1.053,1.0497,1.0522,2463
2024.12.03,14:00,1.0521,1.0528,1.0491,1.0516,2715
2024.12.03,18:00,1.0517,1.0534,1.0502,1.0503,1886
2024.12.03,22:00,1.0502,1.0512,1.0502,1.0509,565
2024.12.04,02:00,1.0508,1.0512,1.0487,1.0493,1111
2024.12.04,06:00,1.0492,1.0528,1.049,1.0508,1236
2024.12.04,10:00,1.0507,1.0514,1.0482,1.0504,2365
2024.12.04,14:00,1.0503,1.0543,1.0471,1.0529,3478
2024.12.04,18:00,1.0528,1.0542,1.0506,1.0513,2135
2024.12.04,22:00,1.0512,1.0517,1.0504,1.0512,682
2024.12.05,02:00,1.0511,1.0522,1.0507,1.0522,724
2024.12.05,10:00,1.0533,1.0545,1.052,1.0536,1367
2024.12.05,14:00,1.0537,1.0589,1.0523,1.0571,3032
2024.12.05,18:00,1.0572,1.0588,1.0556,1.0587,1458
2024.12.05,22:00,1.0586,1.0588,1.058,1.0586,549
2024.12.06,02:00,1.0585,1.0586,1.0565,1.0575,833
2024.12.06,06:00,1.0576,1.0584,1.0567,1.0583,707
2024.12.06,10:00,1.0582,1.0593,1.057,1.0586,1591
2024.12.06,14:00,1.0585,1.0629,1.0543,1.0562,3886
2024.12.06,18:00,1.0563,1.0575,1.0541,1.0554,1629
2024.12.06,22:00,1.0553,1.0569,1.0553,1.0568,262
2024.12.08,22:00,1.0557,1.0568,1.0557,1.0565,258
2024.12.09,02:00,1.0564,1.0565,1.0536,1.0536,758
2024.12.09,06:00,1.0535,1.0566,1.0531,1.0563,1066
2024.12.09,10:00,1.0564,1.0584,1.0556,1.0568,1744
2024.12.09,14:00,1.0567,1.0592,1.0557,1.059,1946
2024.12.09,18:00,1.0591,1.0594,1.0551,1.0554,944
2024.12.09,22:00,1.0555,1.0557,1.0546,1.0553,429
2024.12.10,02:00,1.0554,1.0561,1.0544,1.0556,801
2024.12.10,06:00,1.0557,1.0567,1.0546,1.0548,871
2024.12.10,10:00,1.0549,1.0551,1.0522,1.0531,1610
2024.12.10,14:00,1.053,1.0533,1.0497,1.0503,2140
2024.12.10,18:00,1.0504,1.053,1.0499,1.0526,1254
2024.12.10,22:00,1.0527,1.0531,1.0523,1.053,429
2024.12.11,02:00,1.0531,1.0538,1.0527,1.0527,611
2024.12.11,06:00,1.0528,1.0529,1.0487,1.0489,1111
2024.12.11,10:00,1.049,1.0512,1.0486,1.0503,1829
2024.12.11,14:00,1.0504,1.0537,1.0479,1.049,3591
2024.12.11,18:00,1.0489,1.0511,1.0481,1.049,1587
2024.12.11,22:00,1.0491,1.0506,1.0487,1.0504,494
2024.12.12,02:00,1.0505,1.0508,1.05,1.0504,773
2024.12.12,06:00,1.0505,1.053,1.0503,1.0515,817
2024.12.12,10:00,1.0514,1.052,1.0493,1.0502,1660
2024.12.12,14:00,1.0501,1.052,1.0463,1.0472,4258
2024.12.12,18:00,1.0471,1.0517,1.0471,1.0472,1859
2024.12.12,22:00,1.0471,1.0474,1.0463,1.0473,564
2024.12.13,02:00,1.0472,1.048,1.0459,1.0459,829
2024.12.13,06:00,1.046,1.0465,1.0452,1.0458,915
2024.12.13,10:00,1.0457,1.0495,1.0456,1.0488,1641
2024.12.13,14:00,1.0487,1.0523,1.0481,1.0488,2175
2024.12.13,18:00,1.0489,1.0505,1.0486,1.0495,1318
2024.12.13,22:00,1.0496,1.0504,1.0492,1.0503,254
2024.12.15,22:00,1.0488,1.051,1.0485,1.0508,332
2024.12.16,02:00,1.0509,1.0522,1.0509,1.0511,699
2024.12.16,06:00,1.0512,1.0521,1.0503,1.0503,612
2024.12.16,10:00,1.0504,1.0524,1.0482,1.049,1486
2024.12.16,14:00,1.0489,1.0512,1.0474,1.0506,1859
2024.12.16,18:00,1.0507,1.0522,1.0494,1.0509,1287
2024.12.16,22:00,1.051,1.0517,1.0506,1.0516,390
2024.12.17,02:00,1.0517,1.0533,1.051,1.0511,820
2024.12.17,06:00,1.0512,1.0512,1.0495,1.0497,940
2024.12.17,10:00,1.0496,1.0499,1.0478,1.049,1569
2024.12.17,14:00,1.0491,1.0511,1.0487,1.0498,1997
2024.12.17,18:00,1.0499,1.0515,1.0487,1.0488,1348
2024.12.17,22:00,1.0487,1.0494,1.0484,1.0494,460
2024.12.18,02:00,1.0493,1.0503,1.0492,1.0498,662
2024.12.18,06:00,1.0497,1.0512,1.0493,1.0496,831
2024.12.18,10:00,1.0495,1.0503,1.0487,1.0496,1247
2024.12.18,14:00,1.0495,1.0502,1.0469,1.0473,1692
2024.12.18,18:00,1.0472,1.0492,1.0373,1.0376,3004
2024.12.18,22:00,1.0375,1.0379,1.0343,1.035,2204
2024.12.19,02:00,1.0351,1.039,1.0351,1.0377,1444
2024.12.19,06:00,1.0378,1.0408,1.0374,1.0394,1494
2024.12.19,10:00,1.0393,1.0421,1.039,1.0403,2049
2024.12.19,14:00,1.0401,1.0413,1.0376,1.0379,3077
2024.12.19,18:00,1.0378,1.0384,1.0354,1.0361,2026
2024.12.19,22:00,1.036,1.0368,1.0358,1.0364,643
2024.12.20,02:00,1.0363,1.0368,1.0358,1.0361,910
2024.12.20,06:00,1.036,1.0384,1.0342,1.0382,1417
2024.12.20,10:00,1.0381,1.0398,1.0375,1.0391,1628
2024.12.20,14:00,1.039,1.0418,1.0385,1.0396,2646
2024.12.20,18:00,1.0397,1.0447,1.0395,1.0444,1905
2024.12.20,22:00,1.0443,1.0446,1.0421,1.0428,435
2024.12.22,22:00,1.0429,1.0444,1.0428,1.0433,359
2024.12.23,02:00,1.0434,1.0442,1.0426,1.0438,674
2024.12.23,06:00,1.0439,1.0444,1.041,1.0412,608
2024.12.23,10:00,1.0413,1.0419,1.0386,1.0399,1255
2024.12.23,14:00,1.04,1.0408,1.0383,1.039,1888
2024.12.23,18:00,1.0391,1.0417,1.0388,1.041,1142
2024.12.23,22:00,1.0411,1.0413,1.0402,1.0403,390
2024.12.24,02:00,1.0404,1.0408,1.0388,1.039,455
2024.12.24,06:00,1.0391,1.0398,1.0389,1.039,423
2024.12.24,10:00,1.0391,1.0405,1.0388,1.0394,901
2024.12.24,14:00,1.0395,1.0409,1.0388,1.0391,1174
2024.12.24,18:00,1.0392,1.0395,1.0383,1.0388,357
2024.12.26,06:00,1.0397,1.0399,1.039,1.0396,237
2024.12.26,10:00,1.0397,1.0402,1.039,1.04,447
2024.12.26,14:00,1.0399,1.0414,1.0392,1.0408,1039
2024.12.26,18:00,1.0409,1.0429,1.0406,1.0416,900
2024.12.26,22:00,1.0415,1.0424,1.0415,1.0421,441
2024.12.27,02:00,1.042,1.0423,1.0406,1.0412,542
2024.12.27,06:00,1.0411,1.0424,1.0404,1.0421,486
2024.12.27,10:00,1.042,1.044,1.0408,1.0438,851
2024.12.27,14:00,1.0439,1.0443,1.0415,1.0421,1448
2024.12.27,18:00,1.0422,1.0432,1.0414,1.0427,1237
2024.12.27,22:00,1.0426,1.0426,1.0421,1.0423,262
2024.12.29,22:00,1.043,1.0433,1.0427,1.0429,175
2024.12.30,02:00,1.043,1.043,1.042,1.0424,337
2024.12.30,06:00,1.0423,1.0431,1.042,1.0425,418
2024.12.30,10:00,1.0426,1.0451,1.0409,1.0447,1265
2024.12.30,14:00,1.0446,1.0457,1.0371,1.038,2346
2024.12.30,18:00,1.0379,1.0406,1.0374,1.0396,1249
2024.12.30,22:00,1.0395,1.0406,1.0394,1.0405,423
2024.12.31,02:00,1.0404,1.0414,1.0396,1.0408,439
2024.12.31,06:00,1.0407,1.0408,1.0402,1.0403,91
2025.01.02,06:00,1.0363,1.0372,1.0359,1.0362,437
2025.01.02,10:00,1.0363,1.037,1.0313,1.0331,1886
2025.01.02,14:00,1.0332,1.0333,1.0272,1.0273,2738
2025.01.02,18:00,1.0274,1.0275,1.0223,1.025,2525
2025.01.02,22:00,1.0251,1.0267,1.025,1.0267,479
2025.01.03,02:00,1.0266,1.0274,1.0265,1.027,504
2025.01.03,06:00,1.0269,1.0284,1.0264,1.028,720
2025.01.03,10:00,1.0281,1.0302,1.0272,1.0296,1317
2025.01.03,14:00,1.0297,1.0305,1.0272,1.0288,1928
2025.01.03,18:00,1.0287,1.0305,1.0283,1.03,1220
2025.01.03,22:00,1.0299,1.0309,1.0298,1.0307,191
2025.01.05,22:00,1.0305,1.0307,1.0296,1.0304,158
2025.01.06,02:00,1.0303,1.0317,1.0295,1.0315,735
2025.01.06,06:00,1.0316,1.0327,1.0307,1.0326,662
2025.01.06,10:00,1.0327,1.0432,1.0326,1.0421,3172
2025.01.06,14:00,1.0423,1.0436,1.0352,1.0393,4552
2025.01.06,18:00,1.0394,1.0402,1.0376,1.0387,1729
2025.01.06,22:00,1.0386,1.0392,1.0381,1.0382,525
2025.01.07,02:00,1.0383,1.0392,1.0375,1.0392,714
2025.01.07,06:00,1.0393,1.0424,1.039,1.0414,1068
2025.01.07,10:00,1.0415,1.0433,1.0402,1.0412,1814
2025.01.07,14:00,1.0413,1.0416,1.0354,1.0372,2674
2025.01.07,18:00,1.0373,1.038,1.0349,1.0354,2218
2025.01.07,22:00,1.0355,1.0355,1.0338,1.0341,531
2025.01.08,02:00,1.0342,1.0354,1.0342,1.0347,482
2025.01.08,06:00,1.0348,1.0357,1.0328,1.0331,753
2025.01.08,10:00,1.0332,1.0339,1.0272,1.0297,2207
2025.01.08,14:00,1.0296,1.0309,1.028,1.0301,3276
2025.01.08,18:00,1.03,1.0323,1.0294,1.0308,1456
2025.01.08,22:00,1.0309,1.0319,1.0307,1.0312,334
2025.01.09,02:00,1.0313,1.0321,1.0304,1.031,683
2025.01.09,06:00,1.0311,1.0312,1.0287,1.029,958
2025.01.09,10:00,1.0291,1.0317,1.0283,1.03,2031
2025.01.09,14:00,1.0301,1.0318,1.0294,1.0299,1450
2025.01.09,18:00,1.0298,1.0301,1.029,1.0297,727
2025.01.09,22:00,1.0298,1.0303,1.0295,1.0296,256
2025.01.10,02:00,1.0298,1.0303,1.0291,1.0298,606
2025.01.10,06:00,1.0297,1.0299,1.028,1.0296,668
2025.01.10,10:00,1.0295,1.0311,1.0292,1.0301,1376
2025.01.10,14:00,1.03,1.0311,1.0213,1.0249,4617
2025.01.10,18:00,1.025,1.025,1.0227,1.0245,2029
2025.01.10,22:00,1.0244,1.0248,1.0236,1.0244,307
2025.01.12,22:00,1.0237,1.0246,1.0237,1.0242,338
2025.01.13,02:00,1.0243,1.0249,1.0212,1.0214,1044
2025.01.13,06:00,1.0215,1.0224,1.0207,1.0214,1276
2025.01.13,10:00,1.0213,1.023,1.0177,1.0195,2784
2025.01.13,14:00,1.0196,1.022,1.0187,1.0196,2434
2025.01.13,18:00,1.0197,1.0221,1.0191,1.0206,1455
2025.01.13,22:00,1.0207,1.0277,1.0206,1.0263,1052
2025.01.14,02:00,1.0262,1.0263,1.0238,1.0248,976
2025.01.14,06:00,1.0247,1.0265,1.0241,1.0254,1072
2025.01.14,10:00,1.0253,1.0274,1.0251,1.0253,1823
2025.01.14,14:00,1.0254,1.0295,1.0239,1.0294,3315
2025.01.14,18:00,1.0293,1.0305,1.0278,1.0297,1518
2025.01.14,22:00,1.0298,1.0308,1.0296,1.0305,536
2025.01.15,02:00,1.0304,1.0305,1.0294,1.0301,678
2025.01.15,06:00,1.03,1.0307,1.0286,1.0304,987
2025.01.15,10:00,1.0303,1.0316,1.0293,1.03,1378
2025.01.15,14:00,1.0299,1.0353,1.0293,1.0305,3323
2025.01.15,18:00,1.0304,1.0307,1.0258,1.0292,1651
2025.01.15,22:00,1.0291,1.0298,1.0285,1.0294,471
2025.01.16,02:00,1.0295,1.0299,1.0284,1.0288,1162
2025.01.16,06:00,1.0289,1.0301,1.028,1.0297,903
2025.01.16,10:00,1.0298,1.0299,1.0281,1.0289,1440
2025.01.16,14:00,1.0288,1.0305,1.026,1.03,3099
2025.01.16,18:00,1.0301,1.0314,1.0285,1.0301,1863
2025.01.16,22:00,1.03,1.0303,1.0296,1.0301,366
2025.01.17,02:00,1.03,1.0309,1.0297,1.03,548
2025.01.17,06:00,1.0299,1.03,1.0277,1.0284,814
2025.01.17,10:00,1.0285,1.0309,1.0284,1.0304,1486
2025.01.17,14:00,1.0303,1.033,1.0264,1.0298,2796
2025.01.17,18:00,1.0297,1.0299,1.0272,1.0275,1369
2025.01.17,22:00,1.0274,1.0281,1.0268,1.0269,332
2025.01.19,22:00,1.0282,1.0282,1.0266,1.028,307
2025.01.20,02:00,1.0281,1.0306,1.0278,1.0305,794
2025.01.20,06:00,1.0306,1.0318,1.0299,1.0317,744
2025.01.20,10:00,1.0316,1.0325,1.0304,1.0325,1407
2025.01.20,14:00,1.0324,1.0429,1.0311,1.04,4660
2025.01.20,18:00,1.0399,1.0422,1.0353,1.0419,1782
2025.01.20,22:00,1.0418,1.0433,1.0409,1.042,868
2025.01.21,02:00,1.0421,1.0433,1.0352,1.0387,3321
2025.01.21,06:00,1.0386,1.0398,1.0364,1.0372,1286
2025.01.21,10:00,1.0371,1.0372,1.0341,1.0353,1953
2025.01.21,14:00,1.0352,1.041,1.0345,1.0399,2935
2025.01.21,18:00,1.04,1.0434,1.0398,1.0417,1778
2025.01.21,22:00,1.0416,1.0433,1.0392,1.0405,1182
2025.01.22,02:00,1.0406,1.0424,1.0405,1.0411,943
2025.01.22,06:00,1.041,1.0421,1.0399,1.0411,889
2025.01.22,10:00,1.041,1.0456,1.0409,1.0442,1817
2025.01.22,14:00,1.044,1.0445,1.0413,1.0419,1985
2025.01.22,18:00,1.0418,1.0422,1.0411,1.0419,1109
2025.01.22,22:00,1.0418,1.0422,1.0405,1.0407,463
2025.01.23,02:00,1.0408,1.0415,1.0396,1.0408,758
2025.01.23,06:00,1.0409,1.0412,1.0389,1.0399,937
2025.01.23,10:00,1.04,1.0419,1.0389,1.0402,1443
2025.01.23,14:00,1.0403,1.0417,1.0386,1.0396,2097
2025.01.23,18:00,1.0395,1.0437,1.0371,1.0421,2648
2025.01.23,22:00,1.042,1.0428,1.0412,1.0415,612
2025.01.24,02:00,1.0414,1.0453,1.0411,1.0445,1413
2025.01.24,06:00,1.0444,1.0469,1.0443,1.046,1659
2025.01.24,10:00,1.0461,1.0514,1.0457,1.0484,2154
2025.01.24,14:00,1.0483,1.052,1.0463,1.0515,2211
2025.01.24,18:00,1.0516,1.0521,1.0491,1.0494,1352
2025.01.24,22:00,1.0493,1.0496,1.0487,1.0495,215
2025.01.26,22:00,1.0479,1.0485,1.0464,1.0467,332
2025.01.27,02:00,1.0468,1.0478,1.0458,1.0468,958
2025.01.27,06:00,1.0467,1.047,1.0453,1.0456,1004
2025.01.27,10:00,1.0457,1.0517,1.0454,1.0513,2661
2025.01.27,14:00,1.0514,1.0532,1.0493,1.0498,2663
2025.01.27,18:00,1.0497,1.0507,1.0478,1.0492,1669
2025.01.27,22:00,1.0491,1.0493,1.0428,1.0436,1244
2025.01.28,02:00,1.0435,1.0456,1.0424,1.0429,1769
2025.01.28,06:00,1.0428,1.0443,1.0425,1.0434,898
2025.01.28,10:00,1.0433,1.0444,1.0419,1.0423,1736
2025.01.28,14:00,1.0422,1.044,1.0413,1.0423,1877
2025.01.28,18:00,1.0424,1.0437,1.0422,1.0434,1145
2025.01.28,22:00,1.0433,1.0434,1.0426,1.0426,426
2025.01.29,02:00,1.0427,1.0438,1.0425,1.0437,625
2025.01.29,06:00,1.0438,1.0443,1.0412,1.0416,877
2025.01.29,10:00,1.0417,1.043,1.0394,1.0401,1524
2025.01.29,14:00,1.04,1.0426,1.0381,1.0419,2116
2025.01.29,18:00,1.0418,1.0428,1.0388,1.0415,2990
2025.01.29,22:00,1.0414,1.0426,1.0405,1.0424,1079
2025.01.30,02:00,1.0423,1.0428,1.0418,1.0424,634
2025.01.30,06:00,1.0425,1.0427,1.0409,1.0427,846
2025.01.30,10:00,1.0428,1.0428,1.039,1.0391,1719
2025.01.30,14:00,1.0392,1.0467,1.0389,1.043,3278
2025.01.30,18:00,1.0431,1.0434,1.0409,1.0427,1287
2025.01.30,22:00,1.0428,1.0431,1.0384,1.0396,1748
2025.01.31,02:00,1.0395,1.0402,1.0377,1.0384,977
2025.01.31,06:00,1.0383,1.0412,1.0382,1.0402,844
2025.01.31,10:00,1.0403,1.0406,1.0365,1.0375,1892
2025.01.31,14:00,1.0376,1.04,1.0359,1.0395,2327
2025.01.31,18:00,1.0394,1.0433,1.0361,1.0375,3538
2025.01.31,22:00,1.0374,1.0387,1.0349,1.0358,1387
2025.02.02,22:00,1.0242,1.0268,1.0233,1.0246,1451
2025.02.03,02:00,1.0245,1.0266,1.021,1.0221,3110
2025.02.03,06:00,1.022,1.0251,1.022,1.0225,2080
2025.02.03,10:00,1.0227,1.0255,1.0212,1.0251,2346
2025.02.03,14:00,1.0252,1.0335,1.0244,1.0315,4429
2025.02.03,18:00,1.0314,1.0321,1.0269,1.0284,3818
2025.02.03,22:00,1.0283,1.0351,1.0282,1.0327,1530
2025.02.04,02:00,1.0328,1.033,1.0308,1.0314,1164
2025.02.04,06:00,1.0313,1.0316,1.0271,1.0311,1729
2025.02.04,10:00,1.031,1.0348,1.0308,1.0321,1998
2025.02.04,14:00,1.0322,1.0385,1.0319,1.0379,2607
2025.02.04,18:00,1.038,1.0386,1.0365,1.0381,1732
2025.02.04,22:00,1.038,1.0387,1.037,1.0371,653
2025.02.05,02:00,1.0372,1.0386,1.0369,1.0379,962
2025.02.05,06:00,1.038,1.0409,1.0372,1.04,948
2025.02.05,10:00,1.0399,1.043,1.0389,1.0414,1735
2025.02.05,14:00,1.0413,1.0442,1.0401,1.0421,2551
2025.02.05,18:00,1.0422,1.0424,1.0404,1.0406,1277
2025.02.05,22:00,1.0405,1.0406,1.0396,1.0398,498
2025.02.06,02:00,1.0399,1.0404,1.0389,1.0391,773
2025.02.06,06:00,1.0392,1.0393,1.0377,1.0379,731
2025.02.06,10:00,1.0378,1.038,1.0355,1.0361,1338
2025.02.06,14:00,1.0362,1.0375,1.0352,1.0368,2316
2025.02.06,18:00,1.0369,1.0396,1.0365,1.0384,1258
2025.02.06,22:00,1.0383,1.039,1.0381,1.0384,450
2025.02.07,02:00,1.0385,1.039,1.0373,1.0379,669
2025.02.07,06:00,1.038,1.0389,1.0372,1.0388,585
2025.02.07,10:00,1.0387,1.0399,1.0377,1.0381,1062
2025.02.07,14:00,1.038,1.0411,1.0327,1.0354,3456
2025.02.07,18:00,1.0353,1.0359,1.0305,1.0331,3262
2025.02.07,22:00,1.0332,1.0337,1.0321,1.0325,343
2025.02.09,22:00,1.0288,1.0313,1.0286,1.0309,372
2025.02.10,02:00,1.031,1.0318,1.0298,1.0311,807
2025.02.10,06:00,1.031,1.0324,1.0309,1.0312,628
2025.02.10,10:00,1.0313,1.0336,1.0306,1.032,1331
2025.02.10,14:00,1.0319,1.0325,1.0303,1.0314,1381
2025.02.10,18:00,1.0315,1.0317,1.0304,1.0306,809
2025.02.10,22:00,1.0307,1.0308,1.0298,1.03,468
2025.02.11,02:00,1.0299,1.0306,1.0291,1.0297,477
2025.02.11,06:00,1.0298,1.0309,1.0297,1.0302,515
2025.02.11,10:00,1.0303,1.0324,1.0299,1.0321,1016
2025.02.11,14:00,1.0322,1.0342,1.0316,1.0339,1290
2025.02.11,18:00,1.0338,1.0381,1.0338,1.0357,1200
2025.02.11,22:00,1.0358,1.0367,1.0357,1.0363,576
2025.02.12,02:00,1.0362,1.0367,1.0353,1.0361,653
2025.02.12,06:00,1.036,1.0378,1.0354,1.0375,561
2025.02.12,10:00,1.0374,1.0385,1.0364,1.0374,1283
2025.02.12,14:00,1.0373,1.0382,1.0316,1.0374,3263
2025.02.12,18:00,1.0373,1.0429,1.035,1.039,2626
2025.02.12,22:00,1.0389,1.0397,1.038,1.0391,603
2025.02.13,02:00,1.0392,1.0421,1.0386,1.0418,830
2025.02.13,06:00,1.0419,1.0439,1.0419,1.0425,1283
2025.02.13,10:00,1.0426,1.0428,1.0392,1.0402,1642
2025.02.13,14:00,1.0403,1.0437,1.0375,1.0432,3446
2025.02.13,18:00,1.0433,1.0445,1.0372,1.0436,2724
2025.02.13,22:00,1.0435,1.0468,1.0435,1.0461,649
2025.02.14,02:00,1.0462,1.0466,1.0453,1.0458,843
2025.02.14,06:00,1.0459,1.0471,1.0446,1.0464,753
2025.02.14,10:00,1.0465,1.0487,1.0462,1.0466,1380
2025.02.14,14:00,1.0465,1.0513,1.0456,1.0507,2195
2025.02.14,18:00,1.0508,1.0509,1.0493,1.0497,962
2025.02.14,22:00,1.0496,1.0497,1.0488,1.0488,249
2025.02.16,22:00,1.0486,1.0493,1.0484,1.0488,264
2025.02.17,02:00,1.0487,1.0506,1.0485,1.0494,731
2025.02.17,06:00,1.0495,1.0497,1.048,1.0482,874
2025.02.17,10:00,1.0483,1.0488,1.047,1.0481,1230
2025.02.17,14:00,1.0482,1.0484,1.0466,1.0479,851
2025.02.17,18:00,1.0478,1.0484,1.0476,1.0481,400
2025.02.17,22:00,1.048,1.0485,1.0477,1.0484,409
2025.02.18,02:00,1.0485,1.0485,1.0461,1.0462,761
2025.02.18,06:00,1.0461,1.0468,1.0451,1.0462,723
2025.02.18,10:00,1.0463,1.0468,1.0454,1.0462,1061
2025.02.18,14:00,1.0461,1.0466,1.0441,1.0466,1444
2025.02.18,18:00,1.0465,1.0469,1.0434,1.0444,825
2025.02.18,22:00,1.0443,1.0451,1.0441,1.0447,542
2025.02.19,02:00,1.0446,1.0451,1.044,1.045,619
2025.02.19,06:00,1.0451,1.046,1.0447,1.045,568
2025.02.19,10:00,1.0451,1.0455,1.0418,1.0424,1300
2025.02.19,14:00,1.0423,1.044,1.0421,1.0423,1438
2025.02.19,18:00,1.0424,1.0432,1.04,1.0424,1284
2025.02.19,22:00,1.0423,1.0426,1.0419,1.042,381
2025.02.20,02:00,1.0421,1.0437,1.0418,1.043,828
2025.02.20,06:00,1.0431,1.0433,1.0423,1.0431,707
2025.02.20,10:00,1.043,1.0445,1.0428,1.0438,1066
2025.02.20,14:00,1.0437,1.0474,1.0432,1.0473,2005
2025.02.20,18:00,1.0472,1.0502,1.0463,1.0501,1193
2025.02.20,22:00,1.05,1.0505,1.0494,1.05,425
2025.02.21,02:00,1.0499,1.0504,1.0484,1.0502,863
2025.02.21,06:00,1.0501,1.0504,1.0487,1.0491,688
2025.02.21,10:00,1.049,1.0493,1.0462,1.0469,1366
2025.02.21,14:00,1.0468,1.0492,1.0452,1.0453,1725
2025.02.21,18:00,1.0454,1.0467,1.0448,1.0461,1427
2025.02.21,22:00,1.046,1.0464,1.0457,1.0459,410
2025.02.23,22:00,1.047,1.0484,1.046,1.0473,446
2025.02.24,02:00,1.0472,1.0527,1.0471,1.0518,1407
2025.02.24,06:00,1.0519,1.052,1.0486,1.049,1338
2025.02.24,10:00,1.0491,1.0492,1.0463,1.0467,1616
2025.02.24,14:00,1.0468,1.0475,1.0452,1.0468,1584
2025.02.24,18:00,1.0467,1.0485,1.0465,1.0474,1176
2025.02.24,22:00,1.0475,1.0479,1.046,1.046,621
2025.02.25,02:00,1.0461,1.0475,1.0459,1.0472,765
2025.02.25,06:00,1.0473,1.0479,1.0463,1.0463,718
2025.02.25,10:00,1.0464,1.0489,1.0455,1.0489,1598
2025.02.25,14:00,1.0488,1.0518,1.0487,1.0498,2037
2025.02.25,18:00,1.0497,1.0517,1.0483,1.051,1370
2025.02.25,22:00,1.0509,1.0522,1.0508,1.052,542
2025.02.26,02:00,1.0519,1.0524,1.05,1.0503,716
2025.02.26,06:00,1.0504,1.0504,1.0486,1.0493,908
2025.02.26,10:00,1.0492,1.0511,1.0486,1.0491,1430
2025.02.26,14:00,1.049,1.0508,1.0474,1.0505,1997
2025.02.26,18:00,1.0506,1.0528,1.0481,1.049,2711
2025.02.26,22:00,1.0489,1.0492,1.0478,1.0487,564
2025.02.27,02:00,1.0486,1.0486,1.0464,1.0465,815
2025.02.27,06:00,1.0464,1.0479,1.0458,1.0475,893
2025.02.27,10:00,1.0474,1.0486,1.047,1.0475,1139
2025.02.27,14:00,1.0476,1.0489,1.0409,1.0414,3129
2025.02.27,18:00,1.0415,1.0417,1.04,1.0404,1249
2025.02.27,22:00,1.0403,1.0408,1.0388,1.0393,602
2025.02.28,02:00,1.0394,1.0403,1.038,1.0387,1102
2025.02.28,06:00,1.0388,1.04,1.0382,1.0395,861
2025.02.28,10:00,1.0396,1.0407,1.0392,1.0398,1115
2025.02.28,14:00,1.0397,1.0419,1.0393,1.0399,1978
2025.02.28,18:00,1.0398,1.041,1.0359,1.0367,2390
2025.02.28,22:00,1.0366,1.0376,1.0361,1.0375,661
2025.03.02,22:00,1.0404,1.042,1.0399,1.0411,405
2025.03.03,02:00,1.041,1.0422,1.0402,1.0416,1374
2025.03.03,06:00,1.0417,1.042,1.0401,1.0405,967
2025.03.03,10:00,1.0404,1.0457,1.0388,1.0452,2107
2025.03.03,14:00,1.0453,1.0503,1.0452,1.0484,2818
2025.03.03,18:00,1.0483,1.0503,1.0472,1.0472,1865
2025.03.03,22:00,1.0471,1.0492,1.0466,1.0485,1515
2025.03.04,02:00,1.0484,1.0495,1.0474,1.0476,1393
2025.03.04,06:00,1.0477,1.05,1.047,1.0492,1636
2025.03.04,10:00,1.0491,1.0544,1.0485,1.0543,2617
2025.03.04,14:00,1.0544,1.0559,1.0496,1.0526,3580
2025.03.04,18:00,1.0525,1.0601,1.0514,1.06,3094
2025.03.04,22:00,1.0601,1.0636,1.0601,1.0622,1615
2025.03.05,02:00,1.0623,1.0627,1.0601,1.0617,1812
2025.03.05,06:00,1.0618,1.0675,1.0615,1.0674,1750
2025.03.05,10:00,1.0673,1.0721,1.0658,1.0678,2986
2025.03.05,14:00,1.0679,1.0776,1.0678,1.0764,4437
2025.03.05,18:00,1.0765,1.079,1.076,1.0789,2944
2025.03.05,22:00,1.0788,1.0796,1.0785,1.0793,580
2025.03.06,02:00,1.0794,1.0819,1.0787,1.0789,1463
2025.03.06,06:00,1.0788,1.0821,1.0783,1.0798,1800
2025.03.06,10:00,1.0797,1.0816,1.078,1.0798,3048
2025.03.06,14:00,1.0797,1.0853,1.0787,1.0816,4702
2025.03.06,18:00,1.0817,1.0836,1.0765,1.0801,2752
2025.03.06,22:00,1.08,1.0803,1.0774,1.0786,940
2025.03.07,02:00,1.0787,1.0814,1.078,1.0805,1013
2025.03.07,06:00,1.0806,1.084,1.0802,1.0829,1087
2025.03.07,10:00,1.083,1.087,1.0826,1.0849,1919
2025.03.07,14:00,1.0848,1.0888,1.0835,1.0869,4387
2025.03.07,18:00,1.0868,1.0872,1.0825,1.0842,2363
2025.03.07,22:00,1.0841,1.085,1.0834,1.0835,382
2025.03.09,22:00,1.0845,1.0865,1.0844,1.0859,625
2025.03.10,02:00,1.086,1.087,1.0829,1.0831,1212
2025.03.10,06:00,1.0832,1.0844,1.081,1.0823,1401
2025.03.10,10:00,1.0822,1.0874,1.0804,1.085,2964
2025.03.10,14:00,1.0849,1.0859,1.082,1.0836,2502
2025.03.10,18:00,1.0837,1.0845,1.0817,1.0831,1656
2025.03.10,22:00,1.083,1.0843,1.0825,1.0839,589
2025.03.11,02:00,1.0838,1.086,1.0838,1.0854,1285
2025.03.11,06:00,1.0853,1.0901,1.0835,1.089,2032
2025.03.11,10:00,1.0889,1.092,1.088,1.0904,2269
2025.03.11,14:00,1.0903,1.093,1.0894,1.0926,2958
2025.03.11,18:00,1.0925,1.0946,1.0917,1.0919,1805
2025.03.11,22:00,1.0918,1.092,1.0909,1.0913,419
2025.03.12,02:00,1.0914,1.0915,1.0895,1.0896,767
2025.03.12,06:00,1.0905,1.0905,1.0887,1.0901,785
2025.03.12,10:00,1.09,1.0925,1.0897,1.09,2081
2025.03.12,14:00,1.0899,1.0931,1.0875,1.0923,3709
2025.03.12,18:00,1.0922,1.0927,1.0879,1.0889,1414
2025.03.12,22:00,1.089,1.0893,1.0883,1.0884,429
2025.03.13,02:00,1.0885,1.0896,1.0882,1.0884,649
2025.03.13,06:00,1.0883,1.0893,1.0859,1.0865,1119
2025.03.13,10:00,1.0866,1.0884,1.0844,1.0855,2301
2025.03.13,14:00,1.0856,1.0876,1.0822,1.0858,3328
2025.03.13,18:00,1.0857,1.0877,1.0847,1.0847,1601
2025.03.13,22:00,1.0846,1.0855,1.0846,1.0854,302
2025.03.14,02:00,1.0853,1.0858,1.0833,1.0845,796
2025.03.14,06:00,1.0844,1.085,1.083,1.0838,1180
2025.03.14,10:00,1.0837,1.0912,1.0834,1.0896,2748
2025.03.14,14:00,1.0897,1.0911,1.0865,1.0871,2623
2025.03.14,18:00,1.087,1.0889,1.087,1.0882,1101
2025.03.16,22:00,1.0878,1.0884,1.0874,1.0879,216
2025.03.17,02:00,1.088,1.0889,1.0873,1.0883,619
2025.03.17,06:00,1.0884,1.0893,1.0868,1.0875,937
2025.03.17,10:00,1.0874,1.0911,1.087,1.0901,1447
2025.03.17,14:00,1.0902,1.0929,1.0887,1.0921,1838
2025.03.17,18:00,1.092,1.0926,1.0911,1.092,904
2025.03.17,22:00,1.0921,1.0927,1.0917,1.0917,330
2025.03.18,02:00,1.0918,1.092,1.0905,1.0907,468
2025.03.18,06:00,1.0908,1.0936,1.0903,1.0934,655
2025.03.18,10:00,1.0933,1.0954,1.0914,1.0915,1526
2025.03.18,14:00,1.0916,1.0933,1.0892,1.0926,2451
2025.03.18,18:00,1.0925,1.0951,1.0923,1.0945,1270
2025.03.18,22:00,1.0946,1.0948,1.0937,1.0938,362
2025.03.19,02:00,1.0937,1.0944,1.0931,1.0937,571
2025.03.19,06:00,1.0936,1.0936,1.0872,1.0891,1230
2025.03.19,10:00,1.0892,1.0912,1.0891,1.0907,1585
2025.03.19,14:00,1.0908,1.0917,1.0875,1.0877,1736
2025.03.19,18:00,1.0878,1.0912,1.086,1.0897,2707
2025.03.19,22:00,1.0898,1.0912,1.0895,1.0911,387
2025.03.20,02:00,1.0912,1.0916,1.0903,1.0909,787
2025.03.20,06:00,1.0908,1.091,1.0864,1.0879,883
2025.03.20,10:00,1.088,1.0885,1.0833,1.0849,2245
2025.03.20,14:00,1.0848,1.0855,1.0814,1.0846,2263
2025.03.20,18:00,1.0847,1.0853,1.0838,1.0852,942
2025.03.20,22:00,1.0853,1.0858,1.0847,1.0852,258
2025.03.21,02:00,1.0853,1.0858,1.0833,1.0834,821
2025.03.21,06:00,1.0835,1.0841,1.0819,1.0838,1006
2025.03.21,10:00,1.0837,1.085,1.0823,1.085,1522
2025.03.21,14:00,1.0849,1.086,1.0796,1.0805,2148
2025.03.21,18:00,1.0806,1.0826,1.0804,1.0816,1368
2025.03.21,22:00,1.0817,1.0817,1.0811,1.0812,74
2025.03.23,22:00,1.0821,1.0836,1.0816,1.0835,266
2025.03.24,02:00,1.0834,1.0839,1.0819,1.0819,895
2025.03.24,06:00,1.082,1.0849,1.0816,1.0839,1090
2025.03.24,10:00,1.084,1.0857,1.0828,1.0831,1518
2025.03.24,14:00,1.0832,1.0834,1.079,1.0793,2064
2025.03.24,18:00,1.0794,1.0812,1.0781,1.0801,1297
2025.03.24,22:00,1.0802,1.0805,1.0794,1.0801,329
2025.03.25,02:00,1.0802,1.0807,1.0793,1.0802,725
2025.03.25,06:00,1.0803,1.0808,1.0784,1.0787,829
2025.03.25,10:00,1.0786,1.0827,1.0776,1.0818,1580
2025.03.25,14:00,1.0817,1.0829,1.0796,1.0802,2147
2025.03.25,18:00,1.0803,1.0816,1.079,1.0794,1162
2025.03.25,22:00,1.0795,1.0795,1.0785,1.0788,355
2025.03.26,02:00,1.0787,1.0796,1.0777,1.0786,602
2025.03.26,06:00,1.0787,1.0791,1.0777,1.0786,925
2025.03.26,10:00,1.0785,1.0802,1.0784,1.0791,1352
2025.03.26,14:00,1.0792,1.0794,1.0767,1.078,1972
2025.03.26,18:00,1.0781,1.0791,1.0743,1.0751,1625
2025.03.26,22:00,1.075,1.0758,1.0732,1.0741,744
2025.03.27,02:00,1.074,1.0779,1.074,1.0777,772
2025.03.27,06:00,1.0778,1.0786,1.0753,1.0764,1220
2025.03.27,10:00,1.0763,1.0799,1.0755,1.0786,1821
2025.03.27,14:00,1.0787,1.082,1.0776,1.0799,2039
2025.03.27,18:00,1.0798,1.0808,1.0787,1.0794,1208
2025.03.27,22:00,1.0793,1.0802,1.0793,1.08,181
2025.03.28,02:00,1.0799,1.08,1.0787,1.0791,685
2025.03.28,06:00,1.0792,1.0799,1.0781,1.0786,863
2025.03.28,10:00,1.0785,1.0796,1.0764,1.0771,1493
2025.03.28,14:00,1.077,1.0844,1.0765,1.0824,2738
2025.03.28,18:00,1.0825,1.0832,1.0811,1.0825,1152
2025.03.28,22:00,1.0824,1.0835,1.0824,1.083,85
2025.03.30,23:00,1.0827,1.0829,1.0804,1.0823,637
2025.03.31,03:00,1.0824,1.0844,1.0822,1.0843,450
2025.03.31,07:00,1.0832,1.0848,1.082,1.0831,1708
2025.03.31,11:00,1.0832,1.0833,1.0805,1.0819,1475
2025.03.31,15:00,1.0818,1.082,1.0783,1.0793,2331
2025.03.31,19:00,1.0794,1.0819,1.0784,1.0813,1199
2025.03.31,23:00,1.0812,1.0819,1.0809,1.0817,311
2025.04.01,03:00,1.0818,1.0827,1.0816,1.0826,818
2025.04.01,07:00,1.0827,1.0829,1.0798,1.0801,1272
2025.04.01,11:00,1.08,1.0828,1.0777,1.078,1736
2025.04.01,15:00,1.0781,1.0812,1.0778,1.0798,2289
2025.04.01,19:00,1.0799,1.0804,1.0784,1.0788,1050
2025.04.01,23:00,1.0789,1.0807,1.0788,1.0793,502
2025.04.02,03:00,1.0794,1.0801,1.0786,1.0795,610
2025.04.02,07:00,1.0794,1.0797,1.0779,1.0791,914
2025.04.02,11:00,1.079,1.0807,1.0785,1.0802,1245
2025.04.02,15:00,1.0803,1.0872,1.0796,1.0867,2562
2025.04.02,19:00,1.0866,1.0866,1.0846,1.0849,1015
2025.04.02,23:00,1.085,1.0924,1.0804,1.0904,4862
2025.04.03,03:00,1.0902,1.0924,1.0879,1.0914,2747
2025.04.03,07:00,1.0913,1.0989,1.0905,1.097,3269
2025.04.03,11:00,1.0971,1.1146,1.097,1.1087,5013
2025.04.03,15:00,1.1088,1.1134,1.104,1.105,5816
2025.04.03,19:00,1.1049,1.1055,1.1015,1.1026,2468
2025.04.03,23:00,1.1025,1.1071,1.1021,1.1044,1046
2025.04.04,03:00,1.1045,1.1098,1.1036,1.1092,2157
2025.04.04,07:00,1.1093,1.1107,1.0999,1.1004,3043
2025.04.04,11:00,1.1003,1.1079,1.0964,1.106,6660
2025.04.04,15:00,1.1061,1.1088,1.0959,1.1013,9443
2025.04.04,19:00,1.1014,1.1019,1.0924,1.0942,4486
2025.04.04,23:00,1.0944,1.0963,1.0932,1.0963,491
2025.04.06,23:00,1.0888,1.1,1.0879,1.0983,2689
2025.04.07,03:00,1.0982,1.0982,1.0919,1.0949,3947
2025.04.07,07:00,1.095,1.1049,1.0947,1.1001,5009
2025.04.07,11:00,1.1002,1.1021,1.0934,1.0968,5466
2025.04.07,15:00,1.0967,1.099,1.09,1.0911,8047
2025.04.07,19:00,1.091,1.0951,1.0903,1.0916,3300
2025.04.07,23:00,1.0914,1.092,1.0901,1.0914,1191
2025.04.08,03:00,1.0915,1.0979,1.0914,1.0962,2157
2025.04.08,07:00,1.0963,1.0991,1.0921,1.0923,3007
2025.04.08,11:00,1.0922,1.0948,1.091,1.0934,3569
2025.04.08,15:00,1.0935,1.0968,1.0888,1.091,4809
2025.04.08,19:00,1.0911,1.0977,1.0898,1.0953,3543
2025.04.08,23:00,1.0954,1.0984,1.0938,1.0977,1318
2025.04.09,03:00,1.0976,1.1039,1.097,1.1019,4303
2025.04.09,07:00,1.102,1.1089,1.1009,1.1014,5964
2025.04.09,11:00,1.1013,1.1057,1.0997,1.1035,5448
2025.04.09,15:00,1.1034,1.1094,1.1025,1.1037,5373
2025.04.09,19:00,1.1038,1.1062,1.0913,1.0934,7874
2025.04.09,23:00,1.0935,1.0962,1.0928,1.095,2070
2025.04.10,03:00,1.0951,1.0988,1.095,1.0981,2749
2025.04.10,07:00,1.098,1.103,1.0962,1.1026,3486
2025.04.10,11:00,1.1025,1.1087,1.1015,1.1068,3827
2025.04.10,15:00,1.1069,1.1228,1.1067,1.1188,5786
2025.04.10,19:00,1.1187,1.124,1.1158,1.1203,4995
2025.04.10,23:00,1.1202,1.1262,1.118,1.1255,2592
2025.04.11,03:00,1.1254,1.1383,1.1251,1.134,7048
2025.04.11,07:00,1.1339,1.1368,1.1246,1.1362,5347
2025.04.11,11:00,1.1361,1.1473,1.132,1.1326,7762
2025.04.11,15:00,1.1325,1.1411,1.1312,1.1323,8427
2025.04.11,19:00,1.1322,1.1343,1.1276,1.1339,3948
2025.04.11,23:00,1.1337,1.1353,1.1336,1.1351,317
2025.04.13,23:00,1.1319,1.1354,1.1318,1.1342,1370
2025.04.14,03:00,1.134,1.1408,1.134,1.1371,3259
2025.04.14,07:00,1.1372,1.1424,1.1352,1.1389,3437
2025.04.14,11:00,1.1388,1.1409,1.1371,1.1384,3134
2025.04.14,15:00,1.1385,1.1388,1.1295,1.1356,4567
2025.04.14,19:00,1.1357,1.1369,1.1328,1.1355,2359
2025.04.14,23:00,1.1356,1.136,1.1333,1.1335,996
2025.04.15,03:00,1.1336,1.1352,1.1315,1.1347,1778
2025.04.15,07:00,1.1346,1.1367,1.132,1.1356,2734
2025.04.15,11:00,1.1357,1.1378,1.1313,1.1326,3155
2025.04.15,15:00,1.1325,1.1341,1.1281,1.1288,4714
2025.04.15,19:00,1.1289,1.1291,1.1263,1.1282,1868
2025.04.15,23:00,1.1283,1.1299,1.1279,1.1292,779
2025.04.16,03:00,1.1293,1.1342,1.1292,1.1342,2202
2025.04.16,07:00,1.1343,1.1392,1.1332,1.1387,2639
2025.04.16,11:00,1.1386,1.1387,1.1338,1.1362,3704
2025.04.16,15:00,1.1363,1.1386,1.134,1.1381,4203
2025.04.16,19:00,1.1379,1.1412,1.1358,1.1386,2841
2025.04.16,23:00,1.1387,1.1408,1.1381,1.1396,813
2025.04.17,03:00,1.1395,1.1396,1.1355,1.1363,1936
2025.04.17,07:00,1.1364,1.1378,1.1343,1.1376,1997
2025.04.17,11:00,1.1377,1.1388,1.1355,1.1355,2276
2025.04.17,15:00,1.1356,1.1385,1.1335,1.1363,4756
2025.04.17,19:00,1.1364,1.1375,1.1339,1.1372,2235
2025.04.17,23:00,1.1373,1.1376,1.136,1.1371,974
2025.04.18,03:00,1.1372,1.1385,1.1363,1.1373,1895
2025.04.18,07:00,1.1372,1.1376,1.1359,1.1369,1890
2025.04.18,11:00,1.137,1.1382,1.1367,1.138,1758
2025.04.18,15:00,1.1381,1.1397,1.1377,1.1391,1274
2025.04.18,19:00,1.139,1.1396,1.1387,1.1393,979
2025.04.18,23:00,1.1394,1.1394,1.139,1.1393,136
2025.04.20,23:00,1.1395,1.1458,1.1392,1.1448,1563
2025.04.21,03:00,1.1449,1.153,1.1448,1.1513,2758
2025.04.21,07:00,1.1512,1.1567,1.1498,1.1554,2317
2025.04.21,11:00,1.1555,1.1572,1.1512,1.1542,2558
2025.04.21,15:00,1.1543,1.1549,1.1481,1.1506,2997
2025.04.21,19:00,1.1505,1.1526,1.1493,1.1513,1560
2025.04.21,23:00,1.1514,1.1524,1.1504,1.1513,686
2025.04.22,03:00,1.1512,1.1539,1.1481,1.1534,2370
2025.04.22,07:00,1.1533,1.1546,1.1482,1.1505,3220
2025.04.22,11:00,1.1504,1.1514,1.1483,1.1485,2825
2025.04.22,15:00,1.1486,1.1491,1.1455,1.1464,3196
2025.04.22,19:00,1.1465,1.1468,1.1419,1.142,2266
2025.04.22,23:00,1.1421,1.1429,1.1307,1.135,2773
2025.04.23,03:00,1.1349,1.1414,1.1348,1.1378,2833
2025.04.23,07:00,1.1379,1.1408,1.137,1.1384,2885
2025.04.23,11:00,1.1385,1.1439,1.1379,1.141,2673
2025.04.23,15:00,1.1409,1.1419,1.1327,1.1347,5664
2025.04.23,19:00,1.1348,1.1365,1.1315,1.1327,2440
2025.04.23,23:00,1.1326,1.1346,1.131,1.1329,1002
2025.04.24,03:00,1.1328,1.1357,1.1321,1.1337,1851
2025.04.24,07:00,1.1338,1.138,1.133,1.1379,1957
2025.04.24,11:00,1.138,1.1394,1.1363,1.1372,2195
2025.04.24,15:00,1.1373,1.1386,1.1347,1.136,3084
2025.04.24,19:00,1.1361,1.1397,1.1357,1.1384,1445
2025.04.24,23:00,1.1385,1.1397,1.137,1.1372,677
2025.04.25,03:00,1.1371,1.1371,1.1324,1.1325,1875
2025.04.25,07:00,1.1326,1.1367,1.1315,1.1359,2406
2025.04.25,11:00,1.1358,1.1366,1.1333,1.1348,2205
2025.04.25,15:00,1.1349,1.1381,1.1332,1.1379,2651
2025.04.25,19:00,1.1378,1.1388,1.1358,1.1358,1364
2025.04.25,23:00,1.1359,1.1363,1.1357,1.1359,155
2025.04.27,23:00,1.1363,1.1364,1.1339,1.1344,376
2025.04.28,03:00,1.1345,1.1366,1.1342,1.1355,1317
2025.04.28,07:00,1.1354,1.138,1.1329,1.1347,1869
2025.04.28,11:00,1.1346,1.1359,1.1335,1.1351,1918
2025.04.28,15:00,1.1352,1.1413,1.1339,1.1385,2917
2025.04.28,19:00,1.1386,1.1424,1.1384,1.1421,1839
2025.04.28,23:00,1.1422,1.1424,1.14,1.1407,586
2025.04.29,03:00,1.1408,1.1419,1.1386,1.139,1683
2025.04.29,07:00,1.1389,1.1411,1.1373,1.1405,2014
2025.04.29,11:00,1.1404,1.1407,1.137,1.1374,1946
2025.04.29,15:00,1.1375,1.1417,1.1369,1.1395,3490
2025.04.29,19:00,1.1396,1.1418,1.1375,1.1381,1654
2025.04.29,23:00,1.138,1.1395,1.1379,1.139,747
2025.04.30,03:00,1.1391,1.1394,1.1354,1.1368,1274
2025.04.30,07:00,1.1369,1.1399,1.1365,1.1377,1425
2025.04.30,11:00,1.1378,1.1384,1.1355,1.1372,1694
2025.04.30,15:00,1.1373,1.1388,1.1323,1.1347,4191
2025.04.30,19:00,1.1348,1.1364,1.1327,1.1329,1658
2025.04.30,23:00,1.1328,1.133,1.1316,1.1321,683
2025.05.01,03:00,1.1322,1.1329,1.1299,1.1311,983
2025.05.01,07:00,1.1312,1.1313,1.1287,1.1309,1619
2025.05.01,11:00,1.131,1.134,1.131,1.1319,1522
2025.05.01,15:00,1.1318,1.1338,1.1265,1.1278,3240
2025.05.01,19:00,1.1279,1.1293,1.1272,1.1288,1338
2025.05.01,23:00,1.1289,1.1298,1.1284,1.1295,461
2025.05.02,03:00,1.1296,1.1315,1.1273,1.1312,1330
2025.05.02,07:00,1.1311,1.1337,1.13,1.1328,1845
2025.05.02,11:00,1.1327,1.1354,1.1315,1.1346,2163
2025.05.02,15:00,1.1345,1.138,1.1304,1.1328,4492
2025.05.02,19:00,1.1329,1.1338,1.1292,1.1303,2148
2025.05.02,23:00,1.1304,1.1304,1.1293,1.1298,173
2025.05.04,23:00,1.1302,1.1327,1.1294,1.132,541
2025.05.05,03:00,1.1321,1.1346,1.1313,1.1331,1425
2025.05.05,07:00,1.1332,1.1346,1.1312,1.1312,1983
2025.05.05,11:00,1.1311,1.1356,1.131,1.1341,2039
2025.05.05,15:00,1.1342,1.1364,1.1312,1.1313,2678
2025.05.05,19:00,1.1312,1.132,1.1296,1.1314,1228
2025.05.05,23:00,1.1315,1.1319,1.1309,1.1311,338
2025.05.06,03:00,1.131,1.1316,1.1279,1.1314,1678
2025.05.06,07:00,1.1315,1.1347,1.1313,1.1337,1654
2025.05.06,11:00,1.1338,1.1349,1.1305,1.1327,2490
2025.05.06,15:00,1.1326,1.1369,1.1316,1.1344,2864
2025.05.06,19:00,1.1343,1.138,1.133,1.1372,1512
2025.05.06,23:00,1.1373,1.1379,1.1325,1.1339,1557
2025.05.07,03:00,1.134,1.1351,1.1324,1.1345,2243
2025.05.07,07:00,1.1344,1.1377,1.1342,1.1362,1757
2025.05.07,11:00,1.1363,1.1373,1.1346,1.1357,1861
2025.05.07,15:00,1.1358,1.137,1.1341,1.1346,2087
2025.05.07,19:00,1.1345,1.1364,1.13,1.1306,3180
2025.05.07,23:00,1.1305,1.1315,1.1291,1.1302,738
2025.05.08,03:00,1.1303,1.1335,1.1301,1.1327,1829
2025.05.08,07:00,1.1326,1.133,1.1269,1.1296,2281
2025.05.08,11:00,1.1297,1.1304,1.1274,1.1295,2053
2025.05.08,15:00,1.1296,1.1319,1.1234,1.1248,3665
2025.05.08,19:00,1.1247,1.1248,1.1211,1.1225,2109
2025.05.08,23:00,1.1226,1.1232,1.1219,1.1227,583
2025.05.09,03:00,1.1226,1.1232,1.1196,1.1222,1764
2025.05.09,07:00,1.1223,1.1257,1.1217,1.1251,1443
2025.05.09,11:00,1.1252,1.1259,1.1241,1.1254,1572
2025.05.09,15:00,1.1255,1.1292,1.1246,1.1269,2136
2025.05.09,19:00,1.127,1.1274,1.1248,1.1255,873
2025.05.09,23:00,1.1257,1.1257,1.1246,1.1247,123
2025.05.11,23:00,1.1197,1.1235,1.1196,1.1228,914
2025.05.12,03:00,1.1226,1.1242,1.1221,1.1232,1799
2025.05.12,07:00,1.1231,1.1235,1.1097,1.1104,3543
2025.05.12,11:00,1.1103,1.1145,1.1071,1.111,4066
2025.05.12,15:00,1.1109,1.1134,1.11,1.1105,3248
2025.05.12,19:00,1.1104,1.111,1.1065,1.1091,1612
2025.05.12,23:00,1.109,1.1099,1.1086,1.1095,572
2025.05.13,03:00,1.1094,1.1116,1.1094,1.1116,1509
2025.05.13,07:00,1.1115,1.1124,1.1101,1.1115,1814
2025.05.13,11:00,1.1114,1.1117,1.1096,1.1106,1769
2025.05.13,15:00,1.1107,1.1177,1.1106,1.1174,3605
2025.05.13,19:00,1.1173,1.1191,1.1164,1.1189,1112
2025.05.13,23:00,1.1188,1.1197,1.1182,1.1185,661
2025.05.14,03:00,1.1186,1.1197,1.1181,1.1195,1507
2025.05.14,07:00,1.1194,1.1216,1.1179,1.1214,1664
2025.05.14,11:00,1.1215,1.1265,1.1212,1.1217,3445
2025.05.14,15:00,1.1218,1.1235,1.1197,1.1205,3110
2025.05.14,19:00,1.1204,1.1212,1.1165,1.1168,1830
2025.05.14,23:00,1.1167,1.1187,1.1164,1.1181,554
2025.05.15,03:00,1.118,1.1201,1.1175,1.1196,1445
2025.05.15,07:00,1.1195,1.1227,1.1185,1.1196,1788
2025.05.15,11:00,1.1195,1.1212,1.1179,1.1182,1703
2025.05.15,15:00,1.1183,1.1223,1.1172,1.1187,3290
2025.05.15,19:00,1.1188,1.119,1.1169,1.1183,1234
2025.05.15,23:00,1.1182,1.1193,1.1181,1.1191,468
2025.05.16,03:00,1.119,1.1208,1.119,1.12,1375
2025.05.16,07:00,1.1199,1.1219,1.1195,1.1207,1355
2025.05.16,11:00,1.1206,1.1208,1.1187,1.1193,1450
2025.05.16,15:00,1.1194,1.1205,1.1139,1.1139,2411
2025.05.16,19:00,1.114,1.1158,1.113,1.1148,1145
2025.05.18,23:00,1.1176,1.1193,1.1171,1.1188,569
2025.05.19,03:00,1.1187,1.1198,1.1171,1.118,1504
2025.05.19,07:00,1.1181,1.1244,1.1176,1.1237,1833
2025.05.19,11:00,1.1238,1.1287,1.1235,1.1272,2164
2025.05.19,15:00,1.1271,1.1273,1.1233,1.1235,2517
2025.05.19,19:00,1.1236,1.1241,1.1223,1.1239,956
2025.05.19,23:00,1.1238,1.1244,1.1231,1.1231,324
2025.05.20,03:00,1.123,1.1251,1.1217,1.1244,1462
2025.05.20,07:00,1.1245,1.1277,1.124,1.1275,1881
2025.05.20,11:00,1.1274,1.1275,1.1242,1.1245,1492
2025.05.20,15:00,1.1244,1.1269,1.1223,1.1252,2361
2025.05.20,19:00,1.1253,1.1282,1.1244,1.128,1026
2025.05.20,23:00,1.1279,1.1289,1.1278,1.1287,487
2025.05.21,03:00,1.1288,1.1339,1.1286,1.1333,1596
2025.05.21,07:00,1.1334,1.1352,1.1313,1.1322,1994
2025.05.21,11:00,1.1323,1.1361,1.1311,1.1323,2029
2025.05.21,15:00,1.1324,1.1353,1.1317,1.1342,2690
2025.05.21,19:00,1.1341,1.1362,1.1317,1.1318,1724
2025.05.21,23:00,1.1319,1.1331,1.131,1.1331,602
2025.05.22,03:00,1.1332,1.1344,1.1316,1.1331,1821
2025.05.22,07:00,1.1332,1.1341,1.1294,1.132,1957
2025.05.22,11:00,1.1319,1.1334,1.1289,1.1308,2219
2025.05.22,15:00,1.1309,1.1314,1.1265,1.1279,3023
2025.05.22,19:00,1.128,1.1287,1.1255,1.1278,1250
2025.05.22,23:00,1.1277,1.1288,1.1277,1.1281,350
2025.05.23,03:00,1.1282,1.1318,1.1278,1.1311,1133
2025.05.23,07:00,1.131,1.1343,1.1307,1.1338,1306
2025.05.23,11:00,1.1339,1.1375,1.1298,1.1321,2619
2025.05.23,15:00,1.1322,1.1358,1.1297,1.1348,4024
2025.05.23,19:00,1.1349,1.1368,1.134,1.1362,1095
2025.05.23,23:00,1.1363,1.1367,1.1358,1.1364,127
2025.05.25,23:00,1.1365,1.1381,1.1361,1.1374,945
2025.05.26,03:00,1.1375,1.1418,1.1374,1.1411,1691
2025.05.26,07:00,1.141,1.1417,1.1388,1.1388,1382
2025.05.26,11:00,1.1389,1.1394,1.1373,1.1377,1028
2025.05.26,15:00,1.1378,1.1384,1.1368,1.138,847
2025.05.26,19:00,1.1379,1.1385,1.1375,1.1385,208
2025.05.26,23:00,1.1384,1.1394,1.1381,1.1388,377
2025.05.27,03:00,1.1389,1.1406,1.1387,1.1393,915
2025.05.27,07:00,1.1394,1.1397,1.1336,1.134,2012
2025.05.27,11:00,1.1339,1.1357,1.1338,1.1351,1802
2025.05.27,15:00,1.135,1.1375,1.1322,1.1325,2181
2025.05.27,19:00,1.1324,1.1338,1.1323,1.133,891
2025.05.27,23:00,1.1329,1.1337,1.1326,1.1337,574
2025.05.28,03:00,1.1338,1.1344,1.13,1.1306,1597
2025.05.28,07:00,1.1307,1.133,1.1295,1.1327,1468
2025.05.28,11:00,1.1326,1.134,1.1316,1.1317,1391
2025.05.28,15:00,1.1318,1.1324,1.1283,1.1284,2531
2025.05.28,19:00,1.1285,1.13,1.1283,1.1289,1082
2025.05.28,23:00,1.129,1.1297,1.1209,1.1226,1249
2025.05.29,03:00,1.1227,1.1256,1.1222,1.1247,2481
2025.05.29,07:00,1.1246,1.1282,1.123,1.1275,2117
2025.05.29,11:00,1.1274,1.1291,1.1261,1.1271,1715
2025.05.29,15:00,1.1272,1.137,1.1271,1.1369,3653
2025.05.29,19:00,1.1368,1.1384,1.1361,1.1366,1217
2025.05.29,23:00,1.1365,1.1378,1.136,1.1376,695
2025.05.30,03:00,1.1375,1.1389,1.1345,1.135,1658
2025.05.30,07:00,1.1349,1.1354,1.1327,1.1338,1584
2025.05.30,11:00,1.1341,1.1344,1.1323,1.1337,1511
2025.05.30,15:00,1.1338,1.1358,1.1312,1.1345,3770
2025.05.30,19:00,1.1346,1.1366,1.1343,1.1354,1479
2025.05.30,23:00,1.1355,1.1355,1.1344,1.1346,108
2025.06.01,23:00,1.1347,1.136,1.1346,1.1352,482
2025.06.02,03:00,1.1353,1.1381,1.1352,1.1361,1318
2025.06.02,07:00,1.1362,1.1436,1.1359,1.1423,1478
2025.06.02,11:00,1.1422,1.1436,1.1408,1.1414,1767
2025.06.02,15:00,1.1413,1.1449,1.1404,1.1431,2579
2025.06.02,19:00,1.143,1.1445,1.1411,1.1444,1178
2025.06.02,23:00,1.1443,1.1453,1.1437,1.1452,403
2025.06.03,03:00,1.1453,1.1454,1.1415,1.1419,1284
2025.06.03,07:00,1.1418,1.1432,1.1411,1.1415,1428
2025.06.03,11:00,1.1414,1.1418,1.1386,1.139,1607
2025.06.03,15:00,1.1391,1.1394,1.1363,1.1372,2616
2025.06.03,19:00,1.1373,1.1383,1.1367,1.1368,1002
2025.06.03,23:00,1.1369,1.1385,1.1367,1.1383,404
2025.06.04,03:00,1.1384,1.1392,1.1365,1.1367,1388
2025.06.04,07:00,1.1368,1.1396,1.1356,1.1385,1621
2025.06.04,11:00,1.1384,1.1403,1.1374,1.1379,1290
2025.06.04,15:00,1.1378,1.1434,1.1378,1.1423,2860
2025.06.04,19:00,1.1422,1.1434,1.1411,1.1411,1099
2025.06.04,23:00,1.1412,1.1428,1.1409,1.1421,591
2025.06.05,03:00,1.142,1.1434,1.1408,1.1409,1149
2025.06.05,07:00,1.1408,1.1424,1.1404,1.1411,1208
2025.06.05,11:00,1.1412,1.1432,1.1408,1.1425,1298
2025.06.05,15:00,1.1426,1.1494,1.1413,1.1438,4568
2025.06.05,19:00,1.1437,1.1447,1.143,1.1437,1785
2025.06.05,23:00,1.1436,1.1453,1.1435,1.1452,438
2025.06.06,03:00,1.1451,1.1456,1.1432,1.1439,849
2025.06.06,07:00,1.1438,1.1441,1.1421,1.1426,1019
2025.06.06,11:00,1.1425,1.1428,1.141,1.1417,1268
2025.06.06,15:00,1.1416,1.143,1.1371,1.1396,3976
2025.06.06,19:00,1.1395,1.1401,1.1384,1.1396,1039
2025.06.06,23:00,1.1395,1.1397,1.1391,1.1393,87
2025.06.08,23:00,1.1394,1.141,1.1389,1.1406,342
2025.06.09,03:00,1.1407,1.1424,1.1392,1.1411,833
2025.06.09,07:00,1.141,1.1429,1.141,1.1421,883
2025.06.09,11:00,1.1422,1.1438,1.1405,1.1417,1307
2025.06.09,15:00,1.1416,1.1425,1.1386,1.1423,1687
2025.06.09,19:00,1.1424,1.143,1.1414,1.1422,661
2025.06.09,23:00,1.1423,1.1428,1.1418,1.1425,238
2025.06.10,03:00,1.1424,1.1435,1.1385,1.1402,1371
2025.06.10,07:00,1.1403,1.1414,1.1372,1.1391,1776
2025.06.10,11:00,1.1392,1.1433,1.1391,1.1428,1365
2025.06.10,15:00,1.1429,1.1447,1.1415,1.1422,1686
2025.06.10,19:00,1.1421,1.1435,1.1415,1.1425,788
2025.06.10,23:00,1.1426,1.1438,1.1418,1.1437,635
2025.06.11,03:00,1.1436,1.1438,1.1405,1.1415,1216
2025.06.11,07:00,1.1414,1.1423,1.1404,1.1419,1179
2025.06.11,11:00,1.1418,1.1445,1.1418,1.1432,1331
2025.06.11,15:00,1.1431,1.1489,1.1427,1.1488,3208
2025.06.11,19:00,1.1489,1.1499,1.1478,1.1482,1145
2025.06.11,23:00,1.1483,1.1512,1.1479,1.1509,546
2025.06.12,03:00,1.151,1.1528,1.1501,1.1519,1551
2025.06.12,07:00,1.1518,1.1532,1.1505,1.1526,1632
2025.06.12,11:00,1.1525,1.161,1.1522,1.1589,2801
2025.06.12,15:00,1.1588,1.163,1.1567,1.1576,3043
2025.06.12,19:00,1.1575,1.158,1.1563,1.1575,1120
2025.06.12,23:00,1.1576,1.1609,1.1575,1.1608,355
2025.06.13,03:00,1.1607,1.1614,1.1527,1.1536,3658
2025.06.13,07:00,1.1537,1.1559,1.1511,1.1535,2662
2025.06.13,11:00,1.1534,1.1546,1.1488,1.1509,2561
2025.06.13,15:00,1.1508,1.1569,1.15,1.1555,2614
2025.06.13,19:00,1.1556,1.1565,1.1533,1.1549,1552
2025.06.13,23:00,1.1548,1.155,1.1537,1.1547,208
2025.06.15,23:00,1.1532,1.1546,1.1525,1.1537,951
2025.06.16,03:00,1.1536,1.1546,1.1523,1.1526,1527
2025.06.16,07:00,1.1527,1.1586,1.1527,1.1578,1868
2025.06.16,11:00,1.1579,1.1585,1.1569,1.1572,1568
2025.06.16,15:00,1.1573,1.1614,1.157,1.1579,2346
2025.06.16,19:00,1.158,1.1585,1.1554,1.1554,1136
2025.06.16,23:00,1.1555,1.1564,1.1548,1.1553,770
2025.06.17,03:00,1.1552,1.1563,1.1542,1.1561,1343
2025.06.17,07:00,1.1562,1.1572,1.1545,1.1557,1497
2025.06.17,11:00,1.1558,1.1573,1.1549,1.1561,1481
2025.06.17,15:00,1.1562,1.1579,1.151,1.1533,2660
2025.06.17,19:00,1.1534,1.1538,1.1474,1.1484,2092
2025.06.17,23:00,1.1483,1.1487,1.1474,1.148,631
2025.06.18,03:00,1.1481,1.1504,1.148,1.1499,1316
2025.06.18,07:00,1.1498,1.1523,1.1496,1.1511,1307
2025.06.18,11:00,1.1512,1.1515,1.1491,1.1507,1295
2025.06.18,15:00,1.1508,1.1529,1.1483,1.152,2535
2025.06.18,19:00,1.1519,1.1528,1.146,1.1472,3192
2025.06.18,23:00,1.1473,1.1488,1.147,1.1475,621
2025.06.19,03:00,1.1474,1.1483,1.145,1.1465,1741
2025.06.19,07:00,1.1466,1.1476,1.1445,1.1461,1474
2025.06.19,11:00,1.146,1.1487,1.1456,1.148,1789
2025.06.19,15:00,1.1479,1.1485,1.1458,1.1459,1630
2025.06.19,19:00,1.1458,1.1499,1.1454,1.1496,658
2025.06.19,23:00,1.1495,1.1512,1.1491,1.151,530
2025.06.20,03:00,1.1511,1.1529,1.151,1.1529,1372
2025.06.20,07:00,1.1528,1.1532,1.1509,1.1516,1258
2025.06.20,11:00,1.1515,1.1534,1.1511,1.1519,1164
2025.06.20,15:00,1.152,1.1528,1.1494,1.1519,2400
2025.06.20,19:00,1.152,1.1543,1.1515,1.1515,1042
2025.06.20,23:00,1.1514,1.1522,1.1513,1.1521,149
2025.06.22,23:00,1.1461,1.1507,1.1459,1.1499,980
2025.06.23,03:00,1.15,1.1506,1.1471,1.1493,1615
2025.06.23,07:00,1.1492,1.152,1.1485,1.1497,2023
2025.06.23,11:00,1.1498,1.1501,1.1453,1.1473,1840
2025.06.23,15:00,1.1474,1.1551,1.1456,1.1537,3159
2025.06.23,19:00,1.1536,1.1578,1.1517,1.1578,2206
2025.06.23,23:00,1.1577,1.1608,1.1573,1.1597,930
2025.06.24,03:00,1.1598,1.1609,1.1586,1.1605,1662
2025.06.24,07:00,1.1604,1.1621,1.1579,1.159,2033
2025.06.24,11:00,1.1591,1.1617,1.1585,1.1607,1779
2025.06.24,15:00,1.1606,1.1641,1.1581,1.1606,2838
2025.06.24,19:00,1.1607,1.1632,1.1604,1.1612,1020
2025.06.24,23:00,1.1613,1.1615,1.1604,1.1611,493
2025.06.25,03:00,1.161,1.1631,1.161,1.1611,1104
2025.06.25,07:00,1.1612,1.1622,1.1589,1.1598,1175
2025.06.25,11:00,1.1599,1.1612,1.1591,1.1598,1181
2025.06.25,15:00,1.1597,1.1629,1.1589,1.1619,1895
2025.06.25,19:00,1.162,1.1664,1.162,1.1658,1047
2025.06.25,23:00,1.1659,1.1684,1.165,1.1682,585
2025.06.26,03:00,1.1683,1.1716,1.1667,1.1694,1304
2025.06.26,07:00,1.1693,1.1712,1.1671,1.1709,1657
2025.06.26,11:00,1.171,1.1743,1.1693,1.1694,1800
2025.06.26,15:00,1.1695,1.172,1.1689,1.1716,3192
2025.06.26,19:00,1.1717,1.1739,1.1703,1.1704,1241
2025.06.26,23:00,1.1705,1.1708,1.168,1.1692,750
2025.06.27,03:00,1.1693,1.1709,1.1685,1.1695,1240
2025.06.27,07:00,1.1694,1.1726,1.1683,1.1714,1267
2025.06.27,11:00,1.1715,1.1725,1.17,1.1713,1127
2025.06.27,15:00,1.1712,1.1753,1.1702,1.1723,2977
2025.06.27,19:00,1.1722,1.1732,1.1687,1.1706,1770
2025.06.27,23:00,1.1705,1.1719,1.1705,1.1719,158
2025.06.29,23:00,1.1727,1.1738,1.1721,1.1726,462
2025.06.30,03:00,1.1725,1.1734,1.1711,1.1711,1171
2025.06.30,07:00,1.1712,1.175,1.1711,1.1724,1585
2025.06.30,11:00,1.172,1.1732,1.1713,1.1722,1483
2025.06.30,15:00,1.1723,1.1771,1.1707,1.1769,2295
2025.06.30,19:00,1.1768,1.178,1.1748,1.1779,1333
2025.06.30,23:00,1.1778,1.179,1.1777,1.1786,578
2025.07.01,03:00,1.1785,1.1807,1.1777,1.1788,994
2025.07.01,07:00,1.1789,1.1793,1.1767,1.1785,1148
2025.07.01,11:00,1.1783,1.1829,1.1774,1.1813,1720
2025.07.01,15:00,1.1812,1.1816,1.1768,1.1775,2607
2025.07.01,19:00,1.1774,1.179,1.176,1.179,1169
2025.07.01,23:00,1.1791,1.1806,1.1791,1.1804,380
2025.07.02,03:00,1.1803,1.1809,1.1788,1.1799,896
2025.07.02,07:00,1.18,1.18,1.177,1.1773,943
2025.07.02,11:00,1.1772,1.1781,1.1746,1.1749,1232
2025.07.02,15:00,1.1748,1.1789,1.1746,1.1788,3076
2025.07.02,19:00,1.1789,1.1802,1.1785,1.1802,995
2025.07.02,23:00,1.1801,1.1802,1.1788,1.1798,281
2025.07.03,03:00,1.1797,1.1809,1.1788,1.1791,752
2025.07.03,07:00,1.1792,1.1809,1.1786,1.1801,838
2025.07.03,11:00,1.18,1.1807,1.1782,1.1784,966
2025.07.03,15:00,1.1785,1.1789,1.1717,1.1756,3589
2025.07.03,19:00,1.1757,1.1757,1.1739,1.1747,701
2025.07.03,23:00,1.1746,1.1771,1.1746,1.1768,503
2025.07.04,03:00,1.1767,1.1772,1.1755,1.1769,771
2025.07.04,07:00,1.177,1.1784,1.1767,1.1769,1171
2025.07.04,11:00,1.1768,1.1781,1.1767,1.1768,1118
2025.07.04,15:00,1.1769,1.1787,1.1763,1.1778,972
2025.07.04,19:00,1.1777,1.1781,1.1771,1.1774,1168
2025.07.04,23:00,1.1775,1.1783,1.1774,1.1774,607
2025.07.06,23:00,1.1782,1.1783,1.1773,1.1779,280
2025.07.07,03:00,1.178,1.1789,1.1764,1.1768,973
2025.07.07,07:00,1.1769,1.1773,1.1744,1.1745,1243
2025.07.07,11:00,1.1744,1.1746,1.1721,1.1729,1174
2025.07.07,15:00,1.173,1.1745,1.1717,1.1732,1435
2025.07.07,19:00,1.1731,1.1739,1.1686,1.1719,1739
2025.07.07,23:00,1.1718,1.1738,1.1706,1.1736,585
2025.07.08,03:00,1.1737,1.1748,1.173,1.1746,1031
2025.07.08,07:00,1.1744,1.1764,1.1731,1.1759,1140
2025.07.08,11:00,1.1758,1.176,1.1721,1.1721,1081
2025.07.08,15:00,1.1722,1.1724,1.1682,1.1706,2079
2025.07.08,19:00,1.1705,1.1729,1.1695,1.1723,1390
2025.07.08,23:00,1.1722,1.1729,1.1718,1.1723,377
2025.07.09,03:00,1.1722,1.1725,1.1702,1.1703,949
2025.07.09,07:00,1.1704,1.1728,1.1701,1.1707,1109
2025.07.09,11:00,1.1706,1.1719,1.1689,1.169,1173
2025.07.09,15:00,1.1691,1.1724,1.1691,1.1705,1766
2025.07.09,19:00,1.1706,1.1722,1.17,1.1718,811
2025.07.09,23:00,1.1717,1.1739,1.1711,1.1737,391
2025.07.10,03:00,1.1736,1.1749,1.1733,1.1733,860
2025.07.10,07:00,1.1734,1.1743,1.1725,1.1732,933
2025.07.10,11:00,1.1733,1.1733,1.1707,1.1711,866
2025.07.10,15:00,1.1712,1.1714,1.1662,1.1686,2098
2025.07.10,19:00,1.1687,1.1698,1.1681,1.1695,866
2025.07.10,23:00,1.1694,1.1706,1.1694,1.1701,393
2025.07.11,03:00,1.1702,1.1704,1.1664,1.1681,1458
2025.07.11,07:00,1.168,1.1695,1.1668,1.1688,1258
2025.07.11,11:00,1.1689,1.17,1.1679,1.1687,1208
2025.07.11,15:00,1.1686,1.1713,1.1673,1.1695,1963
2025.07.11,19:00,1.1696,1.1697,1.1685,1.1687,1072
2025.07.11,23:00,1.1686,1.1693,1.1678,1.1691,138
2025.07.13,23:00,1.1671,1.1683,1.1661,1.1682,775
2025.07.14,03:00,1.1683,1.1697,1.1672,1.168,927
2025.07.14,07:00,1.1679,1.1687,1.1653,1.1685,1189
2025.07.14,11:00,1.1684,1.1696,1.1679,1.1688,855
2025.07.14,15:00,1.1687,1.1695,1.1666,1.167,1497
2025.07.14,19:00,1.1669,1.1674,1.1658,1.1667,921
2025.07.14,23:00,1.1668,1.1668,1.166,1.1665,340
2025.07.15,03:00,1.1664,1.1677,1.1664,1.1675,665
2025.07.15,07:00,1.1676,1.1692,1.1671,1.169,719
2025.07.15,11:00,1.1689,1.169,1.1667,1.1669,813
2025.07.15,15:00,1.1668,1.169,1.16,1.1617,3095
2025.07.15,19:00,1.1618,1.1619,1.1592,1.16,1007
2025.07.15,23:00,1.1601,1.1607,1.1597,1.1606,290
2025.07.16,03:00,1.1607,1.1615,1.1602,1.161,670
2025.07.16,07:00,1.1611,1.1628,1.1609,1.1618,797
2025.07.16,11:00,1.1619,1.1626,1.16,1.1603,858
2025.07.16,15:00,1.1602,1.1721,1.1562,1.1628,5156
2025.07.16,19:00,1.1627,1.1658,1.1615,1.1635,2602
2025.07.16,23:00,1.1634,1.1642,1.1632,1.1635,470
2025.07.17,03:00,1.1634,1.1635,1.1613,1.1618,820
2025.07.17,07:00,1.1617,1.1626,1.1572,1.159,1254
2025.07.17,11:00,1.1589,1.1604,1.1569,1.1573,906
2025.07.17,15:00,1.1574,1.1602,1.1556,1.1595,1998
2025.07.17,19:00,1.1596,1.1601,1.1579,1.1597,910
2025.07.17,23:00,1.1596,1.1619,1.1593,1.1614,404
2025.07.18,03:00,1.1615,1.1633,1.1614,1.1623,739
2025.07.18,07:00,1.1622,1.163,1.1611,1.1628,761
2025.07.18,11:00,1.1627,1.1647,1.1627,1.1644,1000
2025.07.18,15:00,1.1643,1.1671,1.1642,1.1644,1659
2025.07.18,19:00,1.1643,1.1648,1.1616,1.1621,847
2025.07.18,23:00,1.1622,1.1627,1.1619,1.1621,90
2025.07.20,23:00,1.1627,1.1633,1.1621,1.1629,584
2025.07.21,03:00,1.163,1.1635,1.1614,1.1624,652
2025.07.21,07:00,1.1625,1.1646,1.1622,1.1643,803
2025.07.21,11:00,1.1642,1.1669,1.1633,1.1667,939
2025.07.21,15:00,1.1668,1.1716,1.1657,1.1704,1493
2025.07.21,19:00,1.1703,1.1705,1.1685,1.1689,820
2025.07.21,23:00,1.1688,1.1696,1.1688,1.1694,348
2025.07.22,03:00,1.1695,1.1695,1.1682,1.1686,552
2025.07.22,07:00,1.1687,1.1694,1.1681,1.1685,673
2025.07.22,11:00,1.1684,1.1708,1.1683,1.17,943
2025.07.22,15:00,1.1701,1.1748,1.1678,1.1747,2059
2025.07.22,19:00,1.1746,1.176,1.1741,1.1751,1109
2025.07.22,23:00,1.175,1.1755,1.1736,1.1737,572
2025.07.23,03:00,1.1738,1.1748,1.173,1.1738,1041
2025.07.23,07:00,1.1739,1.1752,1.1726,1.1741,979
2025.07.23,11:00,1.174,1.1747,1.1722,1.1725,1191
2025.07.23,15:00,1.1724,1.1757,1.171,1.1746,1890
2025.07.23,19:00,1.1745,1.1774,1.1742,1.1772,1610
2025.07.23,23:00,1.1773,1.1778,1.1766,1.1772,488
2025.07.24,03:00,1.1773,1.1779,1.1761,1.1774,777
2025.07.24,07:00,1.1773,1.1777,1.1754,1.1761,880
2025.07.24,11:00,1.1762,1.1767,1.1743,1.1755,791
2025.07.24,15:00,1.1754,1.1788,1.173,1.1763,2797
2025.07.24,19:00,1.1764,1.1777,1.1756,1.1758,1113
2025.07.24,23:00,1.1757,1.1759,1.174,1.1754,649
2025.07.25,03:00,1.1755,1.1758,1.1733,1.1742,711
2025.07.25,07:00,1.1741,1.176,1.1733,1.1752,1268
2025.07.25,11:00,1.1753,1.1757,1.1711,1.172,1317
2025.07.25,15:00,1.1719,1.1738,1.1703,1.1728,2250
2025.07.25,19:00,1.1729,1.1746,1.1719,1.1743,1019
2025.07.25,23:00,1.1742,1.1742,1.1737,1.1739,119
2025.07.27,23:00,1.1759,1.1768,1.175,1.1755,479
2025.07.28,03:00,1.1756,1.1769,1.1746,1.1756,896
2025.07.28,07:00,1.1757,1.1757,1.167,1.1674,1468
2025.07.28,11:00,1.1675,1.1689,1.1643,1.165,1846
2025.07.28,15:00,1.1651,1.1664,1.1607,1.1608,2174
2025.07.28,19:00,1.1609,1.161,1.1584,1.1591,909
2025.07.28,23:00,1.159,1.1596,1.1584,1.1595,424
2025.07.29,03:00,1.1594,1.1598,1.1581,1.1582,642
2025.07.29,07:00,1.1581,1.1589,1.1526,1.1553,1745
2025.07.29,11:00,1.1552,1.1588,1.1536,1.1539,1472
2025.07.29,15:00,1.154,1.155,1.1518,1.1533,2501
2025.07.29,19:00,1.1534,1.156,1.1533,1.1549,1396
2025.07.29,23:00,1.155,1.1552,1.1543,1.1551,417
2025.07.30,03:00,1.155,1.1572,1.155,1.1561,808
2025.07.30,07:00,1.156,1.1568,1.1539,1.1553,1030
2025.07.30,11:00,1.1552,1.156,1.1521,1.153,1092
2025.07.30,15:00,1.1531,1.1534,1.1457,1.1468,2929
2025.07.30,19:00,1.1469,1.1502,1.1413,1.1423,3065
2025.07.30,23:00,1.1424,1.1429,1.14,1.1427,756
2025.07.31,03:00,1.1428,1.1437,1.1407,1.1422,1147
2025.07.31,07:00,1.1423,1.146,1.1419,1.1448,1255
2025.07.31,11:00,1.1449,1.1454,1.142,1.1448,1187
2025.07.31,15:00,1.1449,1.145,1.1405,1.1429,2522
2025.07.31,19:00,1.1428,1.1432,1.1411,1.1412,1177
2025.07.31,23:00,1.1411,1.1425,1.1409,1.142,642
2025.08.01,03:00,1.1421,1.1428,1.1404,1.1417,1073
2025.08.01,07:00,1.1418,1.1437,1.1412,1.1418,978
2025.08.01,11:00,1.1417,1.1421,1.1392,1.1404,998
2025.08.01,15:00,1.1403,1.1587,1.1391,1.1553,6558
2025.08.01,19:00,1.1552,1.1581,1.1516,1.1569,2348
2025.08.01,23:00,1.157,1.1596,1.1568,1.1594,376
2025.08.03,23:00,1.1592,1.1595,1.1577,1.1587,635
2025.08.04,03:00,1.1586,1.1588,1.155,1.1578,1394
2025.08.04,07:00,1.1577,1.1585,1.155,1.1563,1591
2025.08.04,11:00,1.1562,1.1585,1.1549,1.1566,1644
2025.08.04,15:00,1.1567,1.1587,1.1556,1.1566,2438
2025.08.04,19:00,1.1567,1.1577,1.1556,1.1567,1081
2025.08.04,23:00,1.1566,1.1585,1.1565,1.1583,444
2025.08.05,03:00,1.1584,1.1587,1.1553,1.1554,744
2025.08.05,07:00,1.1553,1.1561,1.1532,1.1545,1152
2025.08.05,11:00,1.1544,1.1548,1.1527,1.1539,1481
2025.08.05,15:00,1.1538,1.1584,1.1529,1.1578,2879
2025.08.05,19:00,1.158,1.1585,1.1566,1.1572,888
2025.08.05,23:00,1.1573,1.158,1.157,1.1578,413
2025.08.06,03:00,1.1577,1.1584,1.1563,1.1579,636
2025.08.06,07:00,1.158,1.1587,1.157,1.158,815
2025.08.06,11:00,1.1579,1.1614,1.157,1.1603,1224
2025.08.06,15:00,1.1604,1.1646,1.16,1.1645,2194
2025.08.06,19:00,1.1646,1.1668,1.163,1.1656,1193
2025.08.06,23:00,1.1657,1.1665,1.1649,1.1662,564
2025.08.07,03:00,1.1663,1.1664,1.1649,1.1664,680
2025.08.07,07:00,1.1663,1.169,1.1662,1.1689,898
2025.08.07,11:00,1.1688,1.1698,1.1633,1.1644,1643
2025.08.07,15:00,1.1643,1.1661,1.161,1.1639,2964
2025.08.07,19:00,1.164,1.1656,1.1618,1.1654,1344
2025.08.07,23:00,1.1655,1.1677,1.1654,1.1676,572
2025.08.08,03:00,1.1677,1.1679,1.1654,1.1659,775
2025.08.08,07:00,1.1658,1.1664,1.1638,1.1658,967
2025.08.08,11:00,1.1659,1.1662,1.1628,1.1643,1404
2025.08.08,15:00,1.1644,1.1667,1.1637,1.1659,1836
2025.08.08,19:00,1.166,1.1666,1.1636,1.1642,1162
2025.08.08,23:00,1.1643,1.1643,1.1638,1.164,174
2025.08.10,23:00,1.1645,1.165,1.1642,1.1647,208
2025.08.11,03:00,1.1646,1.1675,1.1641,1.167,678
2025.08.11,07:00,1.1671,1.1674,1.1645,1.1646,729
2025.08.11,11:00,1.1647,1.1659,1.1622,1.1628,1008
2025.08.11,15:00,1.1629,1.163,1.1589,1.1606,1531
2025.08.11,19:00,1.1607,1.1613,1.1598,1.1604,726
2025.08.11,23:00,1.1603,1.1619,1.1603,1.1616,298
2025.08.12,03:00,1.1615,1.1624,1.1611,1.1618,646
2025.08.12,07:00,1.1619,1.1628,1.1607,1.1619,1024
2025.08.12,11:00,1.1618,1.1621,1.1598,1.1606,964
2025.08.12,15:00,1.1605,1.1696,1.16,1.1671,4113
2025.08.12,19:00,1.167,1.1685,1.1664,1.1674,1162
2025.08.12,23:00,1.1673,1.1678,1.1668,1.1677,313
2025.08.13,03:00,1.1676,1.1687,1.167,1.1683,1196
2025.08.13,07:00,1.1682,1.1712,1.1676,1.1706,1044
2025.08.13,11:00,1.1707,1.1729,1.1706,1.1718,1122
2025.08.13,15:00,1.1717,1.1723,1.1692,1.1713,1772
2025.08.13,19:00,1.1712,1.1714,1.1695,1.1698,763
2025.08.13,23:00,1.1699,1.1712,1.1698,1.1711,337
2025.08.14,03:00,1.1712,1.1714,1.1698,1.1703,676
2025.08.14,07:00,1.1702,1.1706,1.1677,1.1679,1023
2025.08.14,11:00,1.1678,1.1696,1.1667,1.1688,1305
2025.08.14,15:00,1.1687,1.1691,1.1637,1.1643,2839
2025.08.14,19:00,1.1642,1.1649,1.163,1.1647,1076
2025.08.14,23:00,1.1648,1.1652,1.1644,1.165,303
2025.08.15,03:00,1.1649,1.1664,1.1646,1.1659,540
2025.08.15,07:00,1.166,1.1683,1.1658,1.1682,662
2025.08.15,11:00,1.1681,1.1691,1.1676,1.1686,714
2025.08.15,15:00,1.1687,1.1714,1.1673,1.1706,1945
2025.08.15,19:00,1.1705,1.1707,1.1698,1.17,559
2025.08.17,23:00,1.171,1.1715,1.1703,1.1706,194
2025.08.18,03:00,1.1705,1.171,1.1693,1.1703,524
2025.08.18,07:00,1.1702,1.1709,1.1679,1.168,886
2025.08.18,11:00,1.1679,1.1687,1.167,1.1676,1202
2025.08.18,15:00,1.1675,1.1684,1.1659,1.1665,1537
2025.08.18,19:00,1.1664,1.167,1.1655,1.1666,738
2025.08.18,23:00,1.1667,1.1674,1.1659,1.1667,339
2025.08.19,03:00,1.1666,1.1669,1.1638,1.1653,796
2025.08.19,07:00,1.1654,1.1683,1.165,1.1683,904
2025.08.19,11:00,1.1682,1.1692,1.1671,1.1685,897
2025.08.19,15:00,1.1684,1.1687,1.1657,1.1659,1576
2025.08.19,19:00,1.166,1.1662,1.1641,1.1646,734
2025.08.19,23:00,1.1645,1.165,1.164,1.1641,375
2025.08.20,03:00,1.164,1.1641,1.1621,1.1632,871
2025.08.20,07:00,1.1633,1.1646,1.1622,1.1644,941
2025.08.20,11:00,1.1643,1.1657,1.1631,1.1642,920
2025.08.20,15:00,1.1643,1.1673,1.1642,1.1648,1835
2025.08.20,19:00,1.1647,1.1672,1.1647,1.1652,834
2025.08.20,23:00,1.1651,1.1655,1.1646,1.165,299
2025.08.21,03:00,1.1651,1.1651,1.164,1.1645,617
2025.08.21,07:00,1.1644,1.166,1.1624,1.1657,960
2025.08.21,11:00,1.1656,1.1662,1.1639,1.164,1009
2025.08.21,15:00,1.1639,1.1655,1.16,1.1604,2440
2025.08.21,19:00,1.1603,1.1618,1.1601,1.1604,665
2025.08.21,23:00,1.1603,1.1614,1.1603,1.1611,390
2025.08.22,03:00,1.161,1.1616,1.1588,1.1589,625
2025.08.22,07:00,1.159,1.1598,1.1582,1.1594,678
2025.08.22,11:00,1.1595,1.1605,1.159,1.1604,704
2025.08.22,15:00,1.1605,1.1731,1.1597,1.1711,3382
2025.08.22,19:00,1.1712,1.1742,1.1711,1.1719,1277
2025.08.22,23:00,1.172,1.1726,1.1717,1.1721,266
2025.08.24,23:00,1.1722,1.1726,1.1707,1.1707,270
2025.08.25,03:00,1.1706,1.1707,1.1693,1.1706,549
2025.08.25,07:00,1.1707,1.172,1.1694,1.1697,777
2025.08.25,11:00,1.1696,1.171,1.1684,1.1703,811
2025.08.25,15:00,1.1702,1.1708,1.1665,1.1668,1276
2025.08.25,19:00,1.1667,1.1668,1.1602,1.1609,1238
2025.08.25,23:00,1.161,1.1625,1.1609,1.1614,421
2025.08.26,03:00,1.1613,1.1659,1.1609,1.1625,1760
2025.08.26,07:00,1.1624,1.1643,1.1601,1.1621,1335
2025.08.26,11:00,1.1622,1.166,1.1605,1.1653,1355
2025.08.26,15:00,1.1654,1.1664,1.1636,1.1656,1942
2025.08.26,19:00,1.1657,1.1661,1.1633,1.1639,940
2025.08.26,23:00,1.164,1.1647,1.1633,1.1636,449
2025.08.27,03:00,1.1637,1.1641,1.1621,1.1624,539
2025.08.27,07:00,1.1623,1.1624,1.1596,1.1603,868
2025.08.27,11:00,1.1602,1.1603,1.1573,1.1585,1106
2025.08.27,15:00,1.1586,1.1611,1.1581,1.161,1900
2025.08.27,19:00,1.1611,1.1642,1.161,1.1633,880
2025.08.27,23:00,1.1634,1.1647,1.1631,1.1647,372
2025.08.28,03:00,1.1646,1.1654,1.1641,1.1642,513
2025.08.28,07:00,1.1641,1.1649,1.1633,1.1643,807
2025.08.28,11:00,1.1644,1.1674,1.1628,1.1666,1080
2025.08.28,15:00,1.1665,1.1686,1.1658,1.1672,2261
2025.08.28,19:00,1.1673,1.1696,1.1671,1.1682,669
2025.08.28,23:00,1.1681,1.1683,1.1673,1.1678,447
2025.08.29,03:00,1.1679,1.1681,1.1655,1.1662,595
2025.08.29,07:00,1.1663,1.1676,1.1658,1.1675,674
2025.08.29,11:00,1.1674,1.1689,1.166,1.1662,1006
2025.08.29,15:00,1.1663,1.1708,1.165,1.1694,2238
2025.08.29,19:00,1.1693,1.1706,1.1692,1.1697,782
2025.08.29,23:00,1.1698,1.17,1.168,1.1686,146
2025.08.31,23:00,1.1695,1.1695,1.1686,1.1689,190
2025.09.01,03:00,1.169,1.1713,1.1687,1.1707,663
2025.09.01,07:00,1.1706,1.1732,1.1704,1.1724,865
2025.09.01,11:00,1.1725,1.1735,1.1712,1.1713,1005
2025.09.01,15:00,1.1714,1.1717,1.1699,1.1699,842
2025.09.01,19:00,1.1697,1.1713,1.1696,1.1711,299
2025.09.01,23:00,1.1712,1.1717,1.1706,1.1714,228
2025.09.02,03:00,1.1715,1.1715,1.1691,1.1694,850
2025.09.02,07:00,1.1695,1.1706,1.1642,1.1644,1382
2025.09.02,11:00,1.1643,1.1655,1.1623,1.1646,2038
2025.09.02,15:00,1.1645,1.1682,1.1612,1.1652,2586
2025.09.02,19:00,1.1653,1.1654,1.1629,1.1641,798
2025.09.02,23:00,1.164,1.1643,1.1632,1.1632,422
2025.09.03,03:00,1.1633,1.1635,1.1622,1.1623,665
2025.09.03,07:00,1.1622,1.1642,1.1607,1.1635,1067
2025.09.03,11:00,1.1636,1.1664,1.1636,1.165,1378
2025.09.03,15:00,1.1651,1.1681,1.1638,1.1674,2184
2025.09.03,19:00,1.1673,1.1677,1.1655,1.1657,878
2025.09.03,23:00,1.1658,1.1664,1.1655,1.1661,437
2025.09.04,03:00,1.166,1.1668,1.165,1.1652,785
2025.09.04,07:00,1.1653,1.166,1.1643,1.1649,838
2025.09.04,11:00,1.165,1.1659,1.1638,1.1642,1088
2025.09.04,15:00,1.1643,1.1657,1.1629,1.1647,2250
2025.09.04,19:00,1.1646,1.1651,1.1633,1.165,639
2025.09.04,23:00,1.1649,1.1657,1.1647,1.1656,270
2025.09.05,03:00,1.1655,1.1674,1.1651,1.1671,523
2025.09.05,07:00,1.167,1.1678,1.1664,1.1676,761
2025.09.05,11:00,1.1675,1.1695,1.1674,1.1687,899
2025.09.05,15:00,1.1688,1.1758,1.1685,1.1758,4108
2025.09.05,19:00,1.1757,1.1759,1.1712,1.1717,1137
2025.09.05,23:00,1.1716,1.1721,1.1714,1.172,115
2025.09.07,23:00,1.1714,1.172,1.1703,1.1712,418
2025.09.08,03:00,1.1711,1.1717,1.1704,1.1708,854
2025.09.08,07:00,1.1709,1.1733,1.1705,1.1732,893
2025.09.08,11:00,1.1733,1.1742,1.1719,1.1728,882
2025.09.08,15:00,1.1729,1.1755,1.1722,1.1749,1459
2025.09.08,19:00,1.175,1.1765,1.1734,1.1761,637
2025.09.08,23:00,1.1762,1.1772,1.1758,1.1768,410
2025.09.09,03:00,1.1767,1.1777,1.1763,1.1763,593
2025.09.09,07:00,1.1764,1.1779,1.1747,1.1751,1022
2025.09.09,11:00,1.175,1.1771,1.174,1.1741,1392
2025.09.09,15:00,1.1742,1.1762,1.1715,1.1721,2358
2025.09.09,19:00,1.1722,1.1729,1.1703,1.1706,1166
2025.09.09,23:00,1.1705,1.1713,1.1697,1.1701,479
2025.09.10,03:00,1.1702,1.1709,1.1689,1.1708,702
2025.09.10,07:00,1.1707,1.1717,1.1682,1.1702,1083
2025.09.10,11:00,1.1701,1.1716,1.169,1.1704,1184
2025.09.10,15:00,1.1703,1.173,1.169,1.1713,2428
2025.09.10,19:00,1.1714,1.1715,1.1693,1.1699,551
2025.09.10,23:00,1.17,1.1706,1.1693,1.1702,283
2025.09.11,03:00,1.1701,1.1702,1.1692,1.1695,445
2025.09.11,07:00,1.1696,1.1698,1.1683,1.1692,840
2025.09.11,11:00,1.1693,1.1694,1.1677,1.1683,992
2025.09.11,15:00,1.1684,1.1745,1.166,1.1731,3623
2025.09.11,19:00,1.173,1.1739,1.1727,1.1736,807
2025.09.11,23:00,1.1737,1.174,1.1731,1.1731,408
2025.09.12,03:00,1.1732,1.1734,1.1722,1.1724,519
2025.09.12,07:00,1.1723,1.1747,1.172,1.1739,771
2025.09.12,11:00,1.174,1.174,1.1712,1.172,1142
2025.09.12,15:00,1.1721,1.1727,1.1701,1.1713,1703
2025.09.12,19:00,1.1712,1.1741,1.1709,1.1735,724
2025.09.12,23:00,1.1734,1.1736,1.1728,1.1731,130
2025.09.14,23:00,1.1733,1.1735,1.1724,1.1725,160
2025.09.14,23:00,1.1733,1.1735,1.1729,1.1731,42
2025.09.15,03:00,1.1726,1.1733,1.1721,1.173,469
2025.09.15,07:00,1.1731,1.1743,1.1715,1.1733,696
2025.09.15,11:00,1.1732,1.1762,1.1729,1.1761,1009
2025.09.15,15:00,1.1762,1.1772,1.175,1.1771,1353
2025.09.15,19:00,1.177,1.1774,1.1755,1.1765,618
2025.09.15,23:00,1.1764,1.1768,1.1759,1.1762,340
2025.09.16,03:00,1.1761,1.1786,1.1757,1.1779,727
2025.09.16,07:00,1.1778,1.1801,1.1773,1.1793,1018
2025.09.16,11:00,1.1792,1.182,1.1789,1.1814,1275
2025.09.16,15:00,1.1813,1.1852,1.179,1.1846,2447
2025.09.16,19:00,1.1847,1.1877,1.1846,1.1859,1245
2025.09.16,23:00,1.1858,1.1872,1.1857,1.1871,458
2025.09.17,03:00,1.187,1.1872,1.185,1.1851,776
2025.09.17,07:00,1.1852,1.1859,1.1837,1.184,881
2025.09.17,11:00,1.1839,1.185,1.1832,1.1838,932
2025.09.17,15:00,1.1837,1.1858,1.1833,1.1844,1303
2025.09.17,19:00,1.1845,1.1918,1.1818,1.1824,4712
2025.09.17,23:00,1.1823,1.1828,1.1807,1.1825,694
2025.09.18,03:00,1.1824,1.1828,1.1807,1.1811,891
2025.09.18,07:00,1.181,1.1838,1.178,1.1831,1367
2025.09.18,11:00,1.183,1.1847,1.1819,1.1824,1493
2025.09.18,15:00,1.1825,1.1825,1.1749,1.1778,2941
2025.09.18,19:00,1.1779,1.1793,1.1771,1.1784,1039
2025.09.18,23:00,1.1783,1.179,1.178,1.1788,604
2025.09.19,03:00,1.1789,1.1792,1.1771,1.1781,895
2025.09.19,07:00,1.1782,1.1789,1.1757,1.1769,1619
2025.09.19,11:00,1.177,1.177,1.1734,1.1736,1259
2025.09.19,15:00,1.1735,1.1767,1.1728,1.1751,1822
2025.09.19,19:00,1.1752,1.1754,1.174,1.1747,667
2025.09.21,23:00,1.1744,1.1748,1.1735,1.1735,303
2025.09.22,03:00,1.1734,1.174,1.1725,1.1731,703
2025.09.22,07:00,1.173,1.1753,1.1726,1.1747,829
2025.09.22,11:00,1.1746,1.1785,1.1746,1.1778,1166
2025.09.22,15:00,1.1779,1.1787,1.1762,1.1771,1603
2025.09.22,19:00,1.1772,1.1801,1.177,1.1799,609
2025.09.22,23:00,1.1798,1.1803,1.1794,1.18,442
2025.09.23,03:00,1.1799,1.1819,1.1796,1.1805,566
2025.09.23,07:00,1.1806,1.1807,1.1779,1.1789,1090
2025.09.23,11:00,1.1788,1.1811,1.1783,1.1791,1040
2025.09.23,15:00,1.179,1.1804,1.1783,1.1798,1884
2025.09.23,19:00,1.1799,1.1817,1.1791,1.1816,1285
2025.09.23,23:00,1.1817,1.1817,1.1809,1.1815,395
2025.09.24,03:00,1.1816,1.1816,1.1794,1.1797,778
2025.09.24,07:00,1.1796,1.1804,1.1783,1.1788,864
2025.09.24,11:00,1.1787,1.1787,1.1746,1.1748,1124
2025.09.24,15:00,1.1749,1.1757,1.1727,1.1741,1884
2025.09.24,19:00,1.174,1.1743,1.1729,1.1737,742
2025.09.24,23:00,1.1738,1.1745,1.1734,1.1741,317
2025.09.25,03:00,1.174,1.1753,1.174,1.1751,612
2025.09.25,07:00,1.1752,1.1753,1.1731,1.1732,821
2025.09.25,11:00,1.1733,1.1753,1.173,1.1739,1095
2025.09.25,15:00,1.174,1.1745,1.1666,1.1671,2598
2025.09.25,19:00,1.1672,1.1682,1.1645,1.1659,1210
2025.09.25,23:00,1.166,1.1668,1.1658,1.1661,1049
2025.09.26,03:00,1.166,1.1679,1.1657,1.1677,498
2025.09.26,07:00,1.1676,1.1683,1.1668,1.1672,847
2025.09.26,11:00,1.1671,1.1687,1.1661,1.1667,895
2025.09.26,15:00,1.1666,1.1704,1.1666,1.169,2395
2025.09.26,19:00,1.1691,1.1705,1.1686,1.1705,805
2025.09.26,23:00,1.1706,1.1706,1.1698,1.1701,138
2025.09.28,23:00,1.1701,1.1709,1.17,1.1704,271
2025.09.29,03:00,1.1705,1.1728,1.1705,1.1724,606
2025.09.29,07:00,1.1723,1.1732,1.1717,1.1726,969
2025.09.29,11:00,1.1725,1.173,1.1707,1.1728,1036
2025.09.29,15:00,1.1729,1.1754,1.1718,1.1728,2012
2025.09.29,19:00,1.1729,1.1732,1.1719,1.1726,560
2025.09.29,23:00,1.1727,1.1731,1.1723,1.1729,284
2025.09.30,03:00,1.173,1.1731,1.1711,1.1723,755
2025.09.30,07:00,1.1724,1.1747,1.1718,1.1743,1092
2025.09.30,11:00,1.1744,1.176,1.1736,1.1742,1120
2025.09.30,15:00,1.1741,1.1751,1.1716,1.1734,2005
2025.09.30,19:00,1.1733,1.1761,1.1733,1.1739,1031
2025.09.30,23:00,1.1738,1.1742,1.1732,1.1733,507
2025.10.01,03:00,1.1732,1.174,1.1729,1.1737,676
2025.10.01,07:00,1.1738,1.1778,1.1737,1.175,1664
2025.10.01,11:00,1.1751,1.1765,1.1715,1.1734,1712
2025.10.01,15:00,1.1735,1.1768,1.172,1.1721,3747
2025.10.01,19:00,1.1722,1.1741,1.1715,1.173,1048
2025.10.01,23:00,1.1729,1.1737,1.1725,1.1732,613
2025.10.02,03:00,1.1731,1.1741,1.1723,1.1734,642
2025.10.02,07:00,1.1733,1.1756,1.1729,1.1749,871
2025.10.02,11:00,1.175,1.1757,1.1744,1.1749,896
2025.10.02,15:00,1.175,1.1757,1.1682,1.1695,2268
2025.10.02,19:00,1.1696,1.1726,1.1694,1.1718,768
2025.10.02,23:00,1.1717,1.1725,1.1713,1.1724,262
2025.10.03,03:00,1.1723,1.1728,1.1715,1.1725,545
2025.10.03,07:00,1.1726,1.1733,1.1714,1.1732,893
2025.10.03,11:00,1.1731,1.1744,1.173,1.1734,1070
2025.10.03,15:00,1.1735,1.1758,1.1727,1.1746,2028
2025.10.03,19:00,1.1745,1.1747,1.1726,1.174,682
2025.10.03,23:00,1.1741,1.1743,1.1738,1.1739,89
2025.10.05,23:00,1.1722,1.1727,1.1705,1.1711,937
2025.10.06,03:00,1.1712,1.173,1.1709,1.1724,716
2025.10.06,07:00,1.1723,1.1726,1.1661,1.1662,1713
2025.10.06,11:00,1.1661,1.1678,1.1651,1.1674,1723
2025.10.06,15:00,1.1675,1.172,1.1672,1.1705,1892
2025.10.06,19:00,1.1706,1.1716,1.1702,1.171,710
2025.10.06,23:00,1.1709,1.1715,1.1707,1.1708,510
2025.10.07,03:00,1.1709,1.171,1.1696,1.1702,472
2025.10.07,07:00,1.1701,1.1706,1.1669,1.1675,937
2025.10.07,11:00,1.1676,1.1682,1.1653,1.1662,898
2025.10.07,15:00,1.1661,1.1679,1.1653,1.1672,1627
2025.10.07,19:00,1.1673,1.168,1.1647,1.1649,942
2025.10.07,23:00,1.165,1.166,1.1648,1.1652,467
2025.10.08,03:00,1.1651,1.1652,1.1616,1.1623,837
2025.10.08,07:00,1.1624,1.1633,1.1606,1.163,1124
2025.10.08,11:00,1.1629,1.1636,1.1605,1.1625,1328
2025.10.08,15:00,1.1626,1.1644,1.1602,1.1605,1619
2025.10.08,19:00,1.1606,1.1627,1.1598,1.1627,1074
2025.10.08,23:00,1.1628,1.1634,1.1622,1.1628,954
2025.10.09,03:00,1.1627,1.1647,1.1627,1.1644,556
2025.10.09,07:00,1.1643,1.1647,1.1606,1.161,936
2025.10.09,11:00,1.1609,1.1626,1.1602,1.1611,1204
2025.10.09,15:00,1.1612,1.1622,1.1546,1.1558,2654
2025.10.09,19:00,1.1559,1.1566,1.1541,1.1559,1495
2025.10.09,23:00,1.1558,1.1566,1.1556,1.1564,397
2025.10.10,03:00,1.1565,1.1573,1.156,1.1572,635
2025.10.10,07:00,1.1571,1.1579,1.156,1.1577,1184
2025.10.10,11:00,1.1576,1.1589,1.156,1.156,1202
2025.10.10,15:00,1.1561,1.163,1.1558,1.1612,2938
2025.10.10,19:00,1.1613,1.1625,1.1596,1.1612,1325
2025.10.10,23:00,1.1611,1.1624,1.1603,1.1624,324
2025.10.12,23:00,1.1611,1.1615,1.1591,1.1601,887
2025.10.13,03:00,1.16,1.1627,1.1599,1.162,935
2025.10.13,07:00,1.1619,1.1629,1.1597,1.1599,1313
2025.10.13,11:00,1.1598,1.1604,1.1565,1.1567,1532
2025.10.13,15:00,1.1568,1.1577,1.1557,1.1573,1663
2025.10.13,19:00,1.1574,1.1578,1.1565,1.1565,811
2025.10.13,23:00,1.1566,1.1573,1.1563,1.1565,327
2025.10.14,03:00,1.1564,1.1581,1.1554,1.1578,802
2025.10.14,07:00,1.1577,1.1593,1.1542,1.1549,1620
2025.10.14,11:00,1.1547,1.1562,1.1545,1.1551,1524
2025.10.14,15:00,1.1552,1.1607,1.1547,1.1606,2348
2025.10.14,19:00,1.1607,1.1614,1.16,1.1605,1568
2025.10.14,23:00,1.1604,1.1609,1.1599,1.1602,388
2025.10.15,03:00,1.1601,1.1625,1.1601,1.1621,718
2025.10.15,07:00,1.1622,1.1644,1.1616,1.1635,980
2025.10.15,11:00,1.1636,1.1644,1.1619,1.1619,1114
2025.10.15,15:00,1.1618,1.1646,1.161,1.1636,2027
2025.10.15,19:00,1.1637,1.1644,1.1626,1.1644,984
2025.10.15,23:00,1.1643,1.1651,1.1642,1.1645,387
2025.10.16,03:00,1.1644,1.1674,1.1642,1.1661,956
2025.10.16,07:00,1.166,1.1667,1.1642,1.1651,1073
2025.10.16,11:00,1.1652,1.1663,1.1645,1.1653,1149
2025.10.16,15:00,1.1652,1.1677,1.1648,1.1664,1723
2025.10.16,19:00,1.1663,1.1693,1.1663,1.1688,1882
2025.10.16,23:00,1.1687,1.1699,1.1684,1.1698,480
2025.10.17,03:00,1.1699,1.1711,1.1694,1.1708,879
2025.10.17,07:00,1.1709,1.1727,1.1693,1.1711,1793
2025.10.17,11:00,1.1712,1.1715,1.1679,1.1684,1859
2025.10.17,15:00,1.1685,1.1685,1.1656,1.1672,2312
2025.10.17,19:00,1.1671,1.1679,1.1663,1.167,918
2025.10.17,23:00,1.1668,1.1669,1.165,1.1652,200
2025.10.19,23:00,1.1664,1.1665,1.1651,1.1657,309
2025.10.20,03:00,1.1658,1.167,1.1656,1.1667,615
2025.10.20,07:00,1.1668,1.1675,1.1653,1.1662,958
2025.10.20,11:00,1.1661,1.1667,1.1644,1.1656,1259
2025.10.20,15:00,1.1657,1.1664,1.1645,1.1654,1539
2025.10.20,19:00,1.1655,1.1657,1.1638,1.164,697
2025.10.20,23:00,1.1641,1.1644,1.1639,1.1643,240
2025.10.21,03:00,1.1642,1.1654,1.1632,1.1634,653
2025.10.21,07:00,1.1633,1.1637,1.1618,1.1624,1144
2025.10.21,11:00,1.1623,1.1627,1.1606,1.1612,1478
2025.10.21,15:00,1.1613,1.1617,1.1597,1.1614,1848
2025.10.21,19:00,1.1613,1.1624,1.1599,1.16,1097
2025.10.21,23:00,1.1599,1.1603,1.1598,1.1599,315
2025.10.22,03:00,1.16,1.161,1.1599,1.1606,551
2025.10.22,07:00,1.1607,1.1615,1.1599,1.16,1024
2025.10.22,11:00,1.1599,1.1601,1.1582,1.1582,1203
2025.10.22,15:00,1.1581,1.1616,1.1576,1.161,1780
2025.10.22,19:00,1.1611,1.1622,1.1604,1.1605,936
2025.10.22,23:00,1.1606,1.1614,1.1605,1.1606,264
2025.10.23,03:00,1.1605,1.1607,1.1591,1.1592,544
2025.10.23,07:00,1.1591,1.1603,1.159,1.1599,813
2025.10.23,11:00,1.1598,1.1605,1.1585,1.1586,997
2025.10.23,15:00,1.1587,1.1619,1.1586,1.1611,1474
2025.10.23,19:00,1.161,1.1619,1.1603,1.1616,745
2025.10.23,23:00,1.1615,1.1621,1.1613,1.1616,332
2025.10.24,03:00,1.1617,1.1621,1.1606,1.1608,484
2025.10.24,07:00,1.1607,1.1627,1.16,1.1617,820
2025.10.24,11:00,1.1618,1.1623,1.1604,1.1614,924
2025.10.24,15:00,1.1615,1.1648,1.1608,1.1625,2762
2025.10.24,19:00,1.1624,1.1632,1.162,1.1631,804
2025.10.24,23:00,1.163,1.1635,1.162,1.1626,206
2025.10.26,22:00,1.1627,1.1635,1.1625,1.163,288
2025.10.27,02:00,1.1631,1.1647,1.1626,1.1627,485
2025.10.27,06:00,1.1626,1.1631,1.1618,1.1618,685
2025.10.27,10:00,1.1619,1.1646,1.1617,1.1645,1071
2025.10.27,14:00,1.1646,1.1651,1.1631,1.1634,1220
2025.10.27,18:00,1.1635,1.1651,1.1632,1.1647,779
2025.10.27,22:00,1.1646,1.1654,1.1643,1.165,315
2025.10.28,02:00,1.1649,1.1663,1.1646,1.1659,541
2025.10.28,06:00,1.166,1.1667,1.165,1.1653,666
2025.10.28,10:00,1.1654,1.1664,1.1644,1.1659,1026
2025.10.28,14:00,1.1658,1.1666,1.1625,1.1658,1711
2025.10.28,18:00,1.1657,1.1668,1.1651,1.1651,980
2025.10.28,22:00,1.1652,1.1656,1.1648,1.1656,298
2025.10.29,02:00,1.1655,1.166,1.1636,1.1636,699
2025.10.29,06:00,1.1637,1.1637,1.1627,1.1632,619
2025.10.29,10:00,1.1631,1.1648,1.1618,1.164,1075
2025.10.29,14:00,1.1639,1.1664,1.1626,1.1663,1479
2025.10.29,18:00,1.1662,1.1665,1.1577,1.1598,3347
2025.10.29,22:00,1.1599,1.1607,1.159,1.1602,433
2025.10.30,02:00,1.1603,1.1619,1.1596,1.1615,995
2025.10.30,06:00,1.1614,1.1636,1.1609,1.1617,1225
2025.10.30,10:00,1.1616,1.1627,1.1595,1.1597,1074
2025.10.30,14:00,1.1596,1.1598,1.1546,1.1563,2490
2025.10.30,18:00,1.1562,1.1571,1.1559,1.1563,986
2025.10.30,22:00,1.1564,1.1572,1.1563,1.1571,281
2025.10.31,02:00,1.1572,1.1577,1.1564,1.1566,521
2025.10.31,06:00,1.1567,1.1573,1.1554,1.1564,577
2025.10.31,10:00,1.1563,1.1576,1.1557,1.1566,771
2025.10.31,14:00,1.1565,1.1565,1.1521,1.154,1686
2025.10.31,18:00,1.1539,1.1543,1.1521,1.1525,769
2025.10.31,22:00,1.1524,1.1537,1.1524,1.1536,112
2025.11.02,22:00,1.1532,1.1538,1.1525,1.1527,640
2025.11.03,02:00,1.1526,1.1533,1.1521,1.1533,596
2025.11.03,06:00,1.1532,1.154,1.1531,1.1539,471
2025.11.03,10:00,1.1538,1.1539,1.1507,1.1514,1033
2025.11.03,14:00,1.1515,1.1524,1.1504,1.1524,1459
2025.11.03,18:00,1.1525,1.1537,1.1516,1.1519,757
2025.11.03,22:00,1.1518,1.1522,1.1515,1.1518,307
2025.11.04,02:00,1.1517,1.1518,1.1497,1.1513,644
2025.11.04,06:00,1.1512,1.1533,1.1507,1.1526,833
2025.11.04,10:00,1.1527,1.1528,1.1488,1.1489,1175
2025.11.04,14:00,1.1488,1.1496,1.1472,1.1491,1197
2025.11.04,18:00,1.149,1.1496,1.1478,1.1478,562
2025.11.04,22:00,1.1477,1.1485,1.1474,1.1484,282
2025.11.05,02:00,1.1483,1.1497,1.1479,1.1488,862
2025.11.05,06:00,1.1487,1.1493,1.1482,1.1486,584
2025.11.05,10:00,1.1487,1.1494,1.1475,1.1487,923
2025.11.05,14:00,1.1488,1.1493,1.1468,1.1478,1656
2025.11.05,18:00,1.1479,1.1487,1.1469,1.1485,853
2025.11.05,22:00,1.1486,1.1496,1.1486,1.1495,319
2025.11.06,02:00,1.1494,1.1508,1.1492,1.1506,533
2025.11.06,06:00,1.1507,1.1513,1.1503,1.1507,420
2025.11.06,10:00,1.1508,1.1523,1.1505,1.1519,881
2025.11.06,14:00,1.1518,1.1543,1.1513,1.1539,1582
2025.11.06,18:00,1.1538,1.1551,1.1529,1.1543,1050
2025.11.06,22:00,1.1544,1.1551,1.1542,1.1548,572
2025.11.07,02:00,1.1547,1.1547,1.1534,1.1537,405
2025.11.07,06:00,1.1536,1.1538,1.1529,1.1532,375
2025.11.07,10:00,1.1531,1.156,1.1529,1.1557,742
2025.11.07,14:00,1.1556,1.159,1.1553,1.1571,1532
2025.11.07,18:00,1.1572,1.1583,1.1555,1.1559,879
2025.11.07,22:00,1.1558,1.1566,1.1557,1.1563,349
2025.11.09,22:00,1.1556,1.1558,1.1541,1.1542,323
2025.11.10,02:00,1.1543,1.156,1.1542,1.1554,714
2025.11.10,06:00,1.1555,1.1571,1.1551,1.1567,518
2025.11.10,10:00,1.1566,1.1582,1.1553,1.1562,867
2025.11.10,14:00,1.1563,1.1577,1.1544,1.1544,1269
2025.11.10,18:00,1.1545,1.1564,1.154,1.156,933
2025.11.10,22:00,1.1561,1.1564,1.1554,1.1556,336
2025.11.11,02:00,1.1557,1.1559,1.1546,1.1556,394
2025.11.11,06:00,1.1555,1.1564,1.1549,1.1559,553
2025.11.11,10:00,1.156,1.1577,1.1553,1.1571,963
2025.11.11,14:00,1.1572,1.1605,1.1568,1.1594,1631
2025.11.11,18:00,1.1593,1.1599,1.1582,1.1583,848
2025.11.11,22:00,1.1584,1.1588,1.158,1.1586,363
2025.11.12,02:00,1.1585,1.1586,1.1574,1.1577,433
2025.11.12,06:00,1.1576,1.1587,1.1569,1.1583,499
2025.11.12,10:00,1.1582,1.1587,1.1564,1.1577,876
2025.11.12,14:00,1.1578,1.1595,1.1562,1.1593,1199
2025.11.12,18:00,1.1594,1.1597,1.1583,1.1586,692
2025.11.12,22:00,1.1585,1.1593,1.1584,1.1591,470
2025.11.13,02:00,1.159,1.1592,1.1578,1.1589,702
2025.11.13,06:00,1.1588,1.1611,1.1579,1.161,616
2025.11.13,10:00,1.1611,1.1634,1.1604,1.1605,1318
2025.11.13,14:00,1.1606,1.1642,1.1605,1.1638,1464
2025.11.13,18:00,1.1637,1.1655,1.1634,1.1635,1027
2025.11.13,22:00,1.1634,1.1638,1.1623,1.1629,471
2025.11.14,02:00,1.163,1.1644,1.1626,1.1637,1022
2025.11.14,06:00,1.1638,1.1648,1.1631,1.1632,867
2025.11.14,10:00,1.1631,1.1636,1.1608,1.1619,1728
2025.11.14,14:00,1.1618,1.1653,1.1605,1.1612,2425
2025.11.14,18:00,1.1613,1.1622,1.1607,1.1617,918
2025.11.14,22:00,1.1618,1.1623,1.1616,1.1621,262
2025.11.16,22:00,1.1622,1.1624,1.1611,1.1614,230
2025.11.17,02:00,1.1613,1.1614,1.1595,1.1598,553
2025.11.17,06:00,1.1597,1.1614,1.1594,1.1613,423
2025.11.17,10:00,1.1612,1.1614,1.1594,1.16,899
2025.11.17,14:00,1.1601,1.1604,1.1581,1.1596,1204
2025.11.17,18:00,1.1597,1.1601,1.1583,1.1583,707
2025.11.17,22:00,1.1582,1.1593,1.1582,1.1589,417
2025.11.18,02:00,1.1588,1.1595,1.1584,1.1591,638
2025.11.18,06:00,1.159,1.1602,1.1588,1.159,871
2025.11.18,10:00,1.1591,1.1605,1.1579,1.1583,1107
2025.11.18,14:00,1.1584,1.1607,1.1581,1.1581,1488
2025.11.18,18:00,1.158,1.1586,1.1571,1.1585,948
2025.11.18,22:00,1.1584,1.1586,1.1577,1.1579,454
2025.11.19,02:00,1.158,1.1584,1.1572,1.1583,451
2025.11.19,06:00,1.1582,1.1596,1.1576,1.1581,587
2025.11.19,10:00,1.1582,1.1588,1.1565,1.1586,1306
2025.11.19,14:00,1.1587,1.159,1.1539,1.1546,1324
2025.11.19,18:00,1.1547,1.1547,1.1517,1.152,1124
2025.11.19,22:00,1.1519,1.1541,1.1519,1.1538,504
2025.11.20,02:00,1.1537,1.1537,1.1509,1.1513,659
2025.11.20,06:00,1.1512,1.1522,1.1512,1.1518,625
2025.11.20,10:00,1.1519,1.1529,1.1511,1.1513,1026
2025.11.20,14:00,1.1514,1.1549,1.1502,1.1527,2462
2025.11.20,18:00,1.1528,1.154,1.1524,1.1537,1224
2025.11.20,22:00,1.1538,1.1538,1.1523,1.1533,424
2025.11.21,02:00,1.1532,1.1538,1.1527,1.1535,586
2025.11.21,06:00,1.1536,1.1547,1.1534,1.154,598
2025.11.21,10:00,1.1541,1.1552,1.1504,1.1505,1418
2025.11.21,14:00,1.1504,1.1526,1.1496,1.1501,2105
2025.11.21,18:00,1.1502,1.1517,1.149,1.1512,1197
2025.11.21,22:00,1.1513,1.152,1.1508,1.1515,254
2025.11.23,22:00,1.1516,1.1516,1.1505,1.1506,200
2025.11.24,02:00,1.1507,1.1518,1.1501,1.1515,596
2025.11.24,06:00,1.1516,1.1527,1.151,1.1511,812
2025.11.24,10:00,1.151,1.1546,1.1509,1.1544,1644
2025.11.24,14:00,1.1545,1.155,1.1516,1.1528,1781
2025.11.24,18:00,1.1529,1.153,1.1511,1.1527,1012
2025.11.24,22:00,1.1526,1.1527,1.1518,1.1519,355
2025.11.25,02:00,1.152,1.1529,1.1516,1.1517,616
2025.11.25,06:00,1.1516,1.153,1.1511,1.1522,689
2025.11.25,10:00,1.1521,1.154,1.152,1.1525,1217
2025.11.25,14:00,1.1526,1.1583,1.1525,1.1561,2167
2025.11.25,18:00,1.1562,1.1585,1.1549,1.1583,1440
2025.11.25,22:00,1.1584,1.1584,1.1557,1.1564,468
2025.11.26,02:00,1.1565,1.1591,1.1562,1.159,1037
2025.11.26,06:00,1.1591,1.1595,1.1574,1.1578,685
2025.11.26,10:00,1.1579,1.158,1.1565,1.1573,1204
2025.11.26,14:00,1.1572,1.1594,1.1546,1.1589,2540
2025.11.26,18:00,1.1588,1.16,1.1584,1.1593,858
2025.11.26,22:00,1.1592,1.1601,1.1591,1.1601,294
2025.11.27,02:00,1.1603,1.1613,1.1599,1.1601,652
2025.11.27,06:00,1.1602,1.1605,1.1585,1.1591,557
2025.11.27,10:00,1.159,1.1595,1.1576,1.1585,908
2025.11.27,14:00,1.1586,1.1599,1.1581,1.1593,858
2025.11.27,18:00,1.1594,1.1601,1.159,1.1594,323
2025.11.27,22:00,1.1595,1.1601,1.1593,1.1599,141
2025.11.28,02:00,1.16,1.1601,1.158,1.1586,1089
2025.11.28,06:00,1.1587,1.1593,1.1576,1.1579,2249
2025.11.28,10:00,1.1581,1.1581,1.1554,1.1567,2013
2025.11.28,14:00,1.1566,1.1607,1.1561,1.1607,1860
2025.11.28,18:00,1.1606,1.1606,1.1592,1.1601,869
2025.11.28,22:00,1.1602,1.1603,1.1598,1.1598,398
2025.11.30,22:00,1.1594,1.1607,1.1592,1.16,326
2025.12.01,02:00,1.1601,1.1615,1.1589,1.1596,960
2025.12.01,06:00,1.1597,1.1612,1.159,1.1606,732
2025.12.01,10:00,1.1605,1.1631,1.1603,1.1627,1344
2025.12.01,14:00,1.1626,1.1651,1.1622,1.1628,1809
2025.12.01,18:00,1.1629,1.1633,1.1606,1.1608,826
2025.12.01,22:00,1.1609,1.161,1.1606,1.1606,223
2025.12.02,02:00,1.1607,1.1612,1.1603,1.1611,343
2025.12.02,06:00,1.1612,1.1615,1.1604,1.1612,445
2025.12.02,10:00,1.1613,1.1615,1.1597,1.1611,904
2025.12.02,14:00,1.161,1.1622,1.1592,1.1605,1330
2025.12.02,18:00,1.1606,1.1624,1.159,1.162,1110
2025.12.02,22:00,1.1621,1.1628,1.1619,1.1627,366
2025.12.03,02:00,1.1628,1.1638,1.1627,1.1637,448
2025.12.03,06:00,1.1636,1.1652,1.1635,1.164,577
2025.12.03,10:00,1.1641,1.1665,1.1635,1.1665,1122
2025.12.03,14:00,1.1664,1.1674,1.1654,1.1659,1755
2025.12.03,18:00,1.1658,1.1677,1.1657,1.1671,907
2025.12.03,22:00,1.1672,1.1674,1.1663,1.1665,308
2025.12.04,02:00,1.1666,1.1666,1.1652,1.1655,570
2025.12.04,06:00,1.1656,1.1665,1.1652,1.1664,505
2025.12.04,10:00,1.1665,1.1681,1.1663,1.1679,1241
2025.12.04,14:00,1.168,1.168,1.1651,1.1673,1764
2025.12.04,18:00,1.1672,1.1673,1.1649,1.1651,963
2025.12.04,22:00,1.165,1.1651,1.164,1.1642,390
2025.12.05,02:00,1.1643,1.1653,1.1643,1.1648,408
2025.12.05,06:00,1.1649,1.1671,1.1649,1.1662,671
2025.12.05,10:00,1.1663,1.1663,1.1641,1.1645,1102
2025.12.05,14:00,1.1646,1.1659,1.1643,1.1647,1672
2025.12.05,18:00,1.1646,1.1648,1.1627,1.1642,1086
2025.12.05,22:00,1.1641,1.1646,1.1639,1.1641,201
2025.12.07,22:00,1.1638,1.1645,1.1637,1.164,214
2025.12.08,02:00,1.1639,1.1655,1.1639,1.1649,482
2025.12.08,06:00,1.165,1.1671,1.1649,1.1657,624
2025.12.08,10:00,1.1658,1.1661,1.1646,1.1649,976
2025.12.08,14:00,1.165,1.1656,1.1616,1.1624,1400
2025.12.08,18:00,1.1625,1.1641,1.1616,1.1638,906
2025.12.08,22:00,1.1639,1.1641,1.1634,1.164,354
2025.12.09,02:00,1.1639,1.1648,1.1635,1.1645,329
2025.12.09,06:00,1.1646,1.1649,1.1637,1.1639,494
2025.12.09,10:00,1.164,1.1656,1.1633,1.1643,1052
2025.12.09,14:00,1.1642,1.1643,1.1614,1.1628,1663
2025.12.09,18:00,1.1629,1.164,1.1616,1.1628,832
2025.12.09,22:00,1.1627,1.1631,1.1623,1.1627,360
2025.12.10,02:00,1.1628,1.1628,1.1621,1.1626,511
2025.12.10,06:00,1.1625,1.1648,1.1624,1.1647,559
2025.12.10,10:00,1.1646,1.1657,1.1627,1.1634,1138
2025.12.10,14:00,1.1635,1.165,1.1627,1.1641,1511
2025.12.10,18:00,1.1642,1.168,1.1636,1.1677,2452
2025.12.10,22:00,1.1676,1.1702,1.1673,1.1701,1237
2025.12.11,02:00,1.17,1.1706,1.1689,1.169,759
2025.12.11,06:00,1.1691,1.17,1.1681,1.1693,763
2025.12.11,10:00,1.1694,1.1717,1.1686,1.1712,1080
2025.12.11,14:00,1.1711,1.1756,1.1709,1.1756,1617
2025.12.11,18:00,1.1755,1.1762,1.174,1.174,1039
2025.12.11,22:00,1.1739,1.1745,1.1736,1.174,433
2025.12.12,02:00,1.1741,1.1745,1.173,1.1733,552
2025.12.12,06:00,1.1734,1.1742,1.173,1.1737,520
2025.12.12,10:00,1.1738,1.1741,1.1721,1.1726,883
2025.12.12,14:00,1.1725,1.1744,1.1719,1.1737,1348
2025.12.12,18:00,1.1738,1.1749,1.1725,1.174,965
2025.12.14,22:00,1.1735,1.174,1.1735,1.1736,180
2025.12.15,02:00,1.1735,1.1744,1.1728,1.1733,595
2025.12.15,06:00,1.1732,1.1737,1.1727,1.1728,572
2025.12.15,10:00,1.1727,1.1749,1.1725,1.1748,975
2025.12.15,14:00,1.1749,1.1768,1.1743,1.1762,1343
2025.12.15,18:00,1.1761,1.1764,1.1737,1.1747,1033
2025.12.15,22:00,1.1748,1.1755,1.1747,1.1753,469
2025.12.16,02:00,1.1754,1.1758,1.1746,1.1751,565
2025.12.16,06:00,1.1752,1.1753,1.1744,1.1752,537
2025.12.16,10:00,1.1753,1.1763,1.1746,1.1763,999
2025.12.16,14:00,1.1762,1.1803,1.1756,1.1769,2421
2025.12.16,18:00,1.1768,1.1777,1.1734,1.1757,1107
2025.12.16,22:00,1.1758,1.1762,1.1745,1.1748,529
2025.12.17,02:00,1.1749,1.1751,1.1736,1.1738,608
2025.12.17,06:00,1.1739,1.1739,1.1702,1.1713,945
2025.12.17,10:00,1.1714,1.1727,1.1705,1.1708,1111
2025.12.17,14:00,1.1709,1.1757,1.1709,1.1752,1573
2025.12.17,18:00,1.1753,1.1755,1.1741,1.1744,842
2025.12.17,22:00,1.1745,1.1745,1.1738,1.1741,285
2025.12.18,02:00,1.174,1.1745,1.1734,1.1738,530
2025.12.18,06:00,1.1739,1.1749,1.1733,1.1733,573
2025.12.18,10:00,1.1734,1.1736,1.1716,1.172,988
2025.12.18,14:00,1.1719,1.1762,1.1712,1.1726,2892
2025.12.18,18:00,1.1725,1.1745,1.1714,1.1724,1172
2025.12.18,22:00,1.1725,1.1727,1.1719,1.1724,480
2025.12.19,02:00,1.1725,1.1728,1.1717,1.172,484
2025.12.19,06:00,1.1721,1.1721,1.1703,1.1707,637
2025.12.19,10:00,1.1706,1.1717,1.1705,1.171,910
2025.12.19,14:00,1.1709,1.1737,1.1702,1.1709,1581
2025.12.19,18:00,1.1708,1.1726,1.1707,1.1723,920
2025.12.19,22:00,1.1722,1.1725,1.1705,1.1706,305
2025.12.21,22:00,1.1718,1.1719,1.1705,1.1709,356
2025.12.22,02:00,1.171,1.1718,1.1709,1.1717,625
2025.12.22,06:00,1.1716,1.173,1.1712,1.1728,417
2025.12.22,10:00,1.1729,1.1737,1.1722,1.1732,757
2025.12.22,14:00,1.1733,1.1768,1.1732,1.1763,1103
2025.12.22,18:00,1.1762,1.1764,1.1747,1.1754,756
2025.12.22,22:00,1.1755,1.1765,1.1751,1.1763,550
2025.12.23,02:00,1.1764,1.178,1.1762,1.1776,494
2025.12.23,06:00,1.1777,1.178,1.1768,1.1778,756
2025.12.23,10:00,1.1777,1.1799,1.1774,1.1795,966
2025.12.23,14:00,1.1794,1.1801,1.1763,1.1773,1595
2025.12.23,18:00,1.1774,1.179,1.1768,1.1789,753
2025.12.23,22:00,1.1788,1.1796,1.1786,1.1794,332
2025.12.24,02:00,1.1795,1.1807,1.1786,1.1787,600
2025.12.24,06:00,1.1786,1.1803,1.1785,1.1788,727
2025.12.24,10:00,1.1789,1.18,1.1779,1.1792,904
2025.12.24,14:00,1.1791,1.1792,1.1774,1.1777,1089
2025.12.24,18:00,1.1776,1.1782,1.1772,1.1775,360
2025.12.26,06:00,1.1785,1.1787,1.1769,1.1772,483
2025.12.26,10:00,1.1773,1.1781,1.1766,1.1776,742
2025.12.26,14:00,1.1777,1.1796,1.1771,1.1777,976
2025.12.26,18:00,1.1776,1.1779,1.1761,1.1776,888
2025.12.26,22:00,1.1777,1.1781,1.1765,1.1769,310
2025.12.28,22:00,1.1771,1.1777,1.1769,1.1772,236
2025.12.29,02:00,1.1773,1.1785,1.177,1.1773,649
2025.12.29,06:00,1.1772,1.1778,1.1753,1.1776,693
2025.12.29,10:00,1.1777,1.1788,1.1757,1.1765,1208
2025.12.29,14:00,1.1764,1.1788,1.1755,1.1767,1631
2025.12.29,18:00,1.1766,1.1767,1.1749,1.1766,1054
2025.12.29,22:00,1.1767,1.1774,1.1763,1.1772,429
2025.12.30,02:00,1.1771,1.1776,1.1769,1.1772,442
2025.12.30,06:00,1.1771,1.1779,1.1765,1.177,492
2025.12.30,10:00,1.1771,1.1777,1.1763,1.1766,879
2025.12.30,14:00,1.1765,1.1767,1.1744,1.1759,1338
2025.12.30,18:00,1.1758,1.1766,1.1744,1.1746,825
2025.12.30,22:00,1.1747,1.1749,1.1742,1.1745,291
2025.12.31,02:00,1.1744,1.1748,1.1738,1.1742,459
2025.12.31,06:00,1.1741,1.1742,1.1732,1.1738,178
2026.01.02,06:00,1.175,1.1751,1.1731,1.1733,386
2026.01.02,10:00,1.1734,1.1737,1.1712,1.1721,1138
2026.01.02,14:00,1.172,1.1751,1.1715,1.175,1097
2026.01.02,18:00,1.1751,1.1753,1.1713,1.1722,785
2026.01.02,22:00,1.1723,1.1723,1.1714,1.1719,240
2026.01.04,22:00,1.1722,1.1722,1.1699,1.1704,306
2026.01.05,02:00,1.1705,1.171,1.1671,1.1674,997
2026.01.05,06:00,1.1673,1.1691,1.1672,1.1685,766
2026.01.05,10:00,1.1686,1.1694,1.1673,1.1681,1146
2026.01.05,14:00,1.168,1.1704,1.1658,1.1704,1696
2026.01.05,18:00,1.1703,1.1728,1.1703,1.1726,1188
2026.01.05,22:00,1.1725,1.1728,1.1712,1.1714,271
2026.01.06,02:00,1.1715,1.1737,1.171,1.1734,606
2026.01.06,06:00,1.1733,1.1742,1.1725,1.1728,785
2026.01.06,10:00,1.1727,1.1738,1.1704,1.1705,1152
2026.01.06,14:00,1.1706,1.1717,1.1683,1.1694,1597
2026.01.06,18:00,1.1695,1.1701,1.1683,1.1689,987
2026.01.06,22:00,1.169,1.1692,1.1684,1.1686,271
2026.01.07,02:00,1.1687,1.1702,1.1684,1.1698,655
2026.01.07,06:00,1.1699,1.1701,1.1678,1.1681,556
2026.01.07,10:00,1.1682,1.1693,1.1672,1.1688,801
2026.01.07,14:00,1.1689,1.1698,1.1679,1.1689,1606
2026.01.07,18:00,1.169,1.1694,1.1678,1.1682,831
2026.01.07,22:00,1.1681,1.1683,1.1673,1.1676,262
2026.01.08,02:00,1.1677,1.1682,1.1672,1.1679,427
2026.01.08,06:00,1.1678,1.1682,1.1674,1.1677,620
2026.01.08,10:00,1.1678,1.1681,1.1668,1.1676,801
2026.01.08,14:00,1.1677,1.1677,1.1655,1.1665,1274
2026.01.08,18:00,1.1666,1.1667,1.1642,1.1649,794
2026.01.08,22:00,1.165,1.1662,1.1649,1.1657,318
2026.01.09,02:00,1.1656,1.1658,1.1645,1.1655,396
2026.01.09,06:00,1.1656,1.1656,1.1639,1.165,435
2026.01.09,10:00,1.1649,1.1652,1.1636,1.1645,581
2026.01.09,14:00,1.1644,1.166,1.1617,1.164,2641
2026.01.09,18:00,1.1641,1.1643,1.1627,1.1634,998
2026.01.09,22:00,1.1633,1.1637,1.1629,1.163,104
2026.01.11,22:00,1.1631,1.1633,1.1622,1.1623,175
2026.01.12,02:00,1.1624,1.167,1.1621,1.1654,993
2026.01.12,06:00,1.1653,1.1687,1.1652,1.1684,703
2026.01.12,10:00,1.1682,1.1695,1.1675,1.1677,988
2026.01.12,14:00,1.1678,1.1698,1.1672,1.168,1435
2026.01.12,18:00,1.1681,1.1681,1.1664,1.1671,891
2026.01.12,22:00,1.167,1.1672,1.1662,1.1667,311
2026.01.13,02:00,1.1666,1.1667,1.1655,1.1658,410
2026.01.13,06:00,1.1659,1.1667,1.1653,1.1663,527
2026.01.13,10:00,1.1662,1.1673,1.1658,1.1668,726
2026.01.13,14:00,1.1667,1.1677,1.1643,1.1651,1984
2026.01.13,18:00,1.1652,1.1654,1.1633,1.1648,954
2026.01.13,22:00,1.1649,1.1649,1.1641,1.1641,331
2026.01.14,02:00,1.1642,1.1648,1.1635,1.1646,405
2026.01.14,06:00,1.1647,1.1651,1.1641,1.1645,341
2026.01.14,10:00,1.1644,1.1657,1.164,1.1646,784
2026.01.14,14:00,1.1647,1.166,1.1644,1.1659,1473
2026.01.14,18:00,1.166,1.1661,1.1635,1.1636,694
2026.01.14,22:00,1.1637,1.1646,1.1636,1.1644,373
2026.01.15,02:00,1.1643,1.1645,1.1632,1.1638,530
2026.01.15,06:00,1.1637,1.1638,1.1625,1.1627,495
2026.01.15,10:00,1.1628,1.164,1.1626,1.163,919
2026.01.15,14:00,1.1631,1.1634,1.1592,1.1601,1555
2026.01.15,18:00,1.1602,1.1617,1.1597,1.1613,736
2026.01.15,22:00,1.1612,1.1615,1.1602,1.1608,258
2026.01.16,02:00,1.1609,1.1613,1.1602,1.1611,401
2026.01.16,06:00,1.1612,1.1614,1.1603,1.1611,350
2026.01.16,10:00,1.1612,1.1623,1.1607,1.1618,748
2026.01.16,14:00,1.1619,1.1626,1.1584,1.1593,1530
2026.01.16,18:00,1.1594,1.1605,1.1588,1.1596,954
2026.01.16,22:00,1.1595,1.1601,1.1595,1.1598,184
2026.01.18,22:00,1.1579,1.1626,1.1577,1.1624,633
2026.01.19,02:00,1.1623,1.1637,1.1604,1.1624,1370
2026.01.19,06:00,1.1625,1.164,1.1622,1.1627,691
2026.01.19,10:00,1.1626,1.1629,1.161,1.1627,1062
2026.01.19,14:00,1.1626,1.1643,1.1624,1.1639,943
2026.01.19,18:00,1.1638,1.1648,1.1637,1.1642,357
2026.01.19,22:00,1.1643,1.1646,1.1637,1.1639,147
2026.01.20,02:00,1.1638,1.1658,1.1632,1.1656,513
2026.01.20,06:00,1.1655,1.1693,1.1655,1.1688,956
2026.01.20,10:00,1.1689,1.1738,1.1687,1.1734,2037
2026.01.20,14:00,1.1733,1.1768,1.1714,1.1726,2699
2026.01.20,18:00,1.1727,1.1742,1.1711,1.1711,1310
2026.01.20,22:00,1.1712,1.1728,1.171,1.1725,484
2026.01.21,02:00,1.1724,1.1733,1.171,1.1718,685
2026.01.21,06:00,1.1717,1.1724,1.1709,1.1716,752
2026.01.21,10:00,1.1717,1.1719,1.17,1.1713,1011
2026.01.21,14:00,1.1714,1.1742,1.17,1.1701,2064
2026.01.21,18:00,1.1702,1.1711,1.1676,1.169,1763
2026.01.21,22:00,1.1691,1.1691,1.1669,1.1672,569
2026.01.22,02:00,1.1673,1.1693,1.1672,1.1688,566
2026.01.22,06:00,1.1689,1.1696,1.1683,1.1689,635
2026.01.22,10:00,1.169,1.1703,1.1683,1.1701,1285
2026.01.22,14:00,1.1702,1.1733,1.1699,1.1733,1653
2026.01.22,18:00,1.1734,1.175,1.1727,1.1743,1078
2026.01.22,22:00,1.1742,1.1758,1.1741,1.1753,328
2026.01.23,02:00,1.1752,1.1753,1.1743,1.1743,521
2026.01.23,06:00,1.1742,1.1753,1.1734,1.1736,827
2026.01.23,10:00,1.1735,1.1744,1.1727,1.1737,1242
2026.01.23,14:00,1.1736,1.176,1.1731,1.1757,1116
2026.01.23,18:00,1.1756,1.1814,1.1746,1.181,2106
2026.01.23,22:00,1.1811,1.1833,1.1809,1.1829,647
2026.01.25,22:00,1.1862,1.1897,1.185,1.1859,1060
2026.01.26,02:00,1.1858,1.1875,1.1844,1.1861,1647
2026.01.26,06:00,1.186,1.1869,1.1836,1.1839,1212
2026.01.26,10:00,1.1838,1.1866,1.1837,1.1854,1601
2026.01.26,14:00,1.1853,1.1896,1.1834,1.1894,1654
2026.01.26,18:00,1.1895,1.1906,1.187,1.1878,1789
2026.01.26,22:00,1.1879,1.1885,1.1871,1.1873,541
2026.01.27,02:00,1.1872,1.1898,1.1872,1.1879,917
2026.01.27,06:00,1.188,1.1882,1.186,1.1863,801
2026.01.27,10:00,1.1864,1.1896,1.1849,1.1894,1493
2026.01.27,14:00,1.1895,1.1972,1.1893,1.195,3214
2026.01.27,18:00,1.1949,1.1989,1.1949,1.1976,1989
2026.01.27,22:00,1.1975,1.2081,1.1971,1.2022,2635
2026.01.28,02:00,1.2021,1.2023,1.1986,1.1997,1521
2026.01.28,06:00,1.1996,1.2025,1.1974,1.199,1594
2026.01.28,10:00,1.1991,1.2004,1.1961,1.1967,2424
2026.01.28,14:00,1.1968,1.1982,1.1922,1.1943,3420
2026.01.28,18:00,1.1942,1.1952,1.1895,1.194,3035
2026.01.28,22:00,1.1939,1.198,1.1929,1.198,1107
2026.01.29,02:00,1.1978,1.1986,1.1952,1.1986,1416
2026.01.29,06:00,1.1985,1.1996,1.1966,1.1973,1253
2026.01.29,10:00,1.1974,1.1985,1.1937,1.1946,1854
2026.01.29,14:00,1.1947,1.1972,1.1905,1.1928,3919
2026.01.29,18:00,1.1929,1.1964,1.1926,1.1951,2779
2026.01.29,22:00,1.195,1.1974,1.1945,1.1967,726
2026.01.30,02:00,1.1966,1.1972,1.1894,1.1919,2955
2026.01.30,06:00,1.1918,1.1942,1.1913,1.1937,1903
2026.01.30,10:00,1.1938,1.195,1.1897,1.1948,2409
2026.01.30,14:00,1.1947,1.1954,1.1882,1.1894,3652
2026.01.30,18:00,1.1895,1.1897,1.1854,1.1868,3028
2026.01.30,22:00,1.1867,1.1868,1.1849,1.185,646
2026.02.01,22:00,1.185,1.1856,1.1839,1.1846,791
2026.02.02,02:00,1.1847,1.1874,1.1847,1.1863,2178
2026.02.02,06:00,1.1864,1.1872,1.184,1.1854,1867
2026.02.02,10:00,1.1853,1.187,1.1843,1.1863,1988
2026.02.02,14:00,1.1864,1.1869,1.1789,1.1791,2945
2026.02.02,18:00,1.1792,1.1812,1.1775,1.1788,1911
2026.02.02,22:00,1.1787,1.1798,1.1779,1.1798,630
2026.02.03,02:00,1.1797,1.1814,1.1797,1.1808,792
2026.02.03,06:00,1.1809,1.1824,1.1804,1.1814,979
2026.02.03,10:00,1.1815,1.1819,1.1782,1.1786,1687
2026.02.03,14:00,1.1787,1.1813,1.1779,1.1812,2008
2026.02.03,18:00,1.1813,1.1828,1.1805,1.1813,1849
2026.02.03,22:00,1.1812,1.1824,1.1809,1.1815,613
2026.02.04,02:00,1.1814,1.1831,1.1808,1.1826,880
2026.02.04,06:00,1.1825,1.1835,1.1823,1.183,702
2026.02.04,10:00,1.1829,1.1837,1.1804,1.1809,1558
2026.02.04,14:00,1.181,1.1826,1.1792,1.1795,2539
2026.02.04,18:00,1.1796,1.1814,1.179,1.1808,1835
2026.02.04,22:00,1.1809,1.1809,1.18,1.1801,414
2026.02.05,02:00,1.1802,1.1807,1.1782,1.1788,974
2026.02.05,06:00,1.1787,1.1803,1.1783,1.1797,751
2026.02.05,10:00,1.1798,1.1808,1.1779,1.1791,1200
2026.02.05,14:00,1.179,1.1821,1.1781,1.179,3507
2026.02.05,18:00,1.1791,1.1803,1.1784,1.1793,1310
2026.02.05,22:00,1.1792,1.1794,1.1774,1.1776,620
2026.02.06,02:00,1.1775,1.1791,1.1765,1.1787,873
2026.02.06,06:00,1.1788,1.1801,1.1786,1.179,649
2026.02.06,10:00,1.1791,1.1799,1.1785,1.1789,1002
2026.02.06,14:00,1.179,1.1825,1.1787,1.1818,1429
2026.02.06,18:00,1.1819,1.1822,1.1809,1.1818,826
2026.02.06,22:00,1.1819,1.1823,1.1812,1.1813,232
2026.02.08,22:00,1.1814,1.1827,1.1809,1.1826,374
2026.02.09,02:00,1.1825,1.1833,1.1815,1.1818,935
2026.02.09,06:00,1.1819,1.1859,1.1819,1.1855,987
2026.02.09,10:00,1.1854,1.1871,1.1851,1.1868,1273
2026.02.09,14:00,1.1869,1.1926,1.1869,1.1911,2111
2026.02.09,18:00,1.1912,1.1921,1.1892,1.1919,1070
2026.02.09,22:00,1.192,1.192,1.1901,1.1903,483
2026.02.10,02:00,1.1904,1.1916,1.1896,1.1911,629
2026.02.10,06:00,1.1912,1.1912,1.1899,1.1907,665
2026.02.10,10:00,1.1906,1.1919,1.1899,1.1904,990
2026.02.10,14:00,1.1903,1.1928,1.1888,1.1913,2373
2026.02.10,18:00,1.1914,1.1914,1.1886,1.1901,1055
2026.02.10,22:00,1.19,1.1902,1.1886,1.1887,435
2026.02.11,02:00,1.1886,1.1913,1.1885,1.191,731
2026.02.11,06:00,1.1911,1.1925,1.1906,1.1917,705
2026.02.11,10:00,1.1916,1.1926,1.1904,1.1907,972
2026.02.11,14:00,1.1908,1.1908,1.1832,1.1858,3925
2026.02.11,18:00,1.1857,1.1893,1.1852,1.1879,1402
2026.02.11,22:00,1.188,1.188,1.1868,1.1874,456
2026.02.12,02:00,1.1875,1.1884,1.1865,1.1869,838
2026.02.12,06:00,1.1868,1.1874,1.1852,1.1873,1035
2026.02.12,10:00,1.1874,1.1887,1.187,1.1884,1005
2026.02.12,14:00,1.1883,1.1888,1.1866,1.1885,1857
2026.02.12,18:00,1.1886,1.1889,1.1855,1.1869,2192
2026.02.12,22:00,1.1868,1.1872,1.1863,1.1868,415
2026.02.13,02:00,1.1869,1.1873,1.1862,1.1866,590
2026.02.13,06:00,1.1867,1.1867,1.1846,1.1858,784
2026.02.13,10:00,1.1859,1.1866,1.1852,1.1858,955
2026.02.13,14:00,1.1857,1.1884,1.1847,1.1847,2534
2026.02.13,18:00,1.1848,1.1882,1.1848,1.1866,1141
2026.02.15,22:00,1.1871,1.1872,1.1862,1.1866,162
2026.02.16,02:00,1.1865,1.1868,1.1858,1.1866,614
2026.02.16,06:00,1.1867,1.1869,1.186,1.1862,304
2026.02.16,10:00,1.1861,1.187,1.1857,1.186,756
2026.02.16,14:00,1.1861,1.1863,1.1848,1.1853,648
2026.02.16,18:00,1.1854,1.1856,1.1845,1.1853,260
2026.02.16,22:00,1.1854,1.1854,1.1846,1.185,167
2026.02.17,02:00,1.1849,1.1851,1.1837,1.1841,557
2026.02.17,06:00,1.184,1.1845,1.1828,1.1832,743
2026.02.17,10:00,1.1833,1.1849,1.1823,1.183,793
2026.02.17,14:00,1.1829,1.1835,1.1804,1.181,1682
2026.02.17,18:00,1.1811,1.1852,1.181,1.1847,1087
2026.02.17,22:00,1.1846,1.1856,1.1846,1.185,303
2026.02.18,02:00,1.1851,1.1853,1.184,1.184,438
2026.02.18,06:00,1.1841,1.1845,1.1832,1.1834,375
2026.02.18,10:00,1.1835,1.184,1.1828,1.1834,712
2026.02.18,14:00,1.1835,1.1848,1.1811,1.1822,1292
2026.02.18,18:00,1.1821,1.1825,1.1783,1.1786,1104
2026.02.18,22:00,1.1787,1.1789,1.1781,1.1788,329
2026.02.19,02:00,1.1787,1.1795,1.1784,1.179,433
2026.02.19,06:00,1.1791,1.1803,1.1784,1.18,580
2026.02.19,10:00,1.1799,1.1807,1.1776,1.1779,804
2026.02.19,14:00,1.1778,1.178,1.1741,1.1762,2263
2026.02.19,18:00,1.1761,1.1773,1.1755,1.1763,1173
2026.02.19,22:00,1.1762,1.1777,1.1762,1.1768,398
2026.02.20,02:00,1.1767,1.1771,1.1753,1.1756,642
2026.02.20,06:00,1.1757,1.1762,1.1749,1.175,601
2026.02.20,10:00,1.1751,1.1768,1.1742,1.1766,1198
2026.02.20,14:00,1.1765,1.1806,1.1754,1.1788,3027
2026.02.20,18:00,1.1787,1.1798,1.1765,1.178,1967
2026.02.20,22:00,1.1779,1.1791,1.1777,1.1784,268
2026.02.22,22:00,1.1795,1.1834,1.1792,1.1832,457
2026.02.23,02:00,1.1831,1.1834,1.1816,1.1823,1163
2026.02.23,06:00,1.1822,1.1833,1.1814,1.1822,599
2026.02.23,10:00,1.1823,1.1824,1.178,1.1784,1035
2026.02.23,14:00,1.1785,1.1809,1.1774,1.1793,1728
2026.02.23,18:00,1.1794,1.1808,1.1787,1.1791,1107
2026.02.23,22:00,1.179,1.1794,1.1783,1.1792,457
2026.02.24,02:00,1.1793,1.1795,1.1771,1.1774,865
2026.02.24,06:00,1.1775,1.1781,1.1767,1.1778,852
2026.02.24,10:00,1.1779,1.1792,1.1772,1.178,1112
2026.02.24,14:00,1.1779,1.1783,1.1765,1.1772,1567
2026.02.24,18:00,1.1771,1.1789,1.1771,1.1778,860
2026.02.24,22:00,1.1779,1.1782,1.1772,1.1773,323
2026.02.25,02:00,1.1774,1.1793,1.1772,1.1789,820
2026.02.25,06:00,1.1788,1.1807,1.1787,1.1796,660
2026.02.25,10:00,1.1797,1.1799,1.177,1.1774,899
2026.02.25,14:00,1.1773,1.1802,1.1772,1.18,1504
2026.02.25,18:00,1.1801,1.1813,1.1798,1.1805,988
2026.02.25,22:00,1.1806,1.1815,1.1803,1.1814,432
2026.02.26,02:00,1.1813,1.1828,1.1811,1.1816,656
2026.02.26,06:00,1.1817,1.1822,1.1808,1.1815,708
2026.02.26,10:00,1.1814,1.1814,1.1792,1.18,867
2026.02.26,14:00,1.1801,1.1816,1.178,1.1798,1515
2026.02.26,18:00,1.1797,1.1798,1.1773,1.1796,1108
2026.02.26,22:00,1.1797,1.1803,1.1795,1.1802,364
2026.02.27,02:00,1.1803,1.1805,1.1788,1.1803,769
2026.02.27,06:00,1.1802,1.1818,1.1796,1.1814,654
2026.02.27,10:00,1.1815,1.1821,1.1792,1.18,988
2026.02.27,14:00,1.1799,1.1816,1.179,1.1806,1897
2026.02.27,18:00,1.1805,1.1826,1.1805,1.1818,989
2026.02.27,22:00,1.1819,1.1825,1.181,1.1811,275
2026.03.01,22:00,1.1768,1.1787,1.1756,1.1758,884
2026.03.02,02:00,1.1759,1.1795,1.1755,1.1788,1413
2026.03.02,06:00,1.1789,1.1789,1.1703,1.1715,1749
2026.03.02,10:00,1.1716,1.1746,1.1697,1.1732,2115
2026.03.02,14:00,1.1731,1.1733,1.1679,1.1679,2901
2026.03.02,18:00,1.168,1.1712,1.1671,1.1711,1675
2026.03.02,22:00,1.171,1.1712,1.1678,1.1694,1029
2026.03.03,02:00,1.1693,1.1706,1.1685,1.169,1185
2026.03.03,06:00,1.1689,1.1693,1.1642,1.1643,1536
2026.03.03,10:00,1.1644,1.1645,1.1581,1.1596,3241
2026.03.03,14:00,1.1595,1.1615,1.1529,1.1573,4214
2026.03.03,18:00,1.1572,1.1625,1.1568,1.1612,3903
2026.03.03,22:00,1.1613,1.1624,1.1608,1.161,1036
2026.03.04,02:00,1.1609,1.161,1.1574,1.1608,2004
2026.03.04,06:00,1.1609,1.1627,1.1586,1.1615,1574
2026.03.04,10:00,1.1616,1.1654,1.1591,1.1635,2793
2026.03.04,14:00,1.1634,1.1651,1.1616,1.1639,2876
2026.03.04,18:00,1.164,1.1645,1.1623,1.1639,1352
2026.03.04,22:00,1.164,1.1643,1.1628,1.1634,450
2026.03.05,02:00,1.1633,1.1646,1.1609,1.1612,1256
2026.03.05,06:00,1.1611,1.1615,1.1587,1.1604,1549
2026.03.05,10:00,1.1603,1.1644,1.1581,1.1611,2926
2026.03.05,14:00,1.161,1.1624,1.1568,1.1582,2969
2026.03.05,18:00,1.1581,1.1591,1.1558,1.1572,2894
2026.03.05,22:00,1.1571,1.161,1.1569,1.1606,1209
2026.03.06,02:00,1.1605,1.162,1.1604,1.1619,1148
2026.03.06,06:00,1.1618,1.162,1.1601,1.1613,1046
2026.03.06,10:00,1.1612,1.1614,1.156,1.1563,2278
2026.03.06,14:00,1.1562,1.1592,1.1545,1.1578,4716
2026.03.06,18:00,1.1579,1.162,1.1578,1.1601,3188
2026.03.06,22:00,1.1602,1.1617,1.1595,1.1612,721
2026.03.08,22:00,1.1542,1.155,1.152,1.1523,1353
2026.03.09,02:00,1.1524,1.1531,1.1506,1.1516,2434
2026.03.09,06:00,1.1517,1.1571,1.1515,1.1563,3167
2026.03.09,10:00,1.1564,1.1572,1.1514,1.1561,3831
2026.03.09,14:00,1.156,1.1593,1.1547,1.1591,4171
2026.03.09,18:00,1.1592,1.1633,1.1574,1.1608,3041
2026.03.09,22:00,1.1609,1.1645,1.1608,1.1615,1205
2026.03.10,02:00,1.1616,1.1635,1.1607,1.1609,1931
2026.03.10,06:00,1.1608,1.1663,1.1606,1.1659,1460
2026.03.10,10:00,1.1658,1.1661,1.1619,1.1638,2587
2026.03.10,14:00,1.1637,1.1654,1.1621,1.1647,2972
2026.03.10,18:00,1.1646,1.1666,1.1606,1.1614,3486
2026.03.10,22:00,1.1613,1.1614,1.1602,1.1611,557
2026.03.11,02:00,1.1612,1.1631,1.1605,1.163,1316
2026.03.11,06:00,1.1629,1.1644,1.1613,1.1616,1108
2026.03.11,10:00,1.1615,1.1621,1.1589,1.1594,2252
2026.03.11,14:00,1.1593,1.1612,1.1565,1.1565,3582
2026.03.11,18:00,1.1566,1.1576,1.156,1.1572,1624
2026.03.11,22:00,1.1573,1.1573,1.1539,1.1542,600
2026.03.12,02:00,1.1541,1.1555,1.1531,1.1537,957
2026.03.12,06:00,1.1538,1.1552,1.1531,1.1551,980
2026.03.12,10:00,1.155,1.1565,1.1542,1.1556,1349
2026.03.12,14:00,1.1555,1.1556,1.151,1.1521,3083
2026.03.12,18:00,1.1522,1.1531,1.151,1.1514,1799
2026.03.12,22:00,1.1513,1.1522,1.1509,1.152,539
2026.03.13,02:00,1.1519,1.1529,1.1504,1.1508,806
2026.03.13,06:00,1.1507,1.1508,1.1453,1.1457,1085
2026.03.13,10:00,1.1458,1.1471,1.1432,1.1467,2342
2026.03.13,14:00,1.1468,1.1489,1.1434,1.1442,3224
2026.03.13,18:00,1.1441,1.145,1.1419,1.1421,1760
2026.03.13,22:00,1.142,1.1422,1.141,1.1413,160
2026.03.15,22:00,1.143,1.1435,1.1418,1.1435,689
2026.03.16,02:00,1.1434,1.1456,1.1434,1.145,1091
2026.03.16,06:00,1.1449,1.1451,1.1413,1.1426,901
2026.03.16,10:00,1.1425,1.1486,1.1425,1.1478,1938
2026.03.16,14:00,1.1479,1.1501,1.1471,1.1486,2066
2026.03.16,18:00,1.1485,1.1524,1.1477,1.1507,1807
2026.03.16,22:00,1.1508,1.151,1.1494,1.1497,440
2026.03.17,02:00,1.1496,1.1502,1.1486,1.1491,669
2026.03.17,06:00,1.1492,1.1499,1.1465,1.1494,859
2026.03.17,10:00,1.1493,1.1524,1.1487,1.1506,1749
2026.03.17,14:00,1.1505,1.1543,1.1504,1.1524,2255
2026.03.17,18:00,1.1523,1.1546,1.1517,1.1535,1206
2026.03.17,22:00,1.1534,1.1544,1.1534,1.1538,441
2026.03.18,02:00,1.1537,1.1543,1.1531,1.1535,602
2026.03.18,06:00,1.1536,1.1548,1.1523,1.1525,568
2026.03.18,10:00,1.1526,1.1554,1.1517,1.1546,1216
2026.03.18,14:00,1.1545,1.1547,1.149,1.1512,3415
2026.03.18,18:00,1.1513,1.1524,1.1468,1.1469,2586
2026.03.18,22:00,1.1468,1.1472,1.1449,1.1462,922
2026.03.19,02:00,1.1461,1.149,1.1461,1.1473,1238
2026.03.19,06:00,1.1474,1.1476,1.145,1.1452,1446
2026.03.19,10:00,1.1451,1.1487,1.1442,1.1479,3034
2026.03.19,14:00,1.148,1.1538,1.1462,1.1513,5496
2026.03.19,18:00,1.1512,1.1615,1.1511,1.1584,4005
2026.03.19,22:00,1.1583,1.1593,1.1574,1.1576,668
2026.03.20,02:00,1.1575,1.1579,1.1555,1.1556,747
2026.03.20,06:00,1.1557,1.1574,1.1552,1.1573,787
2026.03.20,10:00,1.1572,1.158,1.1534,1.1571,2045
2026.03.20,14:00,1.1572,1.1579,1.1524,1.1541,3489
2026.03.20,18:00,1.154,1.1571,1.154,1.1557,2809
2026.03.20,22:00,1.1558,1.157,1.1556,1.157,195
2026.03.22,22:00,1.1548,1.1564,1.1545,1.1561,639
2026.03.23,02:00,1.1562,1.1563,1.1538,1.1546,1686
2026.03.23,06:00,1.1547,1.1552,1.152,1.1526,1577
2026.03.23,10:00,1.1527,1.1618,1.1484,1.1555,5787
2026.03.23,14:00,1.1556,1.1639,1.1545,1.1585,7467
2026.03.23,18:00,1.1584,1.1636,1.1576,1.1612,3490
2026.03.23,22:00,1.1611,1.1617,1.1605,1.1607,647
2026.03.24,02:00,1.1608,1.1608,1.1578,1.1582,1916
2026.03.24,06:00,1.1581,1.1617,1.1575,1.1607,1759
2026.03.24,10:00,1.1608,1.1608,1.1578,1.1589,2622
2026.03.24,14:00,1.159,1.1606,1.1566,1.1577,4134
2026.03.24,18:00,1.1576,1.1592,1.1556,1.1584,2885
2026.03.24,22:00,1.1585,1.1627,1.1582,1.1613,1801
2026.03.25,02:00,1.1614,1.163,1.16,1.1603,1286
2026.03.25,06:00,1.1602,1.1604,1.1586,1.1597,1034
2026.03.25,10:00,1.1596,1.1616,1.159,1.1606,2181
2026.03.25,14:00,1.1607,1.1613,1.1562,1.1569,3168
2026.03.25,18:00,1.157,1.1583,1.1554,1.1562,1923
2026.03.25,22:00,1.1563,1.1563,1.1555,1.1561,381
2026.03.26,02:00,1.156,1.1568,1.1553,1.1567,819
2026.03.26,06:00,1.1568,1.1571,1.155,1.1553,970
2026.03.26,10:00,1.1552,1.1564,1.1522,1.1523,1410
2026.03.26,14:00,1.1524,1.1554,1.1521,1.154,2752
2026.03.26,18:00,1.1541,1.1542,1.1521,1.1521,1405
2026.03.26,22:00,1.152,1.1558,1.1519,1.1533,1044
2026.03.27,02:00,1.1534,1.1542,1.1523,1.1538,858
2026.03.27,06:00,1.1539,1.1545,1.1516,1.1517,765
2026.03.27,10:00,1.1516,1.1525,1.1504,1.1506,1472
2026.03.27,14:00,1.1507,1.1547,1.1501,1.1518,2303
2026.03.27,18:00,1.1519,1.1528,1.1505,1.1516,1575
2026.03.27,22:00,1.1515,1.152,1.1508,1.1511,225
2026.03.29,23:00,1.1502,1.1502,1.1487,1.1492,598
2026.03.30,03:00,1.1491,1.1518,1.1489,1.1515,1109
2026.03.30,07:00,1.1516,1.152,1.1493,1.1497,988
2026.03.30,11:00,1.1496,1.1499,1.1483,1.1484,1327
2026.03.30,15:00,1.1483,1.1488,1.1442,1.1452,2145
2026.03.30,19:00,1.1453,1.1465,1.1447,1.1459,1094
2026.03.30,23:00,1.1458,1.1466,1.1451,1.1456,347
2026.03.31,03:00,1.1455,1.149,1.1446,1.1469,1418
2026.03.31,07:00,1.147,1.1473,1.146,1.1472,892
2026.03.31,11:00,1.1473,1.149,1.1457,1.149,1429
2026.03.31,15:00,1.1491,1.154,1.1486,1.1516,3335
2026.03.31,19:00,1.1515,1.1559,1.1513,1.1558,3288
2026.03.31,23:00,1.1559,1.1574,1.155,1.1573,541
2026.04.01,03:00,1.1572,1.1578,1.1554,1.156,1086
2026.04.01,07:00,1.1559,1.1598,1.1559,1.1581,1799
2026.04.01,11:00,1.158,1.161,1.1577,1.1607,1998
2026.04.01,15:00,1.1608,1.1626,1.1593,1.1612,3286
2026.04.01,19:00,1.1613,1.1623,1.1575,1.1583,1496
2026.04.01,23:00,1.1584,1.1594,1.1583,1.1588,470
2026.04.02,03:00,1.1589,1.1605,1.1537,1.1539,2482
2026.04.02,07:00,1.154,1.1541,1.1514,1.1532,1465
2026.04.02,11:00,1.1533,1.1535,1.1508,1.1517,1317
2026.04.02,15:00,1.1518,1.1563,1.1516,1.1544,3295
2026.04.02,19:00,1.1545,1.1548,1.1532,1.1534,1273
2026.04.02,23:00,1.1533,1.1542,1.1531,1.1541,257
2026.04.03,03:00,1.1542,1.1544,1.1531,1.1535,268
2026.04.03,07:00,1.1534,1.1545,1.1528,1.1541,208
2026.04.03,11:00,1.1542,1.1548,1.1539,1.1544,223
2026.04.03,15:00,1.1543,1.1545,1.1517,1.1521,910
2026.04.03,19:00,1.152,1.1521,1.1513,1.1514,480
2026.04.03,23:00,1.1513,1.1531,1.1513,1.1515,292
2026.04.05,23:00,1.1522,1.1523,1.1504,1.1509,769
2026.04.06,03:00,1.1508,1.1528,1.1506,1.1518,925
2026.04.06,07:00,1.1519,1.1568,1.1518,1.1564,973
2026.04.06,11:00,1.1565,1.1568,1.1538,1.1545,1189
2026.04.06,15:00,1.1544,1.1571,1.1535,1.1543,1698
2026.04.06,19:00,1.1544,1.1552,1.1533,1.1542,1060
2026.04.06,23:00,1.1543,1.1547,1.1538,1.1539,408
2026.04.07,03:00,1.154,1.1543,1.1523,1.1534,873
2026.04.07,07:00,1.1533,1.1545,1.1529,1.1541,999
2026.04.07,11:00,1.1542,1.1575,1.1541,1.156,2390
2026.04.07,15:00,1.1559,1.1582,1.1553,1.157,2238
2026.04.07,19:00,1.1571,1.1601,1.1566,1.1594,2012
2026.04.07,23:00,1.1593,1.1689,1.1588,1.1686,3088
2026.04.08,03:00,1.1687,1.1696,1.1665,1.167,2741
2026.04.08,07:00,1.1671,1.1708,1.167,1.1694,1923
2026.04.08,11:00,1.1695,1.1709,1.1668,1.17,1873
2026.04.08,15:00,1.1701,1.1721,1.1683,1.1685,3001
2026.04.08,19:00,1.1684,1.1688,1.1643,1.1668,1859
2026.04.08,23:00,1.1667,1.1668,1.1657,1.1658,456
2026.04.09,03:00,1.1657,1.1667,1.165,1.1662,864
2026.04.09,07:00,1.1661,1.167,1.1653,1.1662,854
2026.04.09,11:00,1.1661,1.1689,1.1659,1.1688,874
2026.04.09,15:00,1.1687,1.1706,1.1673,1.1705,2053
2026.04.09,19:00,1.1704,1.1722,1.1697,1.17,1439
2026.04.09,23:00,1.1699,1.1702,1.1689,1.1691,421
2026.04.10,03:00,1.169,1.1696,1.1685,1.1695,515
2026.04.10,07:00,1.1696,1.1696,1.1678,1.1679,651
2026.04.10,11:00,1.1678,1.1718,1.1676,1.1714,1224
2026.04.10,15:00,1.1713,1.1738,1.1709,1.1721,2083
2026.04.10,19:00,1.172,1.1735,1.1713,1.1726,1014
2026.04.10,23:00,1.1727,1.173,1.1726,1.1729,143
2026.04.12,23:00,1.1666,1.168,1.1663,1.1674,798
2026.04.13,03:00,1.1675,1.1689,1.167,1.1687,669
2026.04.13,07:00,1.1686,1.1699,1.1677,1.1696,800
2026.04.13,11:00,1.1695,1.1699,1.168,1.1681,889
2026.04.13,15:00,1.168,1.1719,1.168,1.1709,1781
2026.04.13,19:00,1.171,1.1764,1.1706,1.176,1641
2026.04.13,23:00,1.1761,1.1766,1.1754,1.1766,383
2026.04.14,03:00,1.1765,1.1767,1.1755,1.1766,566
2026.04.14,07:00,1.1765,1.1796,1.1757,1.1779,878
2026.04.14,11:00,1.1778,1.1805,1.1774,1.1799,1102
2026.04.14,15:00,1.1798,1.181,1.1787,1.1789,2001
2026.04.14,19:00,1.179,1.1799,1.1787,1.1791,758
2026.04.14,23:00,1.179,1.1801,1.1789,1.1797,452
2026.04.15,03:00,1.1798,1.1798,1.1778,1.1786,721
2026.04.15,07:00,1.1785,1.1798,1.1782,1.1785,1043
2026.04.15,11:00,1.1786,1.1794,1.1771,1.1782,1541
2026.04.15,15:00,1.1783,1.1807,1.1776,1.1797,1648
2026.04.15,19:00,1.1798,1.1804,1.1792,1.1799,825
2026.04.15,23:00,1.1798,1.1807,1.1794,1.1806,337
2026.04.16,03:00,1.1807,1.1823,1.1796,1.1812,710
2026.04.16,07:00,1.1811,1.1812,1.179,1.1791,1059
2026.04.16,11:00,1.1792,1.1793,1.1772,1.1783,1042
2026.04.16,15:00,1.1784,1.1784,1.1766,1.1781,1575
2026.04.16,19:00,1.1782,1.1786,1.1767,1.178,1079
2026.04.16,23:00,1.1781,1.1786,1.1778,1.178,260
2026.04.17,03:00,1.1779,1.1784,1.1772,1.1782,402
2026.04.17,07:00,1.1783,1.1784,1.1771,1.1782,686
2026.04.17,11:00,1.1783,1.1798,1.178,1.1793,769
2026.04.17,15:00,1.1794,1.1848,1.1792,1.18,3606
2026.04.17,19:00,1.1799,1.1804,1.1766,1.1768,1514
2026.04.19,23:00,1.1739,1.1745,1.1728,1.1738,674
2026.04.20,03:00,1.1737,1.1762,1.1736,1.1759,785
2026.04.20,07:00,1.1758,1.1771,1.1746,1.1758,980
2026.04.20,11:00,1.1759,1.1775,1.1754,1.1766,1164
2026.04.20,15:00,1.1765,1.1789,1.1755,1.1783,1884
2026.04.20,19:00,1.1784,1.1789,1.1778,1.1785,753
2026.04.20,23:00,1.1784,1.179,1.1782,1.1783,423
2026.04.21,03:00,1.1784,1.1785,1.1772,1.1775,450
2026.04.21,07:00,1.1776,1.1781,1.1763,1.1763,752
2026.04.21,11:00,1.1764,1.1767,1.1755,1.1766,1017
2026.04.21,15:00,1.1767,1.1775,1.174,1.1751,1760
2026.04.21,19:00,1.1752,1.1763,1.1718,1.1725,2331
2026.04.21,23:00,1.1724,1.1752,1.1723,1.1743,852
2026.04.22,03:00,1.1744,1.175,1.1737,1.1738,619
2026.04.22,07:00,1.1739,1.1762,1.1737,1.1754,1003
2026.04.22,11:00,1.1755,1.1758,1.1731,1.1734,1004
2026.04.22,15:00,1.1733,1.1742,1.1711,1.1712,1825
2026.04.22,19:00,1.1713,1.1716,1.1704,1.1705,915
2026.04.22,23:00,1.1704,1.1708,1.1702,1.1705,254
2026.04.23,03:00,1.1704,1.1713,1.1691,1.1695,1291
2026.04.23,07:00,1.1694,1.1711,1.1694,1.1702,741
2026.04.23,11:00,1.1703,1.1704,1.1678,1.169,1142
2026.04.23,15:00,1.1689,1.1716,1.1683,1.1703,1850
2026.04.23,19:00,1.1702,1.1705,1.1668,1.1686,2124
2026.04.23,23:00,1.1685,1.1689,1.1679,1.1683,373
2026.04.24,03:00,1.1682,1.1688,1.1672,1.1677,622
2026.04.24,07:00,1.1676,1.1693,1.1675,1.169,667
2026.04.24,11:00,1.1689,1.1718,1.1683,1.1713,1375
2026.04.24,15:00,1.1714,1.1719,1.1698,1.1717,2038
2026.04.24,19:00,1.1718,1.172,1.171,1.1718,1007
2026.04.24,23:00,1.1717,1.1722,1.1716,1.1721,83
2026.04.26,23:00,1.17,1.1712,1.1699,1.1705,275
2026.04.27,03:00,1.1706,1.1732,1.1705,1.1729,643
2026.04.27,07:00,1.1728,1.1744,1.1716,1.1743,779
2026.04.27,11:00,1.1742,1.175,1.1737,1.174,835
2026.04.27,15:00,1.1741,1.1754,1.1728,1.173,1310
2026.04.27,19:00,1.1729,1.1733,1.1718,1.172,609
2026.04.27,23:00,1.1721,1.1722,1.1718,1.1722,240
2026.04.28,03:00,1.1723,1.1726,1.1707,1.1712,451
2026.04.28,07:00,1.1713,1.1715,1.1685,1.1696,787
2026.04.28,11:00,1.1698,1.1707,1.1681,1.1682,1131
2026.04.28,15:00,1.1683,1.1715,1.1677,1.1713,1742
2026.04.28,19:00,1.1712,1.1717,1.1705,1.1709,625
2026.04.28,23:00,1.171,1.1717,1.1709,1.1717,210
2026.04.29,03:00,1.1718,1.172,1.1704,1.1705,456
2026.04.29,07:00,1.1706,1.1707,1.1696,1.1705,530
2026.04.29,11:00,1.1702,1.1709,1.1693,1.17,791
2026.04.29,15:00,1.1699,1.1707,1.1681,1.1694,1826
2026.04.29,19:00,1.1693,1.1698,1.166,1.1675,1793
2026.04.29,23:00,1.1674,1.1686,1.167,1.1684,826
2026.04.30,03:00,1.1685,1.1688,1.1662,1.1665,921
2026.04.30,07:00,1.1664,1.1683,1.1654,1.1679,1040
2026.04.30,11:00,1.168,1.1719,1.1672,1.1704,2602
2026.04.30,15:00,1.1705,1.1735,1.1681,1.1727,3042
2026.04.30,19:00,1.1728,1.1741,1.1721,1.1733,1073
2026.04.30,23:00,1.1732,1.1736,1.1727,1.1728,490
2026.05.01,03:00,1.1729,1.1736,1.1723,1.173,534
2026.05.01,07:00,1.1729,1.1744,1.1718,1.1734,1123
2026.05.01,11:00,1.1733,1.1757,1.173,1.1751,1068
2026.05.01,15:00,1.175,1.1784,1.1743,1.1754,2113
2026.05.01,19:00,1.1753,1.1756,1.1717,1.1719,1064
